<?xml version="1.0" encoding="UTF-8" standalone="yes" ?>
<quizz fournisseur="OpenQuizzDB : Fournisseur de contenu libre"
       url="http://www.openquizzdb.org"
       rédacteur="Nicolas Humbert"
       thème="L'appel du large"
       difficulté="4">
  <débutant>
    <contenu id="1">
      <question>Le passage du Gois est une chaussée submersible qui relie quelle île française au continent ?</question>
      <propositions>
        <proposition id="1-1">Yeu</proposition>
        <proposition id="1-2">Ré</proposition>
        <proposition id="1-3">Noirmoutier</proposition>
        <proposition id="1-4">Oléron</proposition>
      </propositions>
      <réponse proposition="1-3">Noirmoutier</réponse>
      <anecdote>Le passage n'est praticable en voiture ou à pied qu'à marée basse car il est recouvert à marée haute.</anecdote>
    </contenu>
    <contenu id="2">
      <question>Située en mer Ionienne, de quel pays l'île de Corfou dépend-elle ?</question>
      <propositions>
        <proposition id="2-1">Albanie</proposition>
        <proposition id="2-2">Grèce</proposition>
        <proposition id="2-3">Croatie</proposition>
        <proposition id="2-4">Italie</proposition>
      </propositions>
      <réponse proposition="2-2">Grèce</réponse>
      <anecdote>L'île est connue dans l'histoire de la Grèce antique en tant que cité grecque sous le nom de Corcyre.</anecdote>
    </contenu>
    <contenu id="3">
      <question>Quelle île rattachée en 1913 à la Grèce est le berceau de la civilisation minoenne ?</question>
      <propositions>
        <proposition id="3-1">Crète</proposition>
        <proposition id="3-2">Délos</proposition>
        <proposition id="3-3">Rhodes</proposition>
        <proposition id="3-4">Eubée</proposition>
      </propositions>
      <réponse proposition="3-1">Crète</réponse>
      <anecdote>Associé à la légende du palais du roi Minos, Cnossos est le cur et le site archéologique le plus important de la Crète.</anecdote>
    </contenu>
    <contenu id="4">
      <question>Dans quel océan se trouve l'île de Mayotte dans l'archipel des Comores ?</question>
      <propositions>
        <proposition id="4-1">Océan pacifique</proposition>
        <proposition id="4-2">Océan atlantique</proposition>
        <proposition id="4-3">Océan indien</proposition>
        <proposition id="4-4">Océan arctique</proposition>
      </propositions>
      <réponse proposition="4-3">Océan indien</réponse>
      <anecdote>Mayotte est constituée de deux îles principales, Grande-Terre et Petite-Terre, et de plusieurs autres petites îles.</anecdote>
    </contenu>
    <contenu id="5">
      <question>De quel pays dépendent les îles Galapagos situées dans l'Est de l'océan Pacifique ?</question>
      <propositions>
        <proposition id="5-1">Équateur</proposition>
        <proposition id="5-2">Vénézuéla</proposition>
        <proposition id="5-3">Pérou</proposition>
        <proposition id="5-4">Colombie</proposition>
      </propositions>
      <réponse proposition="5-1">Équateur</réponse>
      <anecdote>De manière non officielle, elles sont aussi nommées « les Enchantées », en espagnol « Las Enchantas ».</anecdote>
    </contenu>
    <contenu id="6">
      <question>Quel était l'ancien nom du Sri Lanka, État insulaire du sous-continent indien ?</question>
      <propositions>
        <proposition id="6-1">Cipango</proposition>
        <proposition id="6-2">Ceylan</proposition>
        <proposition id="6-3">Formose</proposition>
        <proposition id="6-4">Batavia</proposition>
      </propositions>
      <réponse proposition="6-2">Ceylan</réponse>
      <anecdote>Le Sri Lanka possède deux langues officielles reconnues par la constitution du pays à parts égales, le cingalais et le tamoul.</anecdote>
    </contenu>
    <contenu id="7">
      <question>Où sont inhumés le peintre postimpressionniste Paul Gauguin ainsi que Jacques Brel ?</question>
      <propositions>
        <proposition id="7-1">Aux îles Australes</proposition>
        <proposition id="7-2">Aux îles Marquises</proposition>
        <proposition id="7-3">Aux îles Tuamotu</proposition>
        <proposition id="7-4">Aux îles Gambier</proposition>
      </propositions>
      <réponse proposition="7-2">Aux îles Marquises</réponse>
      <anecdote>'Nafea faa ipoipo', vendu 7 francs à la mort de Gauguin, a été achetée 265 millions d'euros en 2015.</anecdote>
    </contenu>
    <contenu id="8">
      <question>À quel pays est rattachée la Tasmanie et ses mille petites îles ?</question>
      <propositions>
        <proposition id="8-1">Nouvelle-Zélande</proposition>
        <proposition id="8-2">Australie</proposition>
        <proposition id="8-3">France</proposition>
        <proposition id="8-4">Royaume-Uni</proposition>
      </propositions>
      <réponse proposition="8-2">Australie</réponse>
      <anecdote>La Tasmanie fut baptisée « Île de l'Inspiration » en référence à son environnement naturel riche et préservé.</anecdote>
    </contenu>
    <contenu id="9">
      <question>Les îles Aléoutiennes sont divisées entre les États-Unis et quel autre pays ?</question>
      <propositions>
        <proposition id="9-1">Le Canada</proposition>
        <proposition id="9-2">Le Brésil</proposition>
        <proposition id="9-3">La Russie</proposition>
        <proposition id="9-4">Le Japon</proposition>
      </propositions>
      <réponse proposition="9-3">La Russie</réponse>
      <anecdote>Les îles Aléoutiennes se prolongent vers l'ouest par les îles Komandorski (îles du Commandeur), situées en Russie.</anecdote>
    </contenu>
    <contenu id="10">
      <question>Sur quelle île se sont réfugiés les mutins du Bounty, trois-mâts de la Royal Navy ?</question>
      <propositions>
        <proposition id="10-1">Pitcairn</proposition>
        <proposition id="10-2">Moorea</proposition>
        <proposition id="10-3">Nauru</proposition>
        <proposition id="10-4">Cook</proposition>
      </propositions>
      <réponse proposition="10-1">Pitcairn</réponse>
      <anecdote>Le récit de la mutinerie du Bounty a fait l'objet de nombreuses uvres de fiction.</anecdote>
    </contenu>
  </débutant>
  <confirmé>
    <contenu id="11">
      <question>Sur laquelle de ces îles méditerranéennes trouve-t-on un drapeau à tête de maure ?</question>
      <propositions>
        <proposition id="11-1">Ibiza</proposition>
        <proposition id="11-2">Crète</proposition>
        <proposition id="11-3">Sardaigne</proposition>
        <proposition id="11-4">Sicile</proposition>
      </propositions>
      <réponse proposition="11-3">Sardaigne</réponse>
      <anecdote>La Sardaigne, séparée de la Corse par les bouches de Bonifacio, est située au milieu de la mer Méditerranée occidentale.</anecdote>
    </contenu>
    <contenu id="12">
      <question>Lequel de ces grands personnages de la musique classique séjourna à Majorque ?</question>
      <propositions>
        <proposition id="12-1">Franz Liszt</proposition>
        <proposition id="12-2">Frédéric Chopin</proposition>
        <proposition id="12-3">Gustav Mahler</proposition>
        <proposition id="12-4">Hector Berlioz</proposition>
      </propositions>
      <réponse proposition="12-2">Frédéric Chopin</réponse>
      <anecdote>En 1838, Chopin séjourna à Majorque avec les deux enfants de George Sand, Solange et Maurice.</anecdote>
    </contenu>
    <contenu id="13">
      <question>Portoferraio est la principale agglomération de quelle île italienne ?</question>
      <propositions>
        <proposition id="13-1">Ischia</proposition>
        <proposition id="13-2">Capri</proposition>
        <proposition id="13-3">Lipari</proposition>
        <proposition id="13-4">Elbe</proposition>
      </propositions>
      <réponse proposition="13-4">Elbe</réponse>
      <anecdote>Portoferraio se trouve sur la côte nord de l'île sur les rives occidentales de la baie homonyme.</anecdote>
    </contenu>
    <contenu id="14">
      <question>Sur quel lac peut-on voir les îles Borromées, au nombre de cinq ?</question>
      <propositions>
        <proposition id="14-1">Lac de Côme</proposition>
        <proposition id="14-2">Lac dIséo</proposition>
        <proposition id="14-3">Lac de Garde</proposition>
        <proposition id="14-4">Lac Majeur</proposition>
      </propositions>
      <réponse proposition="14-4">Lac Majeur</réponse>
      <anecdote>La région bénéficie d'un climat qui apporte une douceur très appréciée dès le début du printemps.</anecdote>
    </contenu>
    <contenu id="15">
      <question>De quel archipel fait partie l'Île Maurice aux origines volcaniques ?</question>
      <propositions>
        <proposition id="15-1">Mascareignes</proposition>
        <proposition id="15-2">Seychelles</proposition>
        <proposition id="15-3">Comores</proposition>
        <proposition id="15-4">Maldives</proposition>
      </propositions>
      <réponse proposition="15-1">Mascareignes</réponse>
      <anecdote>La musique et la danse mauricienne principale est le séga et le séga ravanne (séga typique de l'ancien temps).</anecdote>
    </contenu>
    <contenu id="16">
      <question>Dans quel pays se trouve l'île de Komodo, entre Sumbawa et Florès ?</question>
      <propositions>
        <proposition id="16-1">Japon</proposition>
        <proposition id="16-2">Malaisie</proposition>
        <proposition id="16-3">Philippines</proposition>
        <proposition id="16-4">Indonésie</proposition>
      </propositions>
      <réponse proposition="16-4">Indonésie</réponse>
      <anecdote>L'île n'est pas connue uniquement pour son héritage de condamnés mais aussi pour la faune unique qui y habite.</anecdote>
    </contenu>
    <contenu id="17">
      <question>De quel pays dépend l'archipel de Zanzibar formé de trois îles principales ?</question>
      <propositions>
        <proposition id="17-1">Tanzanie</proposition>
        <proposition id="17-2">Afrique du Sud</proposition>
        <proposition id="17-3">Somalie</proposition>
        <proposition id="17-4">Kenya</proposition>
      </propositions>
      <réponse proposition="17-1">Tanzanie</réponse>
      <anecdote>Le nom de « Zanzibar » a été donné au Moyen Âge par les navigateurs, signifiant « la terre des noirs ».</anecdote>
    </contenu>
    <contenu id="18">
      <question>Le Puncak Jaya ou pyramide Carstensz est le point culminant de quelle île ?</question>
      <propositions>
        <proposition id="18-1">Bornéo</proposition>
        <proposition id="18-2">Sumatra</proposition>
        <proposition id="18-3">Nouvelle-Guinée</proposition>
        <proposition id="18-4">Tasmanie</proposition>
      </propositions>
      <réponse proposition="18-3">Nouvelle-Guinée</réponse>
      <anecdote>Ses 4 884 mètres d'altitude font de cette montagne le point culminant de l'Indonésie et de l'Océanie.</anecdote>
    </contenu>
    <contenu id="19">
      <question>Quel était l'ancien nom de Jakarta, capitale de l'Indonésie à l'extrémité nord-ouest de Java ?</question>
      <propositions>
        <proposition id="19-1">Laitue</proposition>
        <proposition id="19-2">Chicorée</proposition>
        <proposition id="19-3">Endive</proposition>
        <proposition id="19-4">Batavia</proposition>
      </propositions>
      <réponse proposition="19-4">Batavia</réponse>
      <anecdote>Les Néerlandais la rebaptisent Batavia en1619 et en font la capitale de facto des Indes orientales néerlandaises.</anecdote>
    </contenu>
    <contenu id="20">
      <question>Avec quel pays la France partage-t-elle l'île de Saint-Martin au nord des Antilles ?</question>
      <propositions>
        <proposition id="20-1">Danemark</proposition>
        <proposition id="20-2">Royaume-Uni</proposition>
        <proposition id="20-3">États-Unis</proposition>
        <proposition id="20-4">Pays-Bas</proposition>
      </propositions>
      <réponse proposition="20-4">Pays-Bas</réponse>
      <anecdote>L'anglais, langue co-officielle avec le français et le néerlandais, est la principale langue utilisée sur l'île.</anecdote>
    </contenu>
  </confirmé>
  <expert>
    <contenu id="21">
      <question>Dans quelle mer se situe l'île de Hainan et la base de lancement de Wenchang ?</question>
      <propositions>
        <proposition id="21-1">Mer de Chine</proposition>
        <proposition id="21-2">Mer Jaune</proposition>
        <proposition id="21-3">Mer du Japon</proposition>
        <proposition id="21-4">Mer Noire</proposition>
      </propositions>
      <réponse proposition="21-1">Mer de Chine</réponse>
      <anecdote>Bénéficiant d'un climat agréable et d'attractions naturelles de qualité, Hainan est très prisée par les chinois.</anecdote>
    </contenu>
    <contenu id="22">
      <question>En hawaïen, que signifie « Honolulu », capitale de l'État d'Hawaï ?</question>
      <propositions>
        <proposition id="22-1">Baie abritée</proposition>
        <proposition id="22-2">Grand port</proposition>
        <proposition id="22-3">Soleil cruel</proposition>
        <proposition id="22-4">Deux mers</proposition>
      </propositions>
      <réponse proposition="22-1">Baie abritée</réponse>
      <anecdote>Honolulu est connue pour son quartier touristique sur la plage de Waikiki et pour le cratère volcanique Diamond Head.</anecdote>
    </contenu>
    <contenu id="23">
      <question>Quelle est la capitale des îles anglo-normandes de Jersey ?</question>
      <propositions>
        <proposition id="23-1">Saint-Hélier</proposition>
        <proposition id="23-2">Saint-Pierre-Port</proposition>
        <proposition id="23-3">Saint-Aubin</proposition>
        <proposition id="23-4">Sainte Anne</proposition>
      </propositions>
      <réponse proposition="23-1">Saint-Hélier</réponse>
      <anecdote>Au recensement de la population de 2001, Saint-Hélier comptait 28 310 habitants.</anecdote>
    </contenu>
    <contenu id="24">
      <question>Laquelle de ces îles ne fait pas partie des îles d'Hyères, aussi appelées îles d'Or ?</question>
      <propositions>
        <proposition id="24-1">Porquerolles</proposition>
        <proposition id="24-2">Ile du Levant</proposition>
        <proposition id="24-3">Ile des Embiez</proposition>
        <proposition id="24-4">Port-Cros</proposition>
      </propositions>
      <réponse proposition="24-3">Ile des Embiez</réponse>
      <anecdote>Une partie des îles et de la zone maritime environnante constitue le parc national de Port-Cros.</anecdote>
    </contenu>
    <contenu id="25">
      <question>Que représente la mattanza en Sicile, à la fois fascinante et brutale ?</question>
      <propositions>
        <proposition id="25-1">Un alcool vert</proposition>
        <proposition id="25-2">Une pêche au thon</proposition>
        <proposition id="25-3">Une danse masculine</proposition>
        <proposition id="25-4">Un jeu de cartes</proposition>
      </propositions>
      <réponse proposition="25-2">Une pêche au thon</réponse>
      <anecdote>En Sicile, pour les gourmands, les mois de mai et juin sont synonymes de thon à toutes les sauces.</anecdote>
    </contenu>
    <contenu id="26">
      <question>Quelle est la plus grande île de la mer Baltique, à 90 kilomètres à l'est de la Suède ?</question>
      <propositions>
        <proposition id="26-1">Falster</proposition>
        <proposition id="26-2">Gotland</proposition>
        <proposition id="26-3">Rügen</proposition>
        <proposition id="26-4">Bornholm</proposition>
      </propositions>
      <réponse proposition="26-2">Gotland</réponse>
      <anecdote>Deux golfes principaux intègrent cet espace : le golfe de Botnie au nord et le golfe de Finlande à l'est.</anecdote>
    </contenu>
    <contenu id="27">
      <question>Au large de quel pays se trouve lîle dAruba, faisant partie des petites Antilles ?</question>
      <propositions>
        <proposition id="27-1">Mexique</proposition>
        <proposition id="27-2">Brésil</proposition>
        <proposition id="27-3">Pérou</proposition>
        <proposition id="27-4">Venezuela</proposition>
      </propositions>
      <réponse proposition="27-4">Venezuela</réponse>
      <anecdote>L'île forme un État du Royaume des Pays-Bas à part entière depuis qu'elle s'est séparée des Antilles néerlandaises en 1986.</anecdote>
    </contenu>
    <contenu id="28">
      <question>Bénéficiant d'un climat tropical, quelle île était, par le passé, nommée l'île Bourbon ?</question>
      <propositions>
        <proposition id="28-1">Madagascar</proposition>
        <proposition id="28-2">Maurice</proposition>
        <proposition id="28-3">Mayotte</proposition>
        <proposition id="28-4">La Réunion</proposition>
      </propositions>
      <réponse proposition="28-4">La Réunion</réponse>
      <anecdote>La Réunion est définitivement devenue « île de la Réunion » par arrêté du gouvernement provisoire du 7 mars 1848.</anecdote>
    </contenu>
    <contenu id="29">
      <question>D'une longueur de 140 kilomètres, dans quel pays se trouve l'île de Socotra ?</question>
      <propositions>
        <proposition id="29-1">Oman</proposition>
        <proposition id="29-2">Somalie</proposition>
        <proposition id="29-3">Yémen</proposition>
        <proposition id="29-4">Égypte</proposition>
      </propositions>
      <réponse proposition="29-3">Yémen</réponse>
      <anecdote>Socotra est inscrite sur la liste du patrimoine mondial de l'Unesco en raison de sa biodiversité.</anecdote>
    </contenu>
    <contenu id="30">
      <question>Quelle est la langue officielle parlée sur l'île de Spitzberg ?</question>
      <propositions>
        <proposition id="30-1">Suédois</proposition>
        <proposition id="30-2">Russe</proposition>
        <proposition id="30-3">Danois</proposition>
        <proposition id="30-4">Norvégien</proposition>
      </propositions>
      <réponse proposition="30-4">Norvégien</réponse>
      <anecdote>Spitzberg fut découverte de manière certaine par l'explorateur néerlandais Willem Barentsz en 1596.</anecdote>
    </contenu>
  </expert>
</quizz>