<?xml version="1.0" encoding="UTF-8" standalone="yes" ?>
<quizz fournisseur="OpenQuizzDB : Fournisseur de contenu libre"
       url="http://www.openquizzdb.org"
       rédacteur="Philippe Bresoux"
       thème="Instruments de musique"
       difficulté="4">
  <débutant>
    <contenu id="1">
      <question>De quel instrument de musique joue Lisa Simpson, créée par le dessinateur Matt Groening ?</question>
      <propositions>
        <proposition id="1-1">Du piano</proposition>
        <proposition id="1-2">Du saxophone</proposition>
        <proposition id="1-3">De la flûte</proposition>
        <proposition id="1-4">De la trompette</proposition>
      </propositions>
      <réponse proposition="1-2">Du saxophone</réponse>
      <anecdote>Les Simpson forment une famille américaine typique de classe moyenne qui vit dans la ville de Springfield.</anecdote>
    </contenu>
    <contenu id="2">
      <question>Quel instrument de musique à cordes pincées, voisin de la guitare, est utilisé en Inde ?</question>
      <propositions>
        <proposition id="2-1">La cithare</proposition>
        <proposition id="2-2">Le théorbe</proposition>
        <proposition id="2-3">Le sitar</proposition>
        <proposition id="2-4">Le glingi</proposition>
      </propositions>
      <réponse proposition="2-3">Le sitar</réponse>
      <anecdote>On en joue assis en tailleur par terre : l'instrument, calé sous le coude droit, repose par terre (parfois sur le pied).</anecdote>
    </contenu>
    <contenu id="3">
      <question>Pour quel instrument Mozart a-t-il composé le plus grand nombre de concerto ?</question>
      <propositions>
        <proposition id="3-1">Le violon</proposition>
        <proposition id="3-2">La clarinette</proposition>
        <proposition id="3-3">Le violoncelle</proposition>
        <proposition id="3-4">Le piano</proposition>
      </propositions>
      <réponse proposition="3-4">Le piano</réponse>
      <anecdote>Mort à trente-cinq ans, Mozart laissa une uvre importante qui embrasse tous les genres musicaux de son époque.</anecdote>
    </contenu>
    <contenu id="4">
      <question>Combien de cordes possède un violon,  occupant une place importante en musique classique ?</question>
      <propositions>
        <proposition id="4-1">5 cordes</proposition>
        <proposition id="4-2">4 cordes</proposition>
        <proposition id="4-3">3 cordes</proposition>
        <proposition id="4-4">6 cordes</proposition>
      </propositions>
      <réponse proposition="4-2">4 cordes</réponse>
      <anecdote>Les luthiers comme Antonio Stradivari sont les artisans qui créent et entretiennent les instruments à cordes.</anecdote>
    </contenu>
    <contenu id="5">
      <question>Quel instrument de musique à cordes pincées est souvent utilisé dans la musique country ?</question>
      <propositions>
        <proposition id="5-1">Le ranjo</proposition>
        <proposition id="5-2">Le banjo</proposition>
        <proposition id="5-3">Le danjo</proposition>
        <proposition id="5-4">Le panjo</proposition>
      </propositions>
      <réponse proposition="5-2">Le banjo</réponse>
      <anecdote>Accompagnateur dans le style « New Orleans », le banjo est également utilisé comme soliste dans la musique irlandaise.</anecdote>
    </contenu>
    <contenu id="6">
      <question>En quelle matière est faite la mèche présente sur un archet de violon ?</question>
      <propositions>
        <proposition id="6-1">En coton</proposition>
        <proposition id="6-2">En crin</proposition>
        <proposition id="6-3">En mohair</proposition>
        <proposition id="6-4">En angora</proposition>
      </propositions>
      <réponse proposition="6-2">En crin</réponse>
      <anecdote>La mèche est constituée de crins de cheval prélevés sur la queue de l'étalon car ceux de jument sont abîmés par l'urine.</anecdote>
    </contenu>
    <contenu id="7">
      <question>De quel instrument de musique à vent et à anche libre joue un harmoniciste ?</question>
      <propositions>
        <proposition id="7-1">Xylophone</proposition>
        <proposition id="7-2">Harmonica</proposition>
        <proposition id="7-3">Harmonium</proposition>
        <proposition id="7-4">Accordéon</proposition>
      </propositions>
      <réponse proposition="7-2">Harmonica</réponse>
      <anecdote>Malgré la connaissance réduite du public, il semblerait que l'harmonica soit en quantité l'instrument le plus vendu au monde.</anecdote>
    </contenu>
    <contenu id="8">
      <question>Combien de cordes au minimum compte-t-on sur une guitare basse, avec un diapason de 34 pouces ?</question>
      <propositions>
        <proposition id="8-1">Six</proposition>
        <proposition id="8-2">Quatre</proposition>
        <proposition id="8-3">Cinq</proposition>
        <proposition id="8-4">Trois</proposition>
      </propositions>
      <réponse proposition="8-2">Quatre</réponse>
      <anecdote>Depuis les années 1950, la guitare basse a remplacé la contrebasse dans la musique rock.</anecdote>
    </contenu>
    <contenu id="9">
      <question>De quel instrument John Lennon jouait-il au sein des Beatles avec plus de 200 chansons ?</question>
      <propositions>
        <proposition id="9-1">De la guitare</proposition>
        <proposition id="9-2">Du clavier</proposition>
        <proposition id="9-3">De la batterie</proposition>
        <proposition id="9-4">Du saxophone</proposition>
      </propositions>
      <réponse proposition="9-1">De la guitare</réponse>
      <anecdote>Lennon forme avec McCartney l'un des tandems d'auteurs-compositeurs les plus influents et prolifiques de l'histoire du rock.</anecdote>
    </contenu>
    <contenu id="10">
      <question>Instrument de la famille des violons, dans quelle position joue-t-on du violoncelle ?</question>
      <propositions>
        <proposition id="10-1">Assise</proposition>
        <proposition id="10-2">Debout</proposition>
        <proposition id="10-3">Couchée</proposition>
        <proposition id="10-4">À genoux</proposition>
      </propositions>
      <réponse proposition="10-1">Assise</réponse>
      <anecdote>Le violoncelle se joue assis, tenu entre les jambes et repose désormais sur une pique escamotable.</anecdote>
    </contenu>
  </débutant>
  <confirmé>
    <contenu id="11">
      <question>Quelle clef, proche du la du diapason, est utilisée par le violoniste ?</question>
      <propositions>
        <proposition id="11-1">La clef de ré</proposition>
        <proposition id="11-2">La clef de fa</proposition>
        <proposition id="11-3">La clef de sol</proposition>
        <proposition id="11-4">La clef de do</proposition>
      </propositions>
      <réponse proposition="11-3">La clef de sol</réponse>
      <anecdote>En solfège, une clé est un signe graphique placé au début de la portée qui indique la hauteur des notes associées à chaque ligne.</anecdote>
    </contenu>
    <contenu id="12">
      <question>Quel instrument fut popularisé par Lionel Hampton à la fin des années 1930 ?</question>
      <propositions>
        <proposition id="12-1">Le saxophone</proposition>
        <proposition id="12-2">Le xylophone</proposition>
        <proposition id="12-3">Le vibraphone</proposition>
        <proposition id="12-4">Le métallophone</proposition>
      </propositions>
      <réponse proposition="12-3">Le vibraphone</réponse>
      <anecdote>Surnommé « Le lion », Lionel Hampton a été le premier géant du jazz à donner ses lettres de noblesse au vibraphone.</anecdote>
    </contenu>
    <contenu id="13">
      <question>Sur quel instrument à percussion frappe-t-on avec une baguette à tampon ?</question>
      <propositions>
        <proposition id="13-1">Un gong</proposition>
        <proposition id="13-2">Un bang</proposition>
        <proposition id="13-3">Un bong</proposition>
        <proposition id="13-4">Un gang</proposition>
      </propositions>
      <réponse proposition="13-1">Un gong</réponse>
      <anecdote>L'instrument en lui-même provient vraisemblablement des percussions en bronze de Chine.</anecdote>
    </contenu>
    <contenu id="14">
      <question>De quel instrument Ginger Baker était-il tenu pour un virtuose ?</question>
      <propositions>
        <proposition id="14-1">La guitare</proposition>
        <proposition id="14-2">Le violon</proposition>
        <proposition id="14-3">La batterie</proposition>
        <proposition id="14-4">La trompette</proposition>
      </propositions>
      <réponse proposition="14-3">La batterie</réponse>
      <anecdote>Depuis 1986, Ginger Baker a sorti plusieurs albums de jazz fusion et a tourné avec des groupes de styles variés.</anecdote>
    </contenu>
    <contenu id="15">
      <question>Quel instrument de musique assez répandu en Grèce est joué avec un plectre ?</question>
      <propositions>
        <proposition id="15-1">Le trypes</proposition>
        <proposition id="15-2">Le rebetiko</proposition>
        <proposition id="15-3">Le bouzouki</proposition>
        <proposition id="15-4">Le baglama</proposition>
      </propositions>
      <réponse proposition="15-3">Le bouzouki</réponse>
      <anecdote>Le bouzouki est souvent considéré comme l'instrument « national » de la Grèce depuis le milieu du XXe siècle.</anecdote>
    </contenu>
    <contenu id="16">
      <question>La balalaïka est un instrument de musique à cordes pincées russe, mais de quelle forme ?</question>
      <propositions>
        <proposition id="16-1">Carrée</proposition>
        <proposition id="16-2">Ronde</proposition>
        <proposition id="16-3">Triangulaire</proposition>
        <proposition id="16-4">Rectangulaire</proposition>
      </propositions>
      <réponse proposition="16-3">Triangulaire</réponse>
      <anecdote>La balalaïka se joue le plus souvent au doigt et parfois avec un plectre et se décline en plusieurs tailles.</anecdote>
    </contenu>
    <contenu id="17">
      <question>Quel instrument de musique est le plus aigu dans un orchestre symphonique ?</question>
      <propositions>
        <proposition id="17-1">Le tuba</proposition>
        <proposition id="17-2">Le piccolo</proposition>
        <proposition id="17-3">Le trombone</proposition>
        <proposition id="17-4">Le hautbois</proposition>
      </propositions>
      <réponse proposition="17-2">Le piccolo</réponse>
      <anecdote>Le piccolo était surtout utilisé pour doubler la grande flûte à l'octave supérieure, pour augmenter l'éclat orchestral.</anecdote>
    </contenu>
    <contenu id="18">
      <question>Dans quel pays joue-t-on du sitar et du vînâ, sorte de cithare sur bâton avec deux résonateurs ?</question>
      <propositions>
        <proposition id="18-1">Au Maroc</proposition>
        <proposition id="18-2">En Espagne</proposition>
        <proposition id="18-3">En Inde</proposition>
        <proposition id="18-4">Au Brésil</proposition>
      </propositions>
      <réponse proposition="18-3">En Inde</réponse>
      <anecdote>La rudra vinâ est le plus ancien des instruments à cordes frettées indiens : on la nomme aussi bîn.</anecdote>
    </contenu>
    <contenu id="19">
      <question>Quel instrument de musique figure sur les étiquettes de la brasserie irlandaise Guinness ?</question>
      <propositions>
        <proposition id="19-1">Un saxophone</proposition>
        <proposition id="19-2">Un violon</proposition>
        <proposition id="19-3">Une flûte</proposition>
        <proposition id="19-4">Une harpe</proposition>
      </propositions>
      <réponse proposition="19-4">Une harpe</réponse>
      <anecdote>La Guinness est un stout, une bière noire coiffée d'une mousse blanche, connue mondialement pour sa saveur et son aspect.</anecdote>
    </contenu>
    <contenu id="20">
      <question>Combien de pistons une trompette compte-t-elle, en réponse au vu de rendre chromatique ?</question>
      <propositions>
        <proposition id="20-1">Trois</proposition>
        <proposition id="20-2">Deux</proposition>
        <proposition id="20-3">Quatre</proposition>
        <proposition id="20-4">Cinq</proposition>
      </propositions>
      <réponse proposition="20-1">Trois</réponse>
      <anecdote>La trompette à pistons est celle qui est la plus utilisée aujourd'hui dans la plupart des pays.</anecdote>
    </contenu>
  </confirmé>
  <expert>
    <contenu id="21">
      <question>Combien y a-t-il de cordes sur une harpe de concert, obtenant ainsi une tessiture de 6 octaves ?</question>
      <propositions>
        <proposition id="21-1">57</proposition>
        <proposition id="21-2">47</proposition>
        <proposition id="21-3">37</proposition>
        <proposition id="21-4">67</proposition>
      </propositions>
      <réponse proposition="21-2">47</réponse>
      <anecdote>La harpe de concert a la particularité d'avoir des cordes perpendiculaires à la caisse de résonance.</anecdote>
    </contenu>
    <contenu id="22">
      <question>Quelle est la fréquence du diapason, constitué de deux lames parallèles soudées en forme de U ?</question>
      <propositions>
        <proposition id="22-1">460 hertz</proposition>
        <proposition id="22-2">440 hertz</proposition>
        <proposition id="22-3">430 hertz</proposition>
        <proposition id="22-4">450 hertz</proposition>
      </propositions>
      <réponse proposition="22-2">440 hertz</réponse>
      <anecdote>En musique, le diapason est un outil de musicien donnant la hauteur d'une note-repère conventionnelle.</anecdote>
    </contenu>
    <contenu id="23">
      <question>Quelle partie du violon le violoniste bloque-t-il entre son cou et son épaule ?</question>
      <propositions>
        <proposition id="23-1">Le dépauloire</proposition>
        <proposition id="23-2">La mâchoire</proposition>
        <proposition id="23-3">Le reposoir</proposition>
        <proposition id="23-4">La mentonnière</proposition>
      </propositions>
      <réponse proposition="23-4">La mentonnière</réponse>
      <anecdote>Un violon se compose de trois parties distinctes : la caisse de résonance, le manche et les cordes.</anecdote>
    </contenu>
    <contenu id="24">
      <question>De quel mollusque peut-on utiliser le  coquillage comme instrument de musique à vent ?</question>
      <propositions>
        <proposition id="24-1">Le piri</proposition>
        <proposition id="24-2">Le sifflet</proposition>
        <proposition id="24-3">Le dizi</proposition>
        <proposition id="24-4">La conque</proposition>
      </propositions>
      <réponse proposition="24-4">La conque</réponse>
      <anecdote>Prenant la conque en main, l'instrumentiste en produit le son selon le même principe que la trompe ou la corne.</anecdote>
    </contenu>
    <contenu id="25">
      <question>Quelle est la tonalité la plus fréquente des bourdons de la cornemuse écossaise ?</question>
      <propositions>
        <proposition id="25-1">Le mi bémol</proposition>
        <proposition id="25-2">Le si bémol</proposition>
        <proposition id="25-3">Le do</proposition>
        <proposition id="25-4">Le sol</proposition>
      </propositions>
      <réponse proposition="25-2">Le si bémol</réponse>
      <anecdote>Les anches doubles sont aussi utilisées par le basson, la chalémie, le hautbois, la bombarde, ou encore le cor anglais.</anecdote>
    </contenu>
    <contenu id="26">
      <question>De combien de pièces de bois, collées ou assemblées, un violon est-il composé ?</question>
      <propositions>
        <proposition id="26-1">91 pièces</proposition>
        <proposition id="26-2">51 pièces</proposition>
        <proposition id="26-3">31 pièces</proposition>
        <proposition id="26-4">71 pièces</proposition>
      </propositions>
      <réponse proposition="26-4">71 pièces</réponse>
      <anecdote>Dans les formations de musique classique, le violon est l'instrument le plus petit et de tessiture la plus aiguë parmi sa famille.</anecdote>
    </contenu>
    <contenu id="27">
      <question>Quel instrument de musique est aussi connu sous le nom de « trompette tsigane » ?</question>
      <propositions>
        <proposition id="27-1">La crécelle</proposition>
        <proposition id="27-2">La harpe</proposition>
        <proposition id="27-3">La bandurria</proposition>
        <proposition id="27-4">La guimbarde</proposition>
      </propositions>
      <réponse proposition="27-4">La guimbarde</réponse>
      <anecdote>Composée de deux éléments, la guimbarde est l'un des instruments de musique les plus anciens du monde.</anecdote>
    </contenu>
    <contenu id="28">
      <question>Quelle petite flûte traversière était autrefois utilisée dans les fanfares militaires ?</question>
      <propositions>
        <proposition id="28-1">La gasba</proposition>
        <proposition id="28-2">Le sodina</proposition>
        <proposition id="28-3">Le fifre</proposition>
        <proposition id="28-4">Le kaval</proposition>
      </propositions>
      <réponse proposition="28-3">Le fifre</réponse>
      <anecdote>Le fifre, de petite longueur et fabriqué en bois, comporte six ou sept trous de jeu et parfois une clé.</anecdote>
    </contenu>
    <contenu id="29">
      <question>Quel marteau léger est utilisé pour frapper différents instruments à percussion ?</question>
      <propositions>
        <proposition id="29-1">Le dérivoir</proposition>
        <proposition id="29-2">La tricoise</proposition>
        <proposition id="29-3">La mailloche</proposition>
        <proposition id="29-4">Le brochoir</proposition>
      </propositions>
      <réponse proposition="29-3">La mailloche</réponse>
      <anecdote>Différentes variétés de mailloches (aussi parfois appelées « cigognes ») permettent d'obtenir des sons différents.</anecdote>
    </contenu>
    <contenu id="30">
      <question>Quel instrument de musique traditionnel à cordes est devenu celui des geisha ?</question>
      <propositions>
        <proposition id="30-1">Le koto</proposition>
        <proposition id="30-2">Le taiko</proposition>
        <proposition id="30-3">Le shamisen</proposition>
        <proposition id="30-4">Le shakuhachi</proposition>
      </propositions>
      <réponse proposition="30-3">Le shamisen</réponse>
      <anecdote>Le shamisen se joue agenouillé sur un zabuton en pinçant les cordes à l'aide d'un large plectre en ivoire.</anecdote>
    </contenu>
  </expert>
</quizz>