<?xml version="1.0" encoding="UTF-8" standalone="yes" ?>
<quizz fournisseur="OpenQuizzDB : Fournisseur de contenu libre"
       url="http://www.openquizzdb.org"
       rédacteur="Philippe Bresoux"
       thème="Variété française (Sans variété, point de beauté)"
       difficulté="2">
  <débutant>
    <contenu id="1">
      <question>Quel auteur-compositeur-interprète est 'Tombé pour la France' ?</question>
      <propositions>
        <proposition id="1-1">Étienne Daho</proposition>
        <proposition id="1-2">Maxime Le Forestier</proposition>
        <proposition id="1-3">Francis Cabrel</proposition>
        <proposition id="1-4">Marc Lavoine</proposition>
      </propositions>
      <réponse proposition="1-1">Étienne Daho</réponse>
      <anecdote>Né à Oran (Algérie) et figure de la pop française, Étienne Daho est issu de la vague du rock rennais du tout début des années 1980.</anecdote>
    </contenu>
    <contenu id="2">
      <question>Où est « la maison bleue sur la colline » chantée par Maxime Le Forestier ?</question>
      <propositions>
        <proposition id="2-1">San Francisco</proposition>
        <proposition id="2-2">Oslo</proposition>
        <proposition id="2-3">Puerto Rico</proposition>
        <proposition id="2-4">Mexico</proposition>
      </propositions>
      <réponse proposition="2-1">San Francisco</réponse>
      <anecdote>Son premier album studio intitulé 'Mon frère', vendu à un million d'exemplaires, deviendra la bande-son de toute une génération.</anecdote>
    </contenu>
    <contenu id="3">
      <question>Quel était le prénom du 'Chanteur' de Daniel Balavoine ?</question>
      <propositions>
        <proposition id="3-1">Eddy</proposition>
        <proposition id="3-2">Johnny</proposition>
        <proposition id="3-3">Henri</proposition>
        <proposition id="3-4">Charlie</proposition>
      </propositions>
      <réponse proposition="3-3">Henri</réponse>
      <anecdote>Devenu un titre marquant du répertoire de Balavoine, 'Le Chanteur' est également celui qui a véritablement lancé sa carrière.</anecdote>
    </contenu>
    <contenu id="4">
      <question>Qui est l'artiste pour qui « ça n'a pas plané » au festival Eurovision 1987 ?</question>
      <propositions>
        <proposition id="4-1">Marc Lavoine</proposition>
        <proposition id="4-2">Plastic Bertrand</proposition>
        <proposition id="4-3">Hugues Aufray</proposition>
        <proposition id="4-4">Jean-Claude Pascal</proposition>
      </propositions>
      <réponse proposition="4-2">Plastic Bertrand</réponse>
      <anecdote>Le nom « Plastic Bertrand » fait référence à Bert Bertrand, un journaliste rock belge qui incarnait le microcosme belge du punk.</anecdote>
    </contenu>
    <contenu id="5">
      <question>Où Michel Sardou danse-t-il la java dans une de ses chansons ?</question>
      <propositions>
        <proposition id="5-1">À Broadway</proposition>
        <proposition id="5-2">À Venise</proposition>
        <proposition id="5-3">À Manille</proposition>
        <proposition id="5-4">À Rio</proposition>
      </propositions>
      <réponse proposition="5-1">À Broadway</réponse>
      <anecdote>En cinquante années de carrière, il a enregistré 25 albums studio et 18 albums live, réunissant un total de près de 350 chansons.</anecdote>
    </contenu>
    <contenu id="6">
      <question>Quel groupe de gitans s'est imposé au Top 50 en 1987 ?</question>
      <propositions>
        <proposition id="6-1">Alabina</proposition>
        <proposition id="6-2">Gipsy Kings</proposition>
        <proposition id="6-3">Pata Negra</proposition>
        <proposition id="6-4">Las Ketchup</proposition>
      </propositions>
      <réponse proposition="6-2">Gipsy Kings</réponse>
      <anecdote>Le groupe composé de musiciens issus de deux familles, les Baliardo et les Reyes, originaires de Montpellier et d'Arles.</anecdote>
    </contenu>
    <contenu id="7">
      <question>Dans quelle région habite la dame chantée par Francis Cabrel ?</question>
      <propositions>
        <proposition id="7-1">En Haute-Corse</proposition>
        <proposition id="7-2">En Ardèche</proposition>
        <proposition id="7-3">En Haute-Savoie</proposition>
        <proposition id="7-4">En Gironde</proposition>
      </propositions>
      <réponse proposition="7-3">En Haute-Savoie</réponse>
      <anecdote>Francis Cabrel, père de trois filles dont une adoptée, connaît très bien le répertoire de Bob Dylan dont il est un fan inconditionnel.</anecdote>
    </contenu>
    <contenu id="8">
      <question>Quel dessert sert l'abominable homme des neiges dans une chanson de Lio ?</question>
      <propositions>
        <proposition id="8-1">Un éclair</proposition>
        <proposition id="8-2">Un banana split</proposition>
        <proposition id="8-3">Une dame blanche</proposition>
        <proposition id="8-4">Un merveilleux</proposition>
      </propositions>
      <réponse proposition="8-2">Un banana split</réponse>
      <anecdote>En 2012, la chanteuse Lio a prêté son image pour une campagne de la Croix-Rouge belge dont elle a été pour l'occasion la marraine.</anecdote>
    </contenu>
    <contenu id="9">
      <question>Comment se prénomme la métisse d'Ibiza chantée par Julien Clerc ?</question>
      <propositions>
        <proposition id="9-1">Rosanna</proposition>
        <proposition id="9-2">Mélissa</proposition>
        <proposition id="9-3">Marbella</proposition>
        <proposition id="9-4">Cassandra</proposition>
      </propositions>
      <réponse proposition="9-2">Mélissa</réponse>
      <anecdote>Avec 'Mélissa', Julien Clerc confirme son succès et devient un chanteur « désirable » sur toutes les stations de télévision.</anecdote>
    </contenu>
    <contenu id="10">
      <question>De qui Chantal Goya a-t-elle affirmé être la cousine dans une chanson ?</question>
      <propositions>
        <proposition id="10-1">Clémentine</proposition>
        <proposition id="10-2">Amandine</proposition>
        <proposition id="10-3">Joséphine</proposition>
        <proposition id="10-4">Bécassine</proposition>
      </propositions>
      <réponse proposition="10-4">Bécassine</réponse>
      <anecdote>Elle doit son nom de scène à Jean-Jacques Debout qui trouvait qu'elle ressemblait à un portrait peint par Francisco de Goya.</anecdote>
    </contenu>
  </débutant>
  <confirmé>
    <contenu id="11">
      <question>Quel duo français avait 'Besoin de rien, envie de toi' en 1984 ?</question>
      <propositions>
        <proposition id="11-1">Peter et Sloane</proposition>
        <proposition id="11-2">Luna Parker</proposition>
        <proposition id="11-3">Les Rita Mitsuko</proposition>
        <proposition id="11-4">Sheila et Ringo</proposition>
      </propositions>
      <réponse proposition="11-1">Peter et Sloane</réponse>
      <anecdote>Boudé par les radios FM, Europe 1 diffusera pourtant ce titre sorti à l'origine en face B de 'Ma vie avec toi, ta vie avec moi'.</anecdote>
    </contenu>
    <contenu id="12">
      <question>Quel titre du groupe Trust a fait lever de nombreux poings à la fin des années 70 ?</question>
      <propositions>
        <proposition id="12-1">Idéal</proposition>
        <proposition id="12-2">Fatalité</proposition>
        <proposition id="12-3">Serre les poings</proposition>
        <proposition id="12-4">Antisocial</proposition>
      </propositions>
      <réponse proposition="12-4">Antisocial</réponse>
      <anecdote>'Antisocial' est le titre le plus connu du groupe, titre assez bien représentatif du ton engagé et révolté du groupe à cette époque.</anecdote>
    </contenu>
    <contenu id="13">
      <question>Dans quelle chanson Michel Delpech regardait-il passer les oies sauvages ?</question>
      <propositions>
        <proposition id="13-1">Le Chasseur</proposition>
        <proposition id="13-2">Pour un flirt</proposition>
        <proposition id="13-3">Chez Laurette</proposition>
        <proposition id="13-4">Les Divorcés</proposition>
      </propositions>
      <réponse proposition="13-1">Le Chasseur</réponse>
      <anecdote>C'est en 1967 que Johnny Stark, imprésario de Mireille Mathieu, le prend en main et l'aide à se forger une image de vedette.</anecdote>
    </contenu>
    <contenu id="14">
      <question>Dans quelle ville 'Nathalie' guidait-elle Gilbert Bécaud dans une des ses chansons ?</question>
      <propositions>
        <proposition id="14-1">Madrid</proposition>
        <proposition id="14-2">Moscou</proposition>
        <proposition id="14-3">Paris</proposition>
        <proposition id="14-4">Belgrade</proposition>
      </propositions>
      <réponse proposition="14-2">Moscou</réponse>
      <anecdote>Gilbert Bécaud a gagné son surnom de « Monsieur 100 000 volts » grâce à son sens du swing et à ses fans souvent survoltés.</anecdote>
    </contenu>
    <contenu id="15">
      <question>Quelle est la matière préférée de la chanteuse Caroline Loeb ?</question>
      <propositions>
        <proposition id="15-1">Le coton</proposition>
        <proposition id="15-2">La ouate</proposition>
        <proposition id="15-3">Le lin</proposition>
        <proposition id="15-4">La soie</proposition>
      </propositions>
      <réponse proposition="15-2">La ouate</réponse>
      <anecdote>Parmi les choristes de 'C'est la ouate', on notera la participation d'Amina qui représentera la France au Concours Eurovision.</anecdote>
    </contenu>
    <contenu id="16">
      <question>Quel artiste strasbourgeois au grand cur chantait 'Pour le plaisir' ?</question>
      <propositions>
        <proposition id="16-1">Alain Souchon</proposition>
        <proposition id="16-2">Hervé Vilard</proposition>
        <proposition id="16-3">Herbert Léonard</proposition>
        <proposition id="16-4">Gérard Blanc</proposition>
      </propositions>
      <réponse proposition="16-3">Herbert Léonard</réponse>
      <anecdote>C'est Vline Buggy qui découvrira le jeune compositeur Julien Lepers et contactera Herbert Léonard pour les unir en musique.</anecdote>
    </contenu>
    <contenu id="17">
      <question>Quelle montagne a été chantée par le corse Pascal Danel ?</question>
      <propositions>
        <proposition id="17-1">L'Aconcagua</proposition>
        <proposition id="17-2">Le Kilimandjaro</proposition>
        <proposition id="17-3">L'Everest</proposition>
        <proposition id="17-4">Le Mont Blanc</proposition>
      </propositions>
      <réponse proposition="17-2">Le Kilimandjaro</réponse>
      <anecdote>Repris dans plus de 180 versions dans le monde, 'Kilimandjaro' sera un des plus grands standards français de la décennie.</anecdote>
    </contenu>
    <contenu id="18">
      <question>De quoi la 'Paulette' des Charlots est-elle la reine dans une de leurs chansons ?</question>
      <propositions>
        <proposition id="18-1">Des courgettes</proposition>
        <proposition id="18-2">Des gaufrettes</proposition>
        <proposition id="18-3">Des paupiettes</proposition>
        <proposition id="18-4">Des rillettes</proposition>
      </propositions>
      <réponse proposition="18-3">Des paupiettes</réponse>
      <anecdote>Les Charlots ont assuré les premières parties de Françoise Hardy (1965), Johnny Hallyday (1967) ou encore Claude François (1968).</anecdote>
    </contenu>
    <contenu id="19">
      <question>Quelle chanson interprétée par Elsa figure sur la BO de 'La femme de ma vie' ?</question>
      <propositions>
        <proposition id="19-1">Un roman d'amitié</proposition>
        <proposition id="19-2">Jamais nous</proposition>
        <proposition id="19-3">T'en vas pas</proposition>
        <proposition id="19-4">Bouscule-moi</proposition>
      </propositions>
      <réponse proposition="19-3">T'en vas pas</réponse>
      <anecdote>Cet essai sera couronné de succès puisqu'il lui permettra d'être, à l'âge de 13 ans, la plus jeune artiste n°1 du Top 50.</anecdote>
    </contenu>
    <contenu id="20">
      <question>De quelle ville sont originaires les groupes Gold et Images ?</question>
      <propositions>
        <proposition id="20-1">Reims</proposition>
        <proposition id="20-2">Grenoble</proposition>
        <proposition id="20-3">Arras</proposition>
        <proposition id="20-4">Toulouse</proposition>
      </propositions>
      <réponse proposition="20-4">Toulouse</réponse>
      <anecdote>En 1990, le chanteur Émile Wandelmer quitte le groupe Gold à la suite d'un désaccord sur l'orientation musicale future du groupe.</anecdote>
    </contenu>
  </confirmé>
  <expert>
    <contenu id="21">
      <question>Qu'est-ce que 'Macumba' dans la chanson de Jean-Pierre Mader ?</question>
      <propositions>
        <proposition id="21-1">Un village</proposition>
        <proposition id="21-2">Un bateau</proposition>
        <proposition id="21-3">Une danseuse</proposition>
        <proposition id="21-4">Un cabaret</proposition>
      </propositions>
      <réponse proposition="21-4">Un cabaret</réponse>
      <anecdote>Après des études d'Informatique, Jean-Pierre Mader sera bassiste dans un groupe toulousain Tangara puis dans un orchestre de bal.</anecdote>
    </contenu>
    <contenu id="22">
      <question>Quelle chanteuse a été lancée grâce à l'imprésario Johnny Stark ?</question>
      <propositions>
        <proposition id="22-1">Sylvie Vartan</proposition>
        <proposition id="22-2">Mireille Mathieu</proposition>
        <proposition id="22-3">Annie Cordy</proposition>
        <proposition id="22-4">Nana Mouskouri</proposition>
      </propositions>
      <réponse proposition="22-2">Mireille Mathieu</réponse>
      <anecdote>En 2005, la chanteuse a reçu un disque de rubis (non reconnu par le SNEP) annonçant la vente de 122 millions de disques.</anecdote>
    </contenu>
    <contenu id="23">
      <question>Quelle chanson Sheila et Ringo ont-ils chanté en duo après leur mariage ?</question>
      <propositions>
        <proposition id="23-1">Tendrement</proposition>
        <proposition id="23-2">Les Gondoles à Venise</proposition>
        <proposition id="23-3">Comme hier</proposition>
        <proposition id="23-4">Rosanna</proposition>
      </propositions>
      <réponse proposition="23-2">Les Gondoles à Venise</réponse>
      <anecdote>Le disque par la suite revisité a initialement été écrit par Paul et Lana Sebastian sous le titre 'Les clés qui n'ouvrent pas ta porte'.</anecdote>
    </contenu>
    <contenu id="24">
      <question>Qui a composé la comédie musicale pour enfants 'Émilie Jolie' ?</question>
      <propositions>
        <proposition id="24-1">Laurent Voulzy</proposition>
        <proposition id="24-2">Étienne Daho</proposition>
        <proposition id="24-3">Julien Clerc</proposition>
        <proposition id="24-4">Philippe Chatel</proposition>
      </propositions>
      <réponse proposition="24-4">Philippe Chatel</réponse>
      <anecdote>Suite à cette comédie musicale, le prénom Émilie a été donné à 11 885 petites filles en 1980, contre 5 074 seulement en 1979.</anecdote>
    </contenu>
    <contenu id="25">
      <question>Par quelle chanson Renaud s'est attaqué violemment aux défauts de la France ?</question>
      <propositions>
        <proposition id="25-1">Miss Maggie</proposition>
        <proposition id="25-2">Hexagone</proposition>
        <proposition id="25-3">Ma gonzesse</proposition>
        <proposition id="25-4">Déserteur</proposition>
      </propositions>
      <réponse proposition="25-2">Hexagone</réponse>
      <anecdote>Renaud utilise ses chansons pour critiquer la société, rendre hommage ou faire sourire par un usage intensif de l'argot.</anecdote>
    </contenu>
    <contenu id="26">
      <question>À qui le clip de Jean-Louis Aubert, 'Juste une illusion', rend-il hommage ?</question>
      <propositions>
        <proposition id="26-1">George Lucas</proposition>
        <proposition id="26-2">Georges Méliès</proposition>
        <proposition id="26-3">Steven Spielberg</proposition>
        <proposition id="26-4">David Copperfield</proposition>
      </propositions>
      <réponse proposition="26-2">Georges Méliès</réponse>
      <anecdote>C'est avec Richard Kolinka, son ami de toujours, qu'il publia le 6 juin 1986 ce tube sous le nom de Aubert'n'Ko.</anecdote>
    </contenu>
    <contenu id="27">
      <question>Quel chanteur a, après un 'coup de folie', déclaré son amour de la 'musique noire' ?</question>
      <propositions>
        <proposition id="27-1">Thierry Pastor</proposition>
        <proposition id="27-2">Jean-Pierre Mader</proposition>
        <proposition id="27-3">Gérard Blanc</proposition>
        <proposition id="27-4">Charlélie Couture</proposition>
      </propositions>
      <réponse proposition="27-1">Thierry Pastor</réponse>
      <anecdote>'Le coup de folie', titre phare du répertoire de Thierry Pastor (il avait alors 21 ans) a été produit par Roland Magdane.</anecdote>
    </contenu>
    <contenu id="28">
      <question>Quel rôle interprète Alain Souchon dans le clip 'La ballade de Jim' ?</question>
      <propositions>
        <proposition id="28-1">Le policier</proposition>
        <proposition id="28-2">Le marin</proposition>
        <proposition id="28-3">Tous</proposition>
        <proposition id="28-4">Le pompier</proposition>
      </propositions>
      <réponse proposition="28-3">Tous</réponse>
      <anecdote>Alain Souchon est le père des auteurs-compositeurs-interprètes Pierre et Charles Souchon connus sous le nom de scène de Ours.</anecdote>
    </contenu>
    <contenu id="29">
      <question>À quel groupe appartenait Gérard Blanc, au retour remarqué avec 'Une autre histoire</</question>
      <propositions>
        <proposition id="29-1">Taï Phong</proposition>
        <proposition id="29-2">Martin Circus</proposition>
        <proposition id="29-3">Bimbo Jet</proposition>
        <proposition id="29-4">Les Poppys</proposition>
      </propositions>
      <réponse proposition="29-2">Martin Circus</réponse>
      <anecdote>Vendu à 850 000 exemplaires, le vidéo clip de 'Une autre histoire' met en scène Annie Pujol dans le désert marocain.</anecdote>
    </contenu>
    <contenu id="30">
      <question>Quelle est la particularité de l'avion chanté par Charlélie Couture ?</question>
      <propositions>
        <proposition id="30-1">Il ne vole pas</proposition>
        <proposition id="30-2">Il est jaune</proposition>
        <proposition id="30-3">Il n'a pas d'ailes</proposition>
        <proposition id="30-4">Il est vide</proposition>
      </propositions>
      <réponse proposition="30-3">Il n'a pas d'ailes</réponse>
      <anecdote>Charlélie Couture est un artiste « multiste », comme il aime être présenté, explorant de multiples disciplines artistiques.</anecdote>
    </contenu>
  </expert>
</quizz>