<?xml version="1.0" encoding="UTF-8" standalone="yes" ?>
<quizz fournisseur="OpenQuizzDB : Fournisseur de contenu libre"
       url="http://www.openquizzdb.org"
       rédacteur="Philippe Bresoux"
       thème="Inventions"
       difficulté="4">
  <débutant>
    <contenu id="1">
      <question>Qui a réussi à imposer la commercialisation de la poubelle ?</question>
      <propositions>
        <proposition id="1-1">Eugène Poubelle</proposition>
        <proposition id="1-2">Bertrand Landrieu</proposition>
        <proposition id="1-3">Ferdinand Duval</proposition>
        <proposition id="1-4">Louis Lépine</proposition>
      </propositions>
      <réponse proposition="1-1">Eugène Poubelle</réponse>
      <anecdote>Préfet de la Seine, il a donné son nom aux poubelles à travers ses décisions pour améliorer l'hygiène de la ville de Paris.</anecdote>
    </contenu>
    <contenu id="2">
      <question>Laquelle de ces inventions ne porte pas le nom de son inventeur ?</question>
      <propositions>
        <proposition id="2-1">Le macadam</proposition>
        <proposition id="2-2">Le laser</proposition>
        <proposition id="2-3">Le colt</proposition>
        <proposition id="2-4">La poubelle</proposition>
      </propositions>
      <réponse proposition="2-2">Le laser</réponse>
      <anecdote>En 1950, Alfred Kastler proposa un procédé de pompage optique qu'il valida expérimentalement deux ans plus tard.</anecdote>
    </contenu>
    <contenu id="3">
      <question>Quelle compétition prime chaque année les meilleures inventions françaises ?</question>
      <propositions>
        <proposition id="3-1">Le Concours Edison</proposition>
        <proposition id="3-2">Le Concours Lépine</proposition>
        <proposition id="3-3">Le Concours Thomas</proposition>
        <proposition id="3-4">Le Concours Novastar</proposition>
      </propositions>
      <réponse proposition="3-2">Le Concours Lépine</réponse>
      <anecdote>Ce concours-exposition de jouets était principalement destiné à sortir les petits fabricants du marasme économique ambiant.</anecdote>
    </contenu>
    <contenu id="4">
      <question>Quel jeu de société international Chris Haney et Scott Abbott ont-ils créé ?</question>
      <propositions>
        <proposition id="4-1">Monopoly</proposition>
        <proposition id="4-2">Cluedo</proposition>
        <proposition id="4-3">Trivial Pursuit</proposition>
        <proposition id="4-4">Puissance 4</proposition>
      </propositions>
      <réponse proposition="4-3">Trivial Pursuit</réponse>
      <anecdote>Le jeu a été commercialisé en France sous le nom 'Remue-méninges' avant de connaître le succès que nous lui connaissons.</anecdote>
    </contenu>
    <contenu id="5">
      <question>Qui a inventé la dynamite au moyen de la nitroglycérine ?</question>
      <propositions>
        <proposition id="5-1">Isaac Newton</proposition>
        <proposition id="5-2">Alfred Nobel</proposition>
        <proposition id="5-3">Albert Einstein</proposition>
        <proposition id="5-4">Lavoisier</proposition>
      </propositions>
      <réponse proposition="5-2">Alfred Nobel</réponse>
      <anecdote>La dynamite a été très utilisée, notamment dans l'industrie minière, jusqu'à son remplacement par des explosifs plus puissants.</anecdote>
    </contenu>
    <contenu id="6">
      <question>Quel biologiste français a inventé la pasteurisation de la bière ?</question>
      <propositions>
        <proposition id="6-1">Thomas Preat</proposition>
        <proposition id="6-2">Maurice Fontaine</proposition>
        <proposition id="6-3">Louis Pasteur</proposition>
        <proposition id="6-4">Laurent Chabry</proposition>
      </propositions>
      <réponse proposition="6-3">Louis Pasteur</réponse>
      <anecdote>La pasteurisation est un procédé de conservation des aliments par lequel ceux-ci sont chauffés puis rapidement refroidis.</anecdote>
    </contenu>
    <contenu id="7">
      <question>Quel inventeur italien a conçu à la fin du XVe siècle un canon et un parachute ?</question>
      <propositions>
        <proposition id="7-1">Ettore Bugatti</proposition>
        <proposition id="7-2">Léonard de Vinci</proposition>
        <proposition id="7-3">Roberto Galletti</proposition>
        <proposition id="7-4">Alessandro Volta</proposition>
      </propositions>
      <réponse proposition="7-2">Léonard de Vinci</réponse>
      <anecdote>Léonard de Vinci a fait progresser la connaissance dans les domaines de l'anatomie, du génie civil, de l'optique et de l'hydrodynamique.</anecdote>
    </contenu>
    <contenu id="8">
      <question>Selon des textes anciens, dans quel pays a-t-on inventé le cerf-volant ?</question>
      <propositions>
        <proposition id="8-1">Aux États-Unis</proposition>
        <proposition id="8-2">En Inde</proposition>
        <proposition id="8-3">Au Mexique</proposition>
        <proposition id="8-4">En Chine</proposition>
      </propositions>
      <réponse proposition="8-4">En Chine</réponse>
      <anecdote>À l'origine, le cerf-volant servait de signal, mais aussi à porter des messages, à effrayer les ennemis ou à évaluer des distances.</anecdote>
    </contenu>
    <contenu id="9">
      <question>En quelle année la couturière Mary Quant a-t-elle inventé la minijupe ?</question>
      <propositions>
        <proposition id="9-1">1954</proposition>
        <proposition id="9-2">1964</proposition>
        <proposition id="9-3">1944</proposition>
        <proposition id="9-4">1974</proposition>
      </propositions>
      <réponse proposition="9-2">1964</réponse>
      <anecdote>En 1966, Mary Quant fut promue Officier de l'Ordre de l'Empire britannique pour services rendus à l'industrie de la mode.</anecdote>
    </contenu>
    <contenu id="10">
      <question>Quel billet le banquier Law a-t-il inventé au XVIIIe siècle ?</question>
      <propositions>
        <proposition id="10-1">Le billet doux</proposition>
        <proposition id="10-2">Le billet de loterie</proposition>
        <proposition id="10-3">Le billet notarial</proposition>
        <proposition id="10-4">Le billet de banque</proposition>
      </propositions>
      <réponse proposition="10-4">Le billet de banque</réponse>
      <anecdote>John Law recommanda l'utilisation de papier-monnaie plutôt que de monnaie métallique afin de faciliter le commerce et l'investissement.</anecdote>
    </contenu>
  </débutant>
  <confirmé>
    <contenu id="11">
      <question>Quel terme fut inventé en 1955 par le philologue français Jacques Perret ?</question>
      <propositions>
        <proposition id="11-1">Imprimante</proposition>
        <proposition id="11-2">Ampoule</proposition>
        <proposition id="11-3">Transistor</proposition>
        <proposition id="11-4">Ordinateur</proposition>
      </propositions>
      <réponse proposition="11-4">Ordinateur</réponse>
      <anecdote>Le terme « Ordinateur » voulait dire, selon les intentions du docteur en lettres, « Dieu mettant de l'ordre dans le monde ».</anecdote>
    </contenu>
    <contenu id="12">
      <question>Quel français a inventé le stéthoscope, alors une simple liasse de papiers roulés ?</question>
      <propositions>
        <proposition id="12-1">Léon Binet</proposition>
        <proposition id="12-2">Louis Pasteur</proposition>
        <proposition id="12-3">René Laennec</proposition>
        <proposition id="12-4">Louis Braille</proposition>
      </propositions>
      <réponse proposition="12-3">René Laennec</réponse>
      <anecdote>Ce procédé certes rudimentaire permettait d'éloigner l'oreille du médecin de son patient pour des raisons de pudeur et d'efficacité.</anecdote>
    </contenu>
    <contenu id="13">
      <question>Quelle grande marque inventa en 1936 le sac à dos aux nombreuses applications ?</question>
      <propositions>
        <proposition id="13-1">Adidas</proposition>
        <proposition id="13-2">Lacoste</proposition>
        <proposition id="13-3">Lafuma</proposition>
        <proposition id="13-4">Puma</proposition>
      </propositions>
      <réponse proposition="13-3">Lafuma</réponse>
      <anecdote>Du transport de matériel scolaire aux utilisations sportives ou professionnelles, chaque sac à dos est adapté à son utilisation.</anecdote>
    </contenu>
    <contenu id="14">
      <question>Charles Darrow, inventeur du jeu de Monopoly, était lors de son invention en 1935...</question>
      <propositions>
        <proposition id="14-1">Au chômage</proposition>
        <proposition id="14-2">Agent immobilier</proposition>
        <proposition id="14-3">En prison</proposition>
        <proposition id="14-4">Banquier</proposition>
      </propositions>
      <réponse proposition="14-1">Au chômage</réponse>
      <anecdote>Malgré de nombreuses difficultés, Charles Darrow réussit finalement à faire éditer son jeu par la société Parker Brothers en 1935.</anecdote>
    </contenu>
    <contenu id="15">
      <question>Quel savant italien a découvert le principe de la pile électrique ?</question>
      <propositions>
        <proposition id="15-1">Bugatti</proposition>
        <proposition id="15-2">Marconi</proposition>
        <proposition id="15-3">Volta</proposition>
        <proposition id="15-4">Turriano</proposition>
      </propositions>
      <réponse proposition="15-3">Volta</réponse>
      <anecdote>À l'origine, le terme « pile » désignait un dispositif inventé par Alessandro Volta, composé d'un empilement de rondelles.</anecdote>
    </contenu>
    <contenu id="16">
      <question>Quelle invention Nicolas Appert a-t-il mise au point pour les armées de Napoléon ?</question>
      <propositions>
        <proposition id="16-1">Le lit de camp</proposition>
        <proposition id="16-2">Le tissu imperméable</proposition>
        <proposition id="16-3">Le ceinturon</proposition>
        <proposition id="16-4">La conserve</proposition>
      </propositions>
      <réponse proposition="16-4">La conserve</réponse>
      <anecdote>Par sa méthode de conservation, Nicolas Appert a créé en France la première usine de conserves au monde.</anecdote>
    </contenu>
    <contenu id="17">
      <question>Quelle marque a inventé la cassette audio ou minicassette ?</question>
      <propositions>
        <proposition id="17-1">Fuji</proposition>
        <proposition id="17-2">Sony</proposition>
        <proposition id="17-3">BASF</proposition>
        <proposition id="17-4">Philips</proposition>
      </propositions>
      <réponse proposition="17-4">Philips</réponse>
      <anecdote>Bien que le CD ait supplanté la cassette audio, on peut encore en trouver des exemplaires vierges dans beaucoup d'enseignes.</anecdote>
    </contenu>
    <contenu id="18">
      <question>Quel célèbre médecin a conçu une table de correspondance entre les rêves et les organes ?</question>
      <propositions>
        <proposition id="18-1">Pilate</proposition>
        <proposition id="18-2">Icare</proposition>
        <proposition id="18-3">Hippocrate</proposition>
        <proposition id="18-4">Pythagore</proposition>
      </propositions>
      <réponse proposition="18-3">Hippocrate</réponse>
      <anecdote>« Père de la Médecine », son école de médecine hippocratique a intellectuellement révolutionné la pratique de la médecine.</anecdote>
    </contenu>
    <contenu id="19">
      <question>À qui doit-on le prototype de la première dynamo industrielle réalisé en 1869 ?</question>
      <propositions>
        <proposition id="19-1">Zénobe Gramme</proposition>
        <proposition id="19-2">Frédéric Neuhaus</proposition>
        <proposition id="19-3">John Cockerill</proposition>
        <proposition id="19-4">Victor Simon</proposition>
      </propositions>
      <réponse proposition="19-1">Zénobe Gramme</réponse>
      <anecdote>La dynamo est une machine à courant continu fonctionnant en générateur électrique par induction électromagnétique.</anecdote>
    </contenu>
    <contenu id="20">
      <question>Quel physicien et mathématicien italien a inventé le baromètre en 1643 ?</question>
      <propositions>
        <proposition id="20-1">Orazio Grassi</proposition>
        <proposition id="20-2">Pietro Blaserna</proposition>
        <proposition id="20-3">Giuseppe Piazzi</proposition>
        <proposition id="20-4">Evangelista Torricelli</proposition>
      </propositions>
      <réponse proposition="20-4">Evangelista Torricelli</réponse>
      <anecdote>Un baromètre, pouvant aussi servir d'altimètre, est un instrument de mesure servant à mesurer la pression atmosphérique.</anecdote>
    </contenu>
  </confirmé>
  <expert>
    <contenu id="21">
      <question>Quel ingénieur écossais fut le premier à utiliser le terme « cheval-vapeur » ?</question>
      <propositions>
        <proposition id="21-1">James Watt</proposition>
        <proposition id="21-2">Alexander Thom</proposition>
        <proposition id="21-3">Henry Dyer</proposition>
        <proposition id="21-4">William Rankine</proposition>
      </propositions>
      <réponse proposition="21-1">James Watt</réponse>
      <anecdote>En 1879, les 38 lignes d'omnibus de Paris requéraient l'entretien pharaonique de pas moins de 16 500 chevaux.</anecdote>
    </contenu>
    <contenu id="22">
      <question>Selon la légende, quelle spécialité le grec Aphtonite aurait-il inventée ?</question>
      <propositions>
        <proposition id="22-1">Le jambon cru</proposition>
        <proposition id="22-2">Les rillettes</proposition>
        <proposition id="22-3">Le saucisson</proposition>
        <proposition id="22-4">Le boudin noir</proposition>
      </propositions>
      <réponse proposition="22-4">Le boudin noir</réponse>
      <anecdote>Le boudin noir est fabriqué à partir de sang et de graisse de porc, et, dans une moindre mesure, de sang de mouton ou de chèvre.</anecdote>
    </contenu>
    <contenu id="23">
      <question>Quelle société a inventé (et pas breveté) la souris de votre ordinateur ?</question>
      <propositions>
        <proposition id="23-1">Xerox</proposition>
        <proposition id="23-2">Microsoft</proposition>
        <proposition id="23-3">Hewlett Packard</proposition>
        <proposition id="23-4">IBM</proposition>
      </propositions>
      <réponse proposition="23-1">Xerox</réponse>
      <anecdote>Douglas Carl Engelbart a déposé 21 brevets au total, dont un pour sa souris en 1967 qu'il reçut en 1970.</anecdote>
    </contenu>
    <contenu id="24">
      <question>Quel était le véritable métier de Samuel Morse, qui déposa en 1840 le brevet du télégraphe ?</question>
      <propositions>
        <proposition id="24-1">Chorégraphe danseur</proposition>
        <proposition id="24-2">Écrivain éditeur</proposition>
        <proposition id="24-3">Peintre sculpteur</proposition>
        <proposition id="24-4">Compositeur lyrique</proposition>
      </propositions>
      <réponse proposition="24-3">Peintre sculpteur</réponse>
      <anecdote>Le génie de Samuel Morse fut de concevoir une machine simple, efficace, bon marché et robuste à la fois.</anecdote>
    </contenu>
    <contenu id="25">
      <question>Quel docteur et professeur en médecine est surtout connu pour avoir inventé le basket-ball ?</question>
      <propositions>
        <proposition id="25-1">Martin Roy</proposition>
        <proposition id="25-2">Gordon Herbert</proposition>
        <proposition id="25-3">Jacques Dextraze</proposition>
        <proposition id="25-4">James Naismith</proposition>
      </propositions>
      <réponse proposition="25-4">James Naismith</réponse>
      <anecdote>Durant sa jeunesse, James Naismith était un gymnaste et un joueur de football canadien de haut niveau à l'université McGill.</anecdote>
    </contenu>
    <contenu id="26">
      <question>Dans quel pays le 'Lego' a-t-il été inventé par un charpentier ?</question>
      <propositions>
        <proposition id="26-1">Suède</proposition>
        <proposition id="26-2">Norvège</proposition>
        <proposition id="26-3">Finlande</proposition>
        <proposition id="26-4">Danemark</proposition>
      </propositions>
      <réponse proposition="26-4">Danemark</réponse>
      <anecdote>Le nom de la société fut créé par Ole Kirk Christiansen en 1932, à partir du danois « leg godt », signifiant « joue bien ».</anecdote>
    </contenu>
    <contenu id="27">
      <question>Quel inventeur français a mis au point la première carte à puce ?</question>
      <propositions>
        <proposition id="27-1">Gustave Lyon</proposition>
        <proposition id="27-2">Léon Bollée</proposition>
        <proposition id="27-3">Roland Moreno</proposition>
        <proposition id="27-4">Henri Fourel</proposition>
      </propositions>
      <réponse proposition="27-3">Roland Moreno</réponse>
      <anecdote>Roland Moreno a reçu pour son invention de la carte à puce l'Oscar du livre mondial des inventions en 1985.</anecdote>
    </contenu>
    <contenu id="28">
      <question>Combien de brevets furent déposés par Thomas Edison au cours de sa vie ?</question>
      <propositions>
        <proposition id="28-1">1 074</proposition>
        <proposition id="28-2">234</proposition>
        <proposition id="28-3">421</proposition>
        <proposition id="28-4">57</proposition>
      </propositions>
      <réponse proposition="28-1">1 074</réponse>
      <anecdote>Thomas Edison employa au cours de sa vie plus de 35 000 personnes dans son « empire industriel » fondé sur l'électricité.</anecdote>
    </contenu>
    <contenu id="29">
      <question>Louis Réard a inventé le bikini, mais quel était son véritable métier ?</question>
      <propositions>
        <proposition id="29-1">Coiffeur</proposition>
        <proposition id="29-2">Charcutier</proposition>
        <proposition id="29-3">Ingénieur automobile</proposition>
        <proposition id="29-4">Barbier</proposition>
      </propositions>
      <réponse proposition="29-3">Ingénieur automobile</réponse>
      <anecdote>Il le présenta en 1946 à la piscine Molitor, porté par Micheline Bernardini, une danseuse nue bien connue du Casino de Paris.</anecdote>
    </contenu>
    <contenu id="30">
      <question>Quelle était la nationalité des deux ingénieurs inventeurs du carburateur ?</question>
      <propositions>
        <proposition id="30-1">Roumaine</proposition>
        <proposition id="30-2">Suisse</proposition>
        <proposition id="30-3">Hongroise</proposition>
        <proposition id="30-4">Autrichienne</proposition>
      </propositions>
      <réponse proposition="30-3">Hongroise</réponse>
      <anecdote>Le carburateur permet de préparer un mélange d'air et de carburant pour constituer un mélange de richesse adéquate.</anecdote>
    </contenu>
  </expert>
</quizz>