1;fr;Qui fut la présentatrice du journal de 20 heures sur TF1 de 2008 à 2012 ?;Laurence Ferrari;Béatrice Schönberg;Anne-Sophie Lapix;Florence Schaal;Débutant;Laurence Ferrari entend désormais « dépoussiérer l'actualité » en traitant toutes sortes de sujets.;https://fr.wikipedia.org/wiki/Laurence_Ferrari
2;fr;Qui a remplacé Claude Sérillon à la présentation du journal de 20 heures de France 2 ?;David Pujadas;Daniel Bilalian;Bruno Masure;Claude Sérillon;Débutant;David Pujadas a remporté en 2007 le prix Roland-Dorgelès pour son « attachement à la qualité de la langue française ».;https://fr.wikipedia.org/wiki/David_Pujadas
3;fr;Qui a animé chaque jour C à vous sur France 5 de 2009 à 2013 ?;Alessandra Sublet;Karine Ferri;Valérie Bénaïm;Sonia Dubois;Débutant;Alessandra Sublet est la fille de Joël Sublet, ancien footballeur de l'Olympique lyonnais ayant joué dans les années 1970.;https://fr.wikipedia.org/wiki/Alessandra_Sublet
4;fr;Quel animateur de télévision a présenté huit saisons de Secret Story ?;Benjamin Castaldi;Denis Brogniart;Marc-Olivier Fogiel;Cyril Hanouna;Débutant;Benjamin Castaldi est le fils de Jean-Pierre Castaldi et Catherine Allégret mais aussi le petit-fils de l'actrice Simone Signoret.;https://fr.wikipedia.org/wiki/Benjamin_Castaldi
5;fr;Qui a co-animé entre 2011 et 2018 une émission télévisée aux côtés de Nicolas Canteloup ?;Nikos Aliagas;Jean-Pierre Foucault;Sébastien Cauet;Julien Courbet;Débutant;En avril 2011, Nikos a doublé un personnage (Flamenco) dans le film Rio aux côtés de Karine Ferri et Nicolas Richaud.;https://fr.wikipedia.org/wiki/Nikos_Aliagas
6;fr;Qui a succédé à Michel Denisot à la présentation du Grand Journal sur Canal+ ?;Antoine de Caunes;Philippe Gildas;Jérôme Bonaldi;Philippe Risoli;Débutant;Antoines de Caunes est l'auteur-compositeur, sous le pseudonyme de Paul Persavon, de génériques d'émissions pour enfants.;https://fr.wikipedia.org/wiki/Antoine_de_Caunes
7;fr;Quel présentateur de télévision est un fin spécialiste des familles royales ?;Stéphane Bern;Denis Brogniart;Gérard Holtz;Michel Drucker;Débutant;Stéphane Bern a fait son coming out dans le magazine Têtu en octobre 2009, puis chez Mireille Dumas la même année.;https://fr.wikipedia.org/wiki/Stéphane_Bern
8;fr;Quel animateur télé est incontestablement associé à Koh-Lanta ?;Denis Brogniart;Nikos Aliagas;Jean-Pierre Foucault;Sébastien Cauet;Débutant;Marié en 2007, Denis Brogniart a quatre enfants (nés entre 2000 et 2007) dont trois avec son épouse Hortense.;https://fr.wikipedia.org/wiki/Denis_Brogniart
9;fr;Qui a présenté jusque 2018 le Grand Concours des Animateurs chaque année sur TF1 ?;Carole Rousseau;Sophie Favier;Alexandra Kazan;Nathalie Simon;Débutant;Carole Rousseau a également présenté Scrupules ainsi que les trois première saisons de l'émission MasterChef.;https://fr.wikipedia.org/wiki/Carole_Rousseau
10;fr;Quel animateur télé vous proposait autrefois de le retrouver sur les Champs-Élysées ?;Michel Drucker;Michel Denisot;Alexandre Devoise;Guillaume Durand;Débutant;Michel Drucker produit aux côtés de Françoise Coquet ses émissions depuis 1984 avec DMD Productions.;https://fr.wikipedia.org/wiki/Michel_Drucker
11;fr;Quel animateur télé aujourd'hui disparu a très vite été surnommé l'homme à l'oreillette ?;Jean-Luc Delarue;Benjamin Castaldi;Philippe Gildas;Antoine de Caunes;Confirmé;Jean-Luc Delarue a été confronté à différentes difficultés d'ordre judiciaire avec Réservoir Prod ainsi qu'à titre personnel.;https://fr.wikipedia.org/wiki/Jean-Luc_Delarue
12;fr;Qui a le premier animé La revue de presse dans Salut les Terriens! ?;Stéphane Guillon;Gaspard Proust;Antoine de Caunes;Laurent Baffie;Confirmé;Dans l'émission 20h10 pétantes, Stéphane Guillon a parfois été confronté à la colère, à l'hostilité, voire le mépris de certains invités.;https://fr.wikipedia.org/wiki/Stéphane_Guillon
13;fr;Laquelle de ces journalistes a été chroniqueuse télé auprès de Laurent Ruquier ?;Natacha Polony;Virginie Mouzat;Anne Fulda;Élisabeth Quin;Confirmé;Le 19 mars 2015, Natacha Polony a reçu le prix du Livre incorrect 2015 pour son livre Ce pays qu'on abat.;https://fr.wikipedia.org/wiki/Natacha_Polony
14;fr;En télévision, quel polémiste et essayiste est souvent associé à Éric Naulleau ?;Éric Zemmour;Jean Dutourd;Christophe Barbier;Maurice Joly;Confirmé;Après avoir écrit plusieurs biographies d'hommes politiques, Éric Zemmour s'est tourné en 2006-2007 vers les sujets sociétaux.;https://fr.wikipedia.org/wiki/Éric_Zemmour
15;fr;Lequel de ces animateurs a co-produit de nombreuses émissions avec Catherine Barma ?;Thierry Ardisson;Bruno Gaccio;Olivier Chiabodo;Pierre Bellemare;Confirmé;En 2005, Thierry Ardisson crée la société Ardimages dans le but de produire des longs-métrages et des séries pour la télévision.;https://fr.wikipedia.org/wiki/Thierry_Ardisson
16;fr;Quel animateur de télévision reste connu pour ses démonstrations presque toujours défaillantes ?;Patrice Carmouze;Antoine de Caunes;Stéphane Guillon;Laurent Baffie;Confirmé;Après une jeunesse passée à Limoges, Patrice Carmouze y obtiendra une licence de lettres et une maîtrise de droit.;https://fr.wikipedia.org/wiki/Patrice_Carmouze
17;fr;Qui faisait chanter les jeunes enfants à la télévision le dimanche après-midi ?;Jacques Martin;Bruno Masure;Alain Chabat;Thierry Beccaro;Confirmé;Fin cuisinier, Jacques Martin était le petit-fils de Joannès Ducerf, chef de cuisine du tsar Nicolas II de Russie.;https://fr.wikipedia.org/wiki/Jacques_Martin_(animateur)
18;fr;Quel homme de télé est réputé pour son sens de la répartie et son humour grinçant ?;Laurent Baffie;Stéphane Bern;Michel Drucker;Gérard Holtz;Confirmé;En 2003, Laurent Baffie réalise son premier long métrage, Les Clefs de bagnole, dans lequel il partage la vedette avec Daniel Russo.;https://fr.wikipedia.org/wiki/Laurent_Baffie
19;fr;Qui dirige depuis 2003 les candidats de Fort Boyard sur France 2 ?;Olivier Minne;Michel Field;Florian Gazan;Frédéric Lopez;Confirmé;Olivier Minne a fait des apparitions dans la série Un gars, une fille, incarnant alors un des copains de Jean.;https://fr.wikipedia.org/wiki/Olivier_Minne
20;fr;Quel animateur de télévision vous interdit de « toucher à son poste » ?;Cyril Hanouna;Vincent Perrot;Léon Zitrone;Pascal Sevran;Confirmé;Le 7 juin 2013, Cyril Hanouna a remporté pour la première fois le tournoi des personnalités de Roland-Garros.;https://fr.wikipedia.org/wiki/Cyril_Hanouna
21;fr;Quel était le salaire mensuel de Julien Lepers pour le jeu Questions pour un champion ?;39 000 euros;26 000 euros;13 000 euros;47 000 euros;Expert;Julien Lepers est également chef d'entreprise via sa société Guilor, spécialisée en conseil pour les affaires et la gestion.;https://fr.wikipedia.org/wiki/Julien_Lepers
22;fr;Quel animateur de télévision a toujours affirmé avoir Patrick Sabatier comme idole absolue ?;Marc-Olivier Fogiel;Guy Lux;Thomas Hugues;Bernard Montiel;Expert;Parfois surnommé le « pitbull du PAF », Marc-Olivier Fogiel se distingue en interviews par un style agressif et cassant.;https://fr.wikipedia.org/wiki/Marc-Olivier_Fogiel
23;fr;Quelle animatrice a affirmé que « la quête de vérité » était sa première motivation ?;Élise Lucet;Audrey Pulvar;Marie Drucker;Christine Ockrent;Expert;Elle qualifie son émission comme « un grain de sable qui empêche la machine de tourner » et donc « réveille les consciences ».;https://fr.wikipedia.org/wiki/Élise_Lucet
24;fr;À quel animateur doit-on la célèbre phrase : Vive le sport sur France 2 ?;Gérard Holtz;Laurent Mariotte;Georges Lang;Jean-Luc Lemoine;Expert;Gérard Holtz a présenté le journal de 13 heures de France 2 entre septembre 2000 et juillet 2001.;https://fr.wikipedia.org/wiki/Gérard_Holtz
25;fr;Quel chroniqueur du Canal Football Club est parfois accompagné d'Hervé Mathoux ?;Pierre Ménès;Laurent Bazin;Vincent Perrot;Christian Ollivier;Expert;Du fait de son rôle de polémiste, Pierre Ménès est entré à plusieurs reprises en conflit avec différents acteurs du football.;https://fr.wikipedia.org/wiki/Pierre_Ménès
26;fr;Quel animateur de télévision est souvent surnommé le « Prince polonais » par William Leymergie ?;Laurent Romejko;Bruce Toussaint;Stéphane Plaza;Ariel Wizman;Expert;En 2000, il participe au lancement de la chaîne Santé Vie et présente un journal destiné aux professionnels de la santé.;https://fr.wikipedia.org/wiki/Laurent_Romejko
27;fr;Quel est le nom de la société de production de Julien Courbet ?;La Concepteria;Coyote;Reservoir Prod;Atlangtic;Expert;Julien Courbet est un cavalier émérite qui concourt sous son véritable nom (Frédéric Courbet).;https://fr.wikipedia.org/wiki/Julien_Courbet
28;fr;Qui fut le premier à animer La Chasse aux trésors sur Antenne 2 en 1981 ?;Philippe Gildas;Jean Lanzi ;Didier Lecat ;Bruce Toussaint;Expert;Philippe Gildas a publié son autobiographie Comment réussir à la télévision quand on est petit, breton, avec de grandes oreilles.;https://fr.wikipedia.org/wiki/Philippe_Gildas
29;fr;Quel animateur de télévision a chanté Cuitas les bananas ?;Philippe Risoli;Sébastien Cauet;Thierry Beccaro;Pascal Brunner;Expert;Philippe Risoli a fait son grand retour à la télévision sur la chaîne Gulli en 2009 en y présentant L'École des fans.;https://fr.wikipedia.org/wiki/Philippe_Risoli
30;fr;Quel animateur produit des émissions de télé grâce à sa société Coyote ?;Ch. Dechavanne;Th. Ardisson;V. Perrot;O. Minne;Expert;Christophe Dechavanne figure parmi les premières personnalités à avoir proposé le préservatif à un franc.;https://fr.wikipedia.org/wiki/Christophe_Dechavanne
31;en;Who was the presenter of the 20 hours newspaper on TF1 from 2008 to 2012 ?;Laurence Ferrari;Béatrice Schönberg;Anne-Sophie Lapix;Florence Schaal;Beginner;Laurence Ferrari now intends to 'dust off the news' by dealing with all kinds of topics.;https://en.wikipedia.org/wiki/Laurence_Ferrari
32;en;Who replaced Claude Sérillon at the presentation of the 20 hours newspaper of France 2 ?;David Pujadas;Daniel Bilalian;Bruno Masure;Claude Sérillon;Beginner;David Pujadas won the 2007 Roland-Dorgelès Award for his 'commitment to the quality of the French language'.;https://en.wikipedia.org/wiki/David_Pujadas
33;en;Who animated every day C à vous on France 5 from 2009 to 2013 ?;Alessandra Sublet;Karine Ferri;Valérie Bénaïm;Sonia Dubois;Beginner;Alessandra Sublet is the daughter of Joël Sublet, a former Olympique Lyonnais footballer who played in the 1970s.;https://en.wikipedia.org/wiki/Alessandra_Sublet
34;en;Which television host presented eight seasons of Secret Story ?;Benjamin Castaldi;Denis Brogniart;Marc-Olivier Fogiel;Cyril Hanouna;Beginner;Benjamin Castaldi is the son of Jean-Pierre Castaldi and Catherine Allégret but also the grandson of actress Simone Signoret.;https://en.wikipedia.org/wiki/Benjamin_Castaldi
35;en;Who co-animates since 2011 a televised broadcast alongside Nicolas Canteloup ?;Nikos Aliagas;Jean-Pierre Foucault;Sebastien Cauet;Julien Courbet;Beginner;In April 2011, Nikos dubbed a character (Flamenco) in the film 'I Rio' alongside Karine Ferri and Nicolas Richaud.;https://en.wikipedia.org/wiki/Nikos_Aliagas
36;en;Who succeeded Michel Denisot at the presentation of the Grand Journal on Canal + ?;Antoine de Caunes;Philippe Gildas;Jerome Bonaldi;Philippe Risoli;Beginner;Antoines de Caunes is the author-composer, under the pseudonym of Paul Persavon, of generals of children's programs.;https://en.wikipedia.org/wiki/Antoine_de_Caunes
37;en;Which TV presenter is a specialist end of royal families ?;Stéphane Bern;Denis Brogniart;Gérard Holtz;Michel Drucker;Beginner;Stéphane Bern came out in the magazine Tétu in October 2009, then at Mireille Dumas the same year.;https://en.wikipedia.org/wiki/Stéphane_Bern
38;en;Which TV host is unquestionably associated with Koh-Lanta ?;Denis Brogniart;Nikos Aliagas;Jean-Pierre Foucault;Sebastien Cauet;Beginner;Married in 2007, Denis Brogniart has four children (born between 2000 and 2007) including three with his wife Hortense.;https://en.wikipedia.org/wiki/Denis_Brogniart
39;en;Who presents the Grand Concours des Animateurs every year on TF1 ?;Carole Rousseau;Sophie Favier;Alexandra Kazan;Nathalie Simon;Beginner;Carole Rousseau has also presented Scrupules as well as the first three seasons of the MasterChef broadcast.;https://en.wikipedia.org/wiki/Carole_Rousseau
40;en;Which TV host did you propose to find him on the Champs-Élysées ?;Michel Drucker;Michel Denisot;Alexandre Devoise;Guillaume Durand;Beginner;Michel Drucker produced alongside François Coquet his performances since 1984 with DMD Productions.;https://en.wikipedia.org/wiki/Michel_Drucker
41;en;What TV host today disappeared was quickly dubbed the man with the headset ?;Jean-Luc Delarue;Benjamin Castaldi;Philippe Gildas;Antoine de Caunes;Confirmed;Jean-Luc Delarue has been confronted with various judicial difficulties with Tank Prod and personally.;https://en.wikipedia.org/wiki/Jean-Luc_Delarue
42;en;Who first animated The Press Review in Hey Terrans! ?;Stéphane Guillon;Gaspard Proust;Antoine de Caunes;Laurent Baffie;Confirmed;In the show 20h10 pétantes, Stéphane Guillon was sometimes confronted with the anger, the hostility, even the contempt of some guests.;
43;en;Which of these journalists was a columnist televised with Laurent Ruquier ?;Natacha Polony;Virginie Mouzat;Anne Fulda;Elisabeth Quin;Confirmed;On March 19, 2015, Natacha Polony received the 2015 Bad Book Award for her book This Country That's Felled.;https://en.wikipedia.org/wiki/Natacha_Polony
44;en;In television, which polemist and essayist is often associated with Eric Naulleau ?;Éric Zemmour;Jean Dutourd;Christophe Barbier;Maurice Joly;Confirmed;After writing several biographies of politicians, Zemmour Zemmour turned in 2006-2007 to societal topics.;
45;en;Which of these animators has co-produced numerous programs with Catherine Barma ?;Thierry Ardisson;Bruno Gaccio;Olivier Chiabodo;Pierre Bellemare;Confirmed;In 2005, Thierry Ardisson created the company Ardimages with the aim of producing long films and series for television.;https://en.wikipedia.org/wiki/Thierry_Ardisson
46;en;Which TV host remains known for his almost always failing demonstrations ?;Patrice Carmouze;Antoine de Caunes;Stéphane Guillon;Laurent Baffie;Confirmed;After a youth passed in Limoges, Patrice Carmouze will obtain a license of letters and a master's degree of law.;
47;en;Who was singing young children on television on Sunday afternoons ?;Jacques Martin;Bruno Masure;Alain Chabat;Thierry Beccaro;Confirmed;Fine cook, Jacques Martin was the grandson of Joannès Ducerf, chef of Tsar Nicholas II of Russia.;https://en.wikipedia.org/wiki/Jacques_Martin_(TV_host)
48;en;Which TV man is reputed for his sense of party and his gritty humor ?;Laurent Baffie;Stéphane Bern;Michel Drucker;Gerry Holtz;Confirmed;In 2003, Laurent Baffie made his first feature film, The Keys of Cars, in which he co-starred with Daniel Russo.;https://en.wikipedia.org/wiki/Laurent_Baffie
49;en;Who has been running Fort Boyard 's candidates since 2003 on France 2 ?;Olivier Minne;Michel Field;Florian Gazan;Brother Lopez;Confirmed;Olivier Minne made appearances in the serie A guy, a girl, then playing one of Jean's friends.;https://en.wikipedia.org/wiki/Olivier_Minne
50;en;Which TV presenter forbids you to 'touch his job' ?;Cyril Hanouna;Vincent Perrot;Léon Zitrone;Pascal Sevran;Confirmed;On June 7, 2013, Cyril Hanouna won for the first time the tournament of personalities of Roland-Garros.;https://en.wikipedia.org/wiki/Cyril_Hanouna
51;en;What was Julien Lepers' monthly salary for the game Questions for a Champion ?;EUR 39,000;EUR 26,000;EUR 13,000;EUR 47,000;Expert;Julien Lepers is also a company manager through his company Guilor, specializing in business and management consulting.;https://en.wikipedia.org/wiki/Julien_Lepers
52;en;Which television host has always claimed to have Patrick Sabatier as an absolute idol ?;Marc-Olivier Fogiel;Guy Lux;Thomas Hugues;Bernard Montiel;Expert;Sometimes nicknamed the 'PAF pitbull', Marc-Olivier Fogiel is distinguished in interviews by an aggressive and brittle style.;https://en.wikipedia.org/wiki/Marc-Olivier_Fogiel
53;en;Which facilitator said that 'the quest for truth' was her first motivation ?;Élise Lucet;Audrey Pulvar;Marie Drucker;Christine Ockrent;Expert;She calls her mission 'a grain of sand that prevents the machine from turning' and so 'awakens consciousness'.;
54;en;To which animator do we have the famous phrase: Long live the sport on France 2 ?;Gerry Holtz;Laurent Mariotte;Georges Lang;Jean-Luc Lemoine;Expert;Gérard Holtz presented France 2's 13-hour journal between September 2000 and July 2001.;
55;en;Which columnist of the Canal Football Club is sometimes accompanied by Hervé Mathoux ?;Pierre Ménès;Laurent Bazin;Vincent Perrot;Christian Ollivier;Expert;Due to his polemical role, Pierre Ménès has repeatedly come into conflict with different football players.;
56;en;Which TV host is often nicknamed the 'Polish Prince' by William Leymergie ?;Laurent Romejko;Bruce Toussaint;Stéphane Plaza;Ariel Wizman;Expert;In 2000, he participated in the launch of the Health Life channel and presented a journal for health professionals.;https://en.wikipedia.org/wiki/Laurent_Romejko
57;en;What is the name of Julien Courbet's production company ?;La Concepteria;Coyote;Reservoir Prod;Atlangtic;Expert;Julien Courbet is an eminent rider who competes under his real name (Frédéric Courbet).;https://en.wikipedia.org/wiki/Julien_Courbet
58;en;Who was the first to animate The Treasure Hunt on Antenne 2 ?;Philippe Gildas;Jean Lanzi;Didier Lecat;Bruce Toussaint;Expert;Philippe Gildas published his autobiography How to achieve television when you are small, Breton, with big ears.;https://en.wikipedia.org/wiki/Philippe_Gildas
59;en;Which TV host sang Cuitas bananas ?;Philippe Risoli;Sebastien Cauet;Thierry Beccaro;Pascal Brunner;Expert;Philippe Risoli made his grand return to television on the Gulli TV channel in 2009 by presenting The Fan School.;https://en.wikipedia.org/wiki/Philippe_Risoli
60;en;Which animator produces radio shows at his company Coyote ?;Ch. Dechavanne;Th. Ardisson;V. Perrot;O. Minne;Expert;Christophe Dechavanne is among the first personalities to have proposed the condom to a franc.;https://en.wikipedia.org/wiki/Christophe_Dechavanne
61;de;Wer war der Moderator der 20-Stunden-Zeitung zu TF1 von 2008 bis 2012 ?;Laurence Ferrari;Béatrice Schönberg;Anne-Sophie Lapix;Florence Schaal;Newbie;Laurence Ferrari beabsichtigt nun, die Nachrichten 'abzuwischen', indem er sich mit allen möglichen Themen befasst.;
62;de;Wer ersetzte Claude Sérillon bei der Präsentation der 20-Stunden-Zeitung von France 2 ?;David Pujadas;Daniel Bilalian;Bruno Masure;Claude Sérillon;Newbie;David Pujadas wurde 2007 mit dem Roland-Dorgelès-Preis für sein Engagement für die Qualität der französischen Sprache ausgezeichnet.;
63;de;Wer hat jeden Tag C à vous auf France 5 von 2009 bis 2013 animiert ?;Alessandra Sublet;Karine Ferri;Valérie Bénaam;Sonia Dubois;Newbie;Alessandra Sublet ist die Tochter von Joël Sublet, einer ehemaligen Olympique Lyonnais-Fußballspielerin, die in den 1970er Jahren spielte.;
64;de;Welcher Fernsehmoderator präsentierte acht Staffeln von Secret Story ?;Benjamin Castaldi;Denis Brogniart;Marc-Olivier Fogiel;Cyril Hanouna;Newbie;Benjamin Castaldi ist der Sohn von Jean-Pierre Castaldi und Catherine Allégret, aber auch der Enkel der Schauspielerin Simone Signoret.;
65;de;Wer animiert seit 2011 eine Fernsehsendung neben Nicolas Canteloup ?;Nikos Aliagas;Jean-Pierre Foucault;Sebastien Cauet;Julien Courbet;Newbie;Im April 2011 nannte Nikos neben Karine Ferri und Nicolas Richaud eine Figur (Flamenco) in dem Film 'I Rio'.;
66;de;Wer ist Michel Denisot bei der Präsentation des Grand Journal auf Canal + gelungen ?;Antoine de Caunes;Philippe Gildas;Jerome Bonaldi;Philippe Risoli;Newbie;Antoines de Caunes ist der Komponist von Generälen von Kinderprogrammen unter dem Pseudonym Paul Persavon.;https://de.wikipedia.org/wiki/Antoine_de_Caunes
67;de;Welcher TV-Moderator ist ein Spezialist für königliche Familien ?;Stéphane Bern;Denis Brogniart;Gérard Holtz;Michel Drucker;Newbie;Stéphane Bern erschien im Oktober 2009 in der Zeitschrift Tétu, dann im selben Jahr bei Mireille Dumas.;
68;de;Welcher TV-Host ist unzweifelhaft mit Koh-Lanta verbunden ?;Denis Brogniart;Nikos Aliagas;Jean-Pierre Foucault;Sebastien Cauet;Newbie;Denis Brogniart ist seit 2007 verheiratet und hat vier Kinder (geboren 2000 bis 2007), davon drei mit seiner Frau Hortense.;
69;de;Wer präsentiert jedes Jahr die Grand Concours des Animateurs auf TF1 ?;Carole Rousseau;Sophie Favier;Alexandra Kazan;Nathalie Simon;Newbie;Carole Rousseau hat außerdem Scrupules sowie die ersten drei Staffeln der MasterChef Sendung vorgestellt.;
70;de;Welchen TV-Moderator haben Sie vorgeschlagen, ihn auf den Champs-Élysées zu finden ?;Michel Drucker;Michel Denisot;Alexandre Devoise;Guillaume Durand;Newbie;Michel Drucker produzierte neben François Coquet seine Auftritte seit 1984 bei DMD Productions.;https://de.wikipedia.org/wiki/Michel_Drucker
71;de;Welcher TV-Moderator heute verschwunden war, wurde der Mann mit dem Headset schnell genannt.;Jean-Luc Delarue;Benjamin Castaldi;Philippe Gildas;Antoine de Caunes;Bestätigt;Jean-Luc Delarue war mit Tank Prod und persönlich mit verschiedenen rechtlichen Schwierigkeiten konfrontiert.;
72;de;Wer hat zuerst The Press Review in Hey Terrans! animiert ?;Stéphane Guillon;Gaspard Proust;Antoine de Caunes;Laurent Baffie;Bestätigt;In der Show 20:10 pétantes wurde Stéphane Guillon manchmal mit der Wut, der Feindseligkeit und sogar der Verachtung einiger Gäste konfrontiert.;
73;de;Welcher dieser Journalisten war ein mit Laurent Ruquier ausgestrahlter Kolumnist ?;Natacha Polony;Virginie Mouzat;Anne Fulda;Elisabeth Quin;Bestätigt;Am 19. März 2015 erhielt Natacha Polony den Bad Book Award 2015 für ihr Buch Dieses Land, das gefallen ist.;
74;de;Welcher Polemist und Essayist wird im Fernsehen oft mit Eric Naulleau in Verbindung gebracht ?;Éric Zemmour;Jean Dutourd;Christophe Barbier;Maurice Joly;Bestätigt;Nachdem er mehrere Biographien von Politikern verfasst hatte, wandte sich Zemmour Zemmour 2006-2007 an gesellschaftliche Themen.;
75;de;Welcher dieser Animatoren hat mit Catherine Barma zahlreiche Programme gemeinsam produziert ?;Thierry Ardisson;Bruno Gaccio;Olivier Chiabodo;Pierre Bellemare;Bestätigt;Im Jahr 2005 gründete Thierry Ardisson die Firma Ardimages mit dem Ziel, lange Filme und Serien für das Fernsehen zu produzieren.;
76;de;Welcher TV-Moderator bleibt für seine fast immer scheiternden Demonstrationen bekannt ?;Patrice Carmouze;Antoine de Caunes;Stéphane Guillon;Laurent Baffie;Bestätigt;Nachdem ein Jugendlicher in Limoges verstorben ist, erhält Patrice Carmouze eine Lizenz für Briefe und einen Master-Abschluss in Recht.;
77;de;Wer sang am Sonntagnachmittag kleine Kinder im Fernsehen ?;Jacques Martin;Bruno Masure;Alain Chabat;Thierry Beccaro;Bestätigt;Der feine Koch Jacques Martin war der Enkel von Joannès Ducerf, Chefkoch des Zaren Nikolaus II.;https://de.wikipedia.org/wiki/Jacques_Martin_(Moderator)
78;de;Welcher TV-Mann ist bekannt für sein Partygefühl und seinen harten Humor ?;Laurent Baffie;Stéphane Bern;Michel Drucker;Gerry Holtz;Bestätigt;Im Jahr 2003 drehte Laurent Baffie seinen ersten Spielfilm, The Keys of Cars, in dem er zusammen mit Daniel Russo spielte.;
79;de;Wer hat seit 2003 die Kandidaten für Fort Boyard auf France 2 geführt ?;Olivier Minne;Michel Field;Florian Gazan;Bruder Lopez;Bestätigt;Olivier Minne erschien in der Serie Ein Mann, ein Mädchen und spielte dann einen Freund von Jean.;https://de.wikipedia.org/wiki/Olivier_Minne
80;de;Welcher Fernsehmoderator verbietet Ihnen, 'seinen Job zu berühren' ?;Cyril Hanouna;Vincent Perrot;Léon Zitrone;Pascal Sevran;Bestätigt;Am 7. Juni 2013 gewann Cyril Hanouna zum ersten Mal das Turnier der Persönlichkeiten von Roland-Garros.;
81;de;Wie hoch war das Monatsgehalt von Julien Lepers für das Spiel Fragen an einen Champion ?;39.000 EUR;26.000 EUR;13.000 EUR;47.000 EUR;Expert;Julien Lepers ist auch Unternehmensmanager durch seine Firma Guilor, die sich auf Unternehmens- und Managementberatung spezialisiert hat.;
82;de;Welcher Fernsehmoderator hat immer behauptet, Patrick Sabatier als absolutes Idol zu haben ?;Marc-Olivier Fogiel;Guy Lux;Thomas Hugues;Bernard Montiel;Expert;Marc-Olivier Fogiel wird manchmal auch 'PAF-Pitbull' genannt und zeichnet sich in Interviews durch einen aggressiven und spröden Stil aus.;
83;de;Welcher Moderator sagte, dass 'die Suche nach der Wahrheit' ihre erste Motivation war ?;Élise Lucet;Audrey Pulvar;Marie Drucker;Christine Ockrent;Expert;Sie nennt ihre Mission 'ein Sandkorn, das die Maschine daran hindert, sich zu drehen' und so 'das Bewusstsein erweckt'.;
84;de;Für welchen Animator haben wir den berühmten Satz: Es lebe der Sport auf France 2 ?;Gerry Holtz;Laurent Mariotte;Georges Lang;Jean-Luc Lemoine;Expert;Gérard Holtz präsentierte die 13-Stunden-Zeitschrift von France 2 zwischen September 2000 und Juli 2001.;
85;de;Welcher Kolumnist des Canal Football Club wird manchmal von Hervé Mathoux begleitet ?;Pierre Ménés;Laurent Bazin;Vincent Perrot;Christian Ollivier;Expert;Aufgrund seiner polemischen Rolle geriet Pierre Méné immer wieder in Konflikt mit verschiedenen Fußballspielern.;
86;de;Welcher TV-Moderator wird von William Leymergie oft als 'polnischer Prinz' bezeichnet ?;Laurent Romejko;Bruce Toussaint;Stéphane Plaza;Ariel Wizman;Expert;Im Jahr 2000 beteiligte er sich an der Lancierung des Kanals Health Life und präsentierte eine Zeitschrift für Angehörige der Gesundheitsberufe.;
87;de;Wie heißt die Produktionsfirma von Julien Courbet ?;La Concepteria;Coyote;Reservoir Prod;Atlangtic;Expert;Julien Courbet ist ein berühmter Reiter, der unter seinem richtigen Namen (Frédéric Courbet) antritt.;
88;de;Wer hat als Erste The Treasure Hunt auf Antenne 2 animiert ?;Philippe Gildas;Jean Lanzi;Didier Lecat;Bruce Toussaint;Expert;Philippe Gildas veröffentlichte seine Autobiografie Wie man mit kleinen Ohren Breton mit großen Ohren erreicht.;
89;de;Welcher TV-Moderator hat Cuitas Bananen gesungen ?;Philippe Risoli;Sebastien Cauet;Thierry Beccaro;Pascal Brunner;Expert;Philippe Risoli kehrte 2009 im Gulli-Fernsehsender mit seiner Show The Fan School zurück.;
90;de;Welcher Animator produziert in seiner Firma Coyote Radiosendungen ?;Ch. Dechavanne;Th. Ardisson;V. Perrot;O. Minne;Expert;Christophe Dechavanne gehört zu den ersten Persönlichkeiten, die das Kondom für einen Franken vorgeschlagen haben.;
91;es;¿Quién fue el presentador del periódico de 20 horas en TF1 de 2008 a 2012 ?;Laurence Ferrari;Béatrice Schönberg;Anne-Sophie Lapix;Florencia Schaal;Novato;Laurence Ferrari ahora tiene la intención de 'desempolvar las noticias' al tratar con todo tipo de temas.;
92;es;¿Quién reemplazó a Claude Sérillon en la presentación del periódico de 20 horas de France 2 ?;David pujadas;Daniel Bilalian;Bruno Masure;Claude Sérillon;Novato;David Pujadas ganó el Premio Roland-Dorgelès 2007 por su 'compromiso con la calidad de la lengua francesa'.;https://es.wikipedia.org/wiki/David_Pujadas
93;es;¿Quién animó todos los días C à vous en France 5 de 2009 a 2013 ?;Alessandra Sublet;Karine Ferri;Valérie Bénaïm;Sonia Dubois;Novato;Alessandra Sublet es la hija de Joël Sublet, un ex futbolista del Olympique Lyonnais que jugó en la década de 1970.;
94;es;¿Qué presentador de televisión presentó ocho temporadas de Secret Story ?;Benjamin Castaldi;Denis Brogniart;Marc-Olivier Fogiel;Cyril Hanouna;Novato;Benjamin Castaldi es hijo de Jean-Pierre Castaldi y Catherine Allégret, pero también es nieto de la actriz Simone Signoret.;
95;es;¿Quién co-anima desde 2011 una transmisión televisada junto a Nicolas Canteloup ?;Nikos Aliagas;Jean-Pierre Foucault;Sebastien Cauet;Julien Courbet;Novato;En abril de 2011, Nikos apodó a un personaje (flamenco) en la película Rio junto a Karine Ferri y Nicolas Richaud.;https://es.wikipedia.org/wiki/Nikos_Aliagas
96;es;¿Quién sucedió a Michel Denisot en la presentación del Grand Journal en Canal + ?;Antoine de Caunes;Philippe Gildas;Jerome Bonaldi;Philippe Risoli;Novato;Antoines de Caunes es el autor-compositor, bajo el seudónimo de Paul Persavon, de generales de programas infantiles.;https://es.wikipedia.org/wiki/Antoine_de_Caunes
97;es;¿Qué presentador de televisión es un extremo especializado de las familias reales ?;Stéphane Bern;Denis Brogniart;Gérard Holtz;Michel Drucker;Novato;Stéphane Bern apareció en la revista Tétu en octubre de 2009, y luego en Mireille Dumas el mismo año.;https://es.wikipedia.org/wiki/Stéphane_Bern
98;es;¿Qué host de TV está asociado indiscutiblemente con Koh-Lanta ?;Denis Brogniart;Nikos Aliagas;Jean-Pierre Foucault;Sebastien Cauet;Novato;Casado en 2007, Denis Brogniart tiene cuatro hijos (nacidos entre 2000 y 2007), incluidos tres con su esposa Hortense.;
99;es;¿Quién presenta el Grand Concours des Animateurs cada año en TF1 ?;Carole rousseau;Sophie Favier;Alexandra Kazan;Nathalie Simon;Novato;Carole Rousseau también ha presentado Scrupules, así como las primeras tres temporadas de la transmisión de MasterChef.;
100;es;¿Qué presentador de televisión propusiste encontrarlo en el Champs-Élysées ?;Michel Drucker;Michel Denisot;Alexandre Devoise;Guillaume Durand;Novato;Michel Drucker produjo junto a François Coquet sus actuaciones desde 1984 con DMD Productions.;
101;es;¿Qué presentador de televisión desapareció hoy fue apodado rápidamente el hombre con el auricular ?;Jean-Luc Delarue;Benjamin Castaldi;Philippe Gildas;Antoine de Caunes;Confirmado;Jean-Luc Delarue se ha enfrentado a diversas dificultades judiciales con Tank Prod y personalmente.;https://es.wikipedia.org/wiki/Jean-Luc_Delarue
102;es;¿Quién animó por primera vez The Press Review en Hey Terrans! ?;Stéphane Guillon;Gaspard Proust;Antoine de Caunes;Laurent Baffie;Confirmado;En el espectáculo 20h10 pétantes, Stéphane Guillon se enfrentaba a veces con la ira, la hostilidad e incluso el desprecio de algunos invitados.;
103;es;¿Cuál de estos periodistas fue un columnista televisado con Laurent Ruquier ?;Natacha Polony;Virginie Mouzat;Anne Fulda;Elisabeth Quin;Confirmado;El 19 de marzo de 2015, Natacha Polony recibió el Premio al Libro Malo 2015 por su libro Ce pays qu'on abat.;
104;es;En televisión, ¿qué polemista y ensayista se asocia a menudo con Eric Naulleau ?;Éric Zemmour;Jean Dutourd;Christophe Barbier;Maurice joly;Confirmado;Después de escribir varias biografías de políticos, Zemmour Zemmour pasó en 2006-2007 a temas sociales.;
105;es;¿Cuál de estos animadores ha coproducido numerosos programas con Catherine Barma ?;Thierry Ardisson;Bruno Gaccio;Olivier chiabodo;Pierre Bellemare;Confirmado;En 2005, Thierry Ardisson creó la empresa Ardimages con el objetivo de producir películas y series largas para televisión.;
106;es;¿Qué presentador de televisión sigue siendo conocido por sus demostraciones casi siempre fallidas ?;Patrice Carmouze;Antoine de Caunes;Stéphane Guillon;Laurent Baffie;Confirmado;Después de que un joven falleció en Limoges, Patrice Carmouze obtendrá una licencia de letras y una maestría en derecho.;
107;es;¿Quién cantaba niños pequeños en la televisión los domingos por la tarde ?;Jacques Martin;Bruno Masure;Alain Chabat;Thierry Beccaro;Confirmado;Buen cocinero, Jacques Martin era nieto de Joannès Ducerf, chef del zar Nicolás II de Rusia.;https://es.wikipedia.org/wiki/Jacques_Martin_(presentador_de_televisión)
108;es;¿Qué hombre de televisión tiene fama por su sentido de la fiesta y su humor áspero ?;Laurent Baffie;Stéphane Berna;Michel Drucker;Gerry Holtz;Confirmado;En 2003, Laurent Baffie hizo su primer largometraje, The Keys of Cars, en el que actuó junto a Daniel Russo.;
109;es;¿Quién ha estado postulando a los candidatos de Fort Boyard desde 2003 en France 2 ?;Olivier Minne;Michel Field;Florian Gazan;Hermano López;Confirmado;Olivier Minne hizo apariciones en la serie Un chico, una chica, y luego interpretando a uno de los amigos de Jean.;
110;es;¿Qué presentador de televisión te prohíbe 'tocar su trabajo' ?;Cyril Hanouna;Vincent Perrot;Léon Zitrone;Pascal Sevran;Confirmado;El 7 de junio de 2013, Cyril Hanouna ganó por primera vez el torneo de personalidades de Roland-Garros.;
111;es;¿Cuál fue el salario mensual de Julien Lepers para el juego Questions for a Champion ?;EUR 39.000;EUR 26,000;EUR 13,000;EUR 47,000;Experto;Julien Lepers también es gerente de la compañía a través de su compañía Guilor, que se especializa en consultoría de negocios y administración.;
112;es;¿Qué presentador de televisión siempre ha afirmado tener a Patrick Sabatier como un ídolo absoluto ?;Marc-Olivier Fogiel;Guy Lux;Thomas Hugues;Bernard Montiel;Experto;A veces apodado el 'pitbull PAF', Marc-Olivier Fogiel se distingue en las entrevistas por un estilo agresivo y frágil.;
113;es;¿Qué facilitador dijo que 'la búsqueda de la verdad' fue su primera motivación ?;Élise Lucet;Audrey pulvar;Marie Drucker;Christine Ockrent;Experto;Ella llama a su misión 'un grano de arena que evita que la máquina gire' y por lo tanto 'despierta la conciencia'.;
114;es;¿A qué animador tenemos la famosa frase: Viva el deporte en France 2 ?;Gerry Holtz;Laurent mariotte;Georges Lang;Jean-Luc Lemoine;Experto;Gérard Holtz presentó el diario de 13 horas de France 2 entre septiembre de 2000 y julio de 2001.;
115;es;¿Qué columnista del Club de Fútbol del Canal a veces está acompañado por Hervé Mathoux ?;Pierre Ménès;Laurent Bazin;Vincent Perrot;Christian Ollivier;Experto;Debido a su papel polémico, Pierre Méné ha entrado en conflicto repetidamente con diferentes jugadores de fútbol.;
116;es;¿Qué presentador de televisión es a menudo apodado el 'Príncipe polaco' por William Leymergie ?;Laurent Romejko;Bruce Toussaint;Stéphane Plaza;Ariel Wizman;Experto;En 2000, participó en el lanzamiento del canal Health Life y presentó una revista para profesionales de la salud.;
117;es;¿Cómo se llama la productora de Julien Courbet ?;La Concepteria;Coyote;Reservoir Prod;Atlangtic;Experto;Julien Courbet es un piloto eminente que compite bajo su nombre real (Frédéric Courbet).;
118;es;¿Quién fue el primero en animar The Treasure Hunt en Antenne 2 ?;Philippe Gildas;Jean Lanzi;Didier Lecat;Bruce Toussaint;Experto;Philippe Gildas publicó su autobiografía Cómo alcanzar la televisión cuando eres pequeño, bretón, con orejas grandes.;
119;es;¿Qué presentador de televisión cantó Cuitas bananas ?;Philippe Risoli;Sebastien Cauet;Thierry Beccaro;Pascal Brunner;Experto;Philippe Risoli hizo su gran regreso a la televisión en el canal de televisión Gulli en 2009 con la presentación de The Fan School.;
120;es;¿Qué animador produce programas de radio en su compañía Coyote ?;Ch. Dechavanne;Th. Ardisson;V. Perrot;O. Minne;Experto;Christophe Dechavanne es una de las primeras personalidades en proponer el condón a un franco.;
121;it;Chi era il presentatore del giornale di 20 ore su TF1 dal 2008 al 2012 ?;Laurence Ferrari;Béatrice Schönberg;Anne-Sophie Lapix;Florence Schaal;Newbie;Laurence Ferrari ora intende 'rispolverare le notizie' affrontando tutti i tipi di argomenti.;
122;it;Chi ha sostituito Claude Sérillon alla presentazione del giornale di 20 ore di France 2 ?;David Pujadas;Daniel Bilalian;Bruno Masure;Claude Sérillon;Newbie;David Pujadas ha vinto il premio Roland-Dorgelès 2007 per il suo 'impegno per la qualità della lingua francese'.;
123;it;Chi ha animato ogni giorno C à vous su France 5 dal 2009 al 2013 ?;Alessandra Sublet;Karine Ferri;Valérie Bénaïm;Sonia Dubois;Newbie;Alessandra Sublet è la figlia di Joël Sublet, ex calciatore dell'Olympique Lyonnais che ha giocato negli anni '70.;https://it.wikipedia.org/wiki/Alessandra_Sublet
124;it;Quale conduttore televisivo ha presentato otto stagioni di Secret Story ?;Benjamin Castaldi;Denis Brogniart;Marc-Olivier Fogiel;Cyril Hanouna;Newbie;Benjamin Castaldi è il figlio di Jean-Pierre Castaldi e Catherine Allégret, ma anche il nipote dell'attrice Simone Signoret.;
125;it;Chi co-anima dal 2011 una trasmissione televisiva al fianco di Nicolas Canteloup ?;Nikos Aliagas;Jean-Pierre Foucault;Sebastien Cauet;Julien Courbet;Newbie;Nell'aprile 2011, Nikos ha soprannominato un personaggio (Flamenco) nel film I Rio al fianco di Karine Ferri e Nicolas Richaud.;
126;it;Chi è riuscito a Michel Denisot alla presentazione del Grand Journal su Canal + ?;Antoine de Caunes;Philippe Gildas;Jerome Bonaldi;Philippe Risoli;Newbie;Antoines de Caunes è l'autore-compositore, sotto lo pseudonimo di Paul Persavon, di generici di programmi per bambini.;https://it.wikipedia.org/wiki/Antoine_de_Caunes
127;it;Quale conduttore televisivo è una fine specialista delle famiglie reali ?;Stéphane Bern;Denis Brogniart;Gérard Holtz;Michel Drucker;Newbie;Stéphane Bern è uscito nella rivista Tétu nell'ottobre 2009, poi a Mireille Dumas lo stesso anno.;
128;it;Quale host TV è indiscutibilmente associato a Koh-Lanta ?;Denis Brogniart;Nikos Aliagas;Jean-Pierre Foucault;Sebastien Cauet;Newbie;Sposato nel 2007, Denis Brogniart ha quattro figli (nati tra il 2000 e il 2007) di cui tre con la moglie Hortense.;
129;it;Chi presenta il Grand Concours des Animateurs ogni anno su TF1 ?;Carole Rousseau;Sophie Favier;Alexandra Kazan;Nathalie Simon;Newbie;Carole Rousseau ha anche presentato Scrupules così come le prime tre stagioni della trasmissione MasterChef.;
130;it;Quale conduttore televisivo hai proposto di trovarlo su Champs-Élysées ?;Michel Drucker;Michel Denisot;Alexandre Devoise;Guillaume Durand;Newbie;Michel Drucker ha prodotto insieme a François Coquet le sue esibizioni dal 1984 con DMD Productions.;https://it.wikipedia.org/wiki/Michel_Drucker
131;it;Quale conduttore televisivo oggi scomparso è stato rapidamente soprannominato l'uomo con l'auricolare ?;Jean-Luc Delarue;Benjamin Castaldi;Philippe Gildas;Antoine de Caunes;Confermato;Jean-Luc Delarue ha dovuto affrontare varie difficoltà giudiziarie con Tank Prod e personalmente.;
132;it;Chi ha prima animato The Press Review in Hey Terrans! ?;Stéphane Guillon;Gaspard Proust;Antoine de Caunes;Laurent Baffie;Confermato;Nello spettacolo 20h10 pétantes, Stéphane Guillon a volte si confrontava con la rabbia, l'ostilità, persino il disprezzo di alcuni ospiti.;
133;it;Quale di questi giornalisti era un giornalista televisivo con Laurent Ruquier ?;Natacha Polony;Virginie Mouzat;Anne Fulda;Elisabeth Quin;Confermato;Il 19 marzo 2015 Natacha Polony ha ricevuto il Bad Book Award 2015 per il suo libro Ce pays qu'on abat.;
134;it;In televisione, quale polemista e saggista è spesso associato a Eric Naulleau ?;Éric Zemmour;Jean Dutourd;Christophe Barbier;Maurice Joly;Confermato;Dopo aver scritto diverse biografie di politici, Zemmour Zemmour si è trasformato nel 2006-2007 in temi sociali.;
135;it;Quale di questi animatori ha coprodotto numerosi programmi con Catherine Barma ?;Thierry Ardisson;Bruno Gaccio;Olivier Chiabodo;Pierre Bellemare;Confermato;Nel 2005, Thierry Ardisson ha creato la società Ardimages con l'obiettivo di produrre lungometraggi e serie per la televisione.;
136;it;Quale conduttore televisivo è noto per le sue dimostrazioni quasi sempre mancate ?;Patrice Carmouze;Antoine de Caunes;Stéphane Guillon;Laurent Baffie;Confermato;Dopo che un giovane è passato a Limoges, Patrice Carmouze otterrà una licenza di lettere e un master di legge.;
137;it;Chi cantava i bambini in televisione la domenica pomeriggio ?;Jacques Martin;Bruno Masure;Alain Chabat;Thierry Beccaro;Confermato;Cuoco eccellente, Jacques Martin era il nipote di Joannès Ducerf, cuoco dello zar Nicola II di Russia.;https://it.wikipedia.org/wiki/Jacques_Martin_(conduttore_televisivo)
138;it;Quale uomo della TV è noto per il suo senso di festa e il suo umorismo grintoso ?;Laurent Baffie;Stéphane Bern;Michel Drucker;Gerry Holtz;Confermato;Nel 2003, Laurent Baffie realizza il suo primo lungometraggio, The Keys of Cars, in cui recita con Daniel Russo.;
139;it;Chi ha partecipato ai candidati di Fort Boyard dal 2003 su France 2 ?;Olivier Minne;Campo Michel;Florian Gazan;Fratello Lopez;Confermato;Olivier Minne ha fatto apparizioni nella serie Un ragazzo, una ragazza, poi interpretando uno degli amici di Jean.;https://it.wikipedia.org/wiki/Olivier_Minne
140;it;Quale presentatore televisivo ti vieta di 'toccare il suo lavoro' ?;Cyril Hanouna;Vincent Perrot;Léon Zitrone;Pascal Sevran;Confermato;Il 7 giugno 2013, Cyril Hanouna ha vinto per la prima volta il torneo di personalità del Roland-Garros.;
141;it;Qual è stato lo stipendio mensile di Julien Lepers per il gioco Domande per un campione ?;39.000 EUR;26.000 EUR;13000 EUR;47.000 EUR;Expert;Julien Lepers è anche un manager dell'azienda attraverso la sua azienda Guilor, specializzata in consulenza aziendale e di gestione.;
142;it;Quale conduttore televisivo ha sempre affermato di avere Patrick Sabatier come un idolo assoluto ?;Marc-Olivier Fogiel;Guy Lux;Thomas Hugues;Bernard Montiel;Expert;A volte soprannominato il 'pitbull PAF', Marc-Olivier Fogiel si distingue nelle interviste con uno stile aggressivo e fragile.;
143;it;Quale facilitatore ha detto che 'la ricerca della verità' è stata la sua prima motivazione ?;Élise Lucet;Audrey Pulvar;Marie Drucker;Christine Ockrent;Expert;Chiama la sua missione 'un granello di sabbia che impedisce alla macchina di girare' e così 'risveglia la coscienza'.;
144;it;A quale animatore abbiamo la famosa frase: Viva lo sport su France 2 ?;Gerry Holtz;Laurent Mariotte;Georges Lang;Jean-Luc Lemoine;Expert;Gérard Holtz ha presentato il diario delle 13 ore di France 2 tra settembre 2000 e luglio 2001.;
145;it;Quale editorialista del Canal Football Club è talvolta accompagnato da Hervé Mathoux ?;Pierre Ménès;Laurent Bazin;Vincent Perrot;Christian Ollivier;Expert;A causa del suo ruolo polemico, Pierre Ménès è entrato ripetutamente in conflitto con diversi giocatori di football.;
146;it;Quale conduttore televisivo viene spesso soprannominato il 'Principe polacco' di William Leymergie ?;Laurent Romejko;Bruce Toussaint;Stéphane Plaza;Ariel Wizman;Expert;Nel 2000, ha partecipato al lancio del canale Health Life e ha presentato un diario per i professionisti della salute.;
147;it;Come si chiama la compagnia di produzione di Julien Courbet ?;La Concepteria;Coyote;Reservoir Prod;Atlangtic;Expert;Julien Courbet è un pilota eminente che gareggia sotto il suo vero nome (Frédéric Courbet).;
148;it;Chi è stato il primo ad animare The Treasure Hunt su Antenne 2 ?;Philippe Gildas;Jean Lanzi;Didier Lecat;Bruce Toussaint;Expert;Philippe Gildas ha pubblicato la sua autobiografia Come raggiungere la televisione quando sei piccolo, bretone, con le orecchie grandi.;
149;it;Quale conduttore televisivo ha cantato banane Cuitas ?;Philippe Risoli;Sebastien Cauet;Thierry Beccaro;Pascal Brunner;Expert;Philippe Risoli ha fatto il suo grande ritorno in televisione sul canale Gulli TV nel 2009 presentando The Fan School.;
150;it;Quale animatore produce programmi radiofonici nella sua compagnia Coyote ?;Ch. Dechavanne;Th. Ardisson;V. Perrot;O. Minne;Expert;Christophe Dechavanne è tra le prime personalità ad aver proposto il preservativo a un franco.;
151;nl;Wie was de presentator van de 20-uurskrant op TF1 van 2008 tot 2012 ?;Laurence Ferrari;Béatrice Schönberg;Anne-Sophie Lapix;Florence Schaal;Newbie;Laurence Ferrari is nu van plan om 'het nieuws af te stoffen' door allerlei onderwerpen aan te pakken.;
152;nl;Wie verving Claude S ?rillon bij de presentatie van de 20-urenkrant van Frankrijk 2 ?;David Pujadas;Daniel Bilalian;Bruno Masure;Claude Sérillon;Newbie;David Pujadas won de 2007 Roland-Dorgelès Award voor zijn 'toewijding aan de kwaliteit van de Franse taal'.;https://nl.wikipedia.org/wiki/David_Pujadas
153;nl;Wie bezielde elke dag C à vous op France 5 van 2009 tot 2013 ?;Alessandra Sublet;Karine Ferri;Valérie Bénaïm;Sonia Dubois;Newbie;Alessandra Sublet is de dochter van Joël Sublet, een voormalig voetballer van Olympique Lyonnais die in de jaren zeventig speelde.;
154;nl;Welke televisiegastheer presenteerde acht seizoenen van Secret Story ?;Benjamin Castaldi;Denis Brogniart;Marc-Olivier Fogiel;Cyril Hanouna;Newbie;Benjamin Castaldi is de zoon van Jean-Pierre Castaldi en Catherine Allégret maar ook de kleinzoon van actrice Simone Signoret.;
155;nl;Wie co-animeert sinds 2011 een uitzending op televisie naast Nicolas Canteloup ?;Nikos Aliagas;Jean-Pierre Foucault;Sebastien Cauet;Julien Courbet;Newbie;In april 2011 noemde Nikos een personage (Flamenco) in de film 'I Rio' naast Karine Ferri en Nicolas Richaud.;
156;nl;Wie is Michel Denisot geslaagd bij de presentatie van het Grand Journal op Canal + ?;Antoine de Caunes;Philippe Gildas;Jerome Bonaldi;Philippe Risoli;Newbie;Antoines de Caunes is de auteur-componist, onder het pseudoniem van Paul Persavon, van generaals van kinderprogramma's.;
157;nl;Welke tv-presentator is een specialistisch einde van koninklijke families ?;Stéphane Bern;Denis Brogniart;Gérard Holtz;Michel Drucker;Newbie;Stéphane Bern kwam uit in het tijdschrift Tétu in oktober 2009, vervolgens in Mireille Dumas hetzelfde jaar.;
158;nl;Welke tv-host is onbetwistbaar geassocieerd met Koh-Lanta ?;Denis Brogniart;Nikos Aliagas;Jean-Pierre Foucault;Sebastien Cauet;Newbie;Getrouwd in 2007, Denis Brogniart heeft vier kinderen (geboren tussen 2000 en 2007) waarvan drie met zijn vrouw Hortense.;
159;nl;Wie presenteert elk jaar het Grand Concours des Animateurs op TF1 ?;Carole Rousseau;Sophie Favier;Alexandra Kazan;Nathalie Simon;Newbie;Carole Rousseau heeft ook Scrupules gepresenteerd, evenals de eerste drie seizoenen van de MasterChef uitzending.;
160;nl;Welke tv-presentator stelde u voor hem op de Champs-Élysées te vinden ?;Michel Drucker;Michel Denisot;Alexandre Devoise;Guillaume Durand;Newbie;Michel Drucker produceerde samen met François Coquet zijn uitvoeringen sinds 1984 met DMD Productions.;
161;nl;Welke tv-presentator vandaag verdwenen was, werd snel de man met de headset genoemd ?;Jean-Luc Delarue;Benjamin Castaldi;Philippe Gildas;Antoine de Caunes;Bevestigd;Jean-Luc Delarue werd geconfronteerd met verschillende juridische problemen met zowel Reservoir Prod als persoonlijk.;
162;nl;Wie animeerde eerst The Press Review in Hey Terrans! ?;Stéphane Guillon;Gaspard Proust;Antoine de Caunes;Laurent Baffie;Bevestigd;In de show 20u10 pétantes werd Stéphane Guillon soms geconfronteerd met de woede, de vijandigheid en zelfs de minachting van sommige gasten.;
163;nl;Welke van deze journalisten was een columnist die op televisie was uitgezonden met Laurent Ruquier ?;Natacha Polony;Virginie Mouzat;Anne Fulda;Elisabeth Quin;Bevestigd;Op 19 maart 2015 ontving Natacha Polony de 2015 Bad Book Award voor haar boek Ce pays qu'on abat.;
164;nl;Op televisie, welke polemist en essayist wordt vaak geassocieerd met Eric Naulleau ?;Éric Zemmour;Jean Dutourd;Christophe Barbier;Maurice Joly;Bevestigd;Na het schrijven van verschillende biografieën van politici, draaide Zemmour Zemmour in 2006-2007 naar maatschappelijke onderwerpen.;
165;nl;Welke van deze animators heeft meerdere programma's gecoproduceerd met Catherine Barma ?;Thierry Ardisson;Bruno Gaccio;Olivier Chiabodo;Pierre Bellemare;Bevestigd;In 2005 creëerde Thierry Ardisson het bedrijf Ardimages met als doel het produceren van speelfilms en series voor televisie.;
166;nl;Welke tv-host staat nog steeds bekend om zijn bijna altijd falende demonstraties ?;Patrice Carmouze;Antoine de Caunes;Stéphane Guillon;Laurent Baffie;Bevestigd;Na een jeugd verstreken in Limoges, zal Patrice Carmouze een brevet van brieven en een licentiaatsdiploma behalen.;
167;nl;Wie zong op zondagmiddag jonge kinderen op televisie ?;Jacques Martin;Bruno Masure;Alain Chabat;Thierry Beccaro;Bevestigd;Fijne kok, Jacques Martin was de kleinzoon van Joannès Ducerf, chef-kok van Tsaar Nicolaas II van Rusland.;
168;nl;Welke tv-man staat bekend om zijn feestvreugde en zijn gruizige humor ?;Laurent Baffie;Stéphane Bern;Michel Drucker;Gerry Holtz;Bevestigd;In 2003 maakte Laurent Baffie zijn eerste speelfilm, The Keys of Cars, waarin hij samen met Daniel Russo speelde.;
169;nl;Wie heeft sinds 2003 Fort Boyard kandidaten voor Frankrijk 2 gerund ?;Olivier Minne;Michel Field;Florian Gazan;Broeder Lopez;Bevestigd;Olivier Minne maakte optredens in de serie Een jongen, een meisje en speelde toen een van Jean's vrienden.;
170;nl;Welke tv-presentator verbiedt je om 'zijn werk aan te raken' ?;Cyril Hanouna;Vincent Perrot;Léon Zitrone;Pascal Sevran;Bevestigd;Op 7 juni 2013 won Cyril Hanouna voor de eerste keer het toernooi van persoonlijkheden van Roland-Garros.;
171;nl;Wat was het maandsalaris van Julien Lepers voor de game Vragen voor een kampioen ?;EUR 39.000;EUR 26.000;EUR 13.000;EUR 47.000;Expert;Julien Lepers is ook bedrijfsmanager via zijn bedrijf Guilor, gespecialiseerd in bedrijfs- en managementadvies.;
172;nl;Welke televisiepresentator heeft altijd beweerd dat Patrick Sabatier een absoluut idool is ?;Marc-Olivier Fogiel;Guy Lux;Thomas Hugues;Bernard Montiel;Expert;Soms wordt hij de 'PAF pitbull' genoemd, maar Marc-Olivier Fogiel onderscheidt zich in interviews door een agressieve en broze stijl.;
173;nl;Welke facilitator zei dat 'de zoektocht naar de waarheid' haar eerste motivatie was ?;Élise Lucet;Audrey Pulvar;Marie Drucker;Christine Ockrent;Expert;Ze noemt haar missie 'een zandkorrel die voorkomt dat de machine draait' en dus 'ontwaakt bewustzijn'.;
174;nl;Aan welke animator hebben we de bekende uitdrukking: Leve de sport op Frankrijk 2 ?;Gerry Holtz;Laurent Mariotte;Georges Lang;Jean-Luc Lemoine;Expert;Gérard Holtz presenteerde het 13-uursjournaal van France 2 tussen september 2000 en juli 2001.;
175;nl;Welke columnist van de Canal Football Club wordt soms vergezeld door Hervé Mathoux ?;Pierre Ménes;Laurent Bazin;Vincent Perrot;Christian Ollivier;Expert;Vanwege zijn polemische rol is Pierre Méné herhaaldelijk in conflict geraakt met verschillende voetbalspelers.;
176;nl;Welke tv-host wordt door William Leymergie vaak de 'Poolse prins' genoemd ?;Laurent Romejko;Bruce Toussaint;Stéphane Plaza;Ariel Wizman;Expert;In 2000 nam hij deel aan de lancering van het Health Life-kanaal en presenteerde een tijdschrift voor gezondheidswerkers.;
177;nl;Hoe heet het productiebedrijf van Julien Courbet ?;La Concepteria;Coyote;Reservoir Prod;Atlangtic;Expert;Julien Courbet is een eminente rijder die concurreert onder zijn echte naam (Frédéric Courbet).;
178;nl;Wie was de eerste om The Treasure Hunt op Antenne 2 te animeren ?;Philippe Gildas;Jean Lanzi;Didier Lecat;Bruce Toussaint;Expert;Philippe Gildas publiceerde zijn autobiografie Hoe je televisie kunt bereiken als je klein bent, Bretons, met grote oren.;
179;nl;Welke tv-presentator zong Cuitas bananen ?;Philippe Risoli;Sebastien Cauet;Thierry Beccaro;Pascal Brunner;Expert;Philippe Risoli maakte zijn grote terugkeer naar televisie op de Gulli TV-zender in 2009 door The Fan School.;
180;nl;Welke animator produceert radioprogramma's bij zijn bedrijf Coyote ?;Ch. Dechavanne;Th Ardisson;V. Perrot;O. Minne;Expert;Christophe Dechavanne is een van de eerste persoonlijkheden die het condoom heeft voorgesteld aan een frank.;