{
  "fournisseur": "OpenQuizzDB - Fournisseur de contenu libre (www.openquizzdb.org)",
  "rédacteur": "Philippe Bresoux",
  "thème": "Animateurs télé en France (Stars du petit écran)",
  "difficulté": 3,
  "quizz": {
    "fr": [
      {
      "débutant": [
      {
        "id": 1,
        "question": "Qui fut la présentatrice du journal de 20 heures sur TF1 de 2008 à 2012 ?",
        "propositions": [
          "Laurence Ferrari",
          "Florence Schaal",
          "Anne-Sophie Lapix",
          "Béatrice Schönberg"
        ],
        "réponse": "Laurence Ferrari",
        "anecdote": "Laurence Ferrari entend désormais « dépoussiérer l'actualité » en traitant toutes sortes de sujets."
      },
      {
        "id": 2,
        "question": "Qui a remplacé Claude Sérillon à la présentation du journal de 20 heures de France 2 ?",
        "propositions": [
          "David Pujadas",
          "Bruno Masure",
          "Daniel Bilalian",
          "Claude Sérillon"
        ],
        "réponse": "David Pujadas",
        "anecdote": "David Pujadas a remporté en 2007 le prix Roland-Dorgelès pour son « attachement à la qualité de la langue française »."
      },
      {
        "id": 3,
        "question": "Qui a animé chaque jour 'C à vous' sur France 5 de 2009 à 2013 ?",
        "propositions": [
          "Karine Ferri",
          "Alessandra Sublet",
          "Sonia Dubois",
          "Valérie Bénaïm"
        ],
        "réponse": "Alessandra Sublet",
        "anecdote": "Alessandra Sublet est la fille de Joël Sublet, ancien footballeur de l'Olympique lyonnais ayant joué dans les années 1970."
      },
      {
        "id": 4,
        "question": "Quel animateur de télévision a présenté huit saisons de 'Secret Story' ?",
        "propositions": [
          "Benjamin Castaldi",
          "Cyril Hanouna",
          "Denis Brogniart",
          "Marc-Olivier Fogiel"
        ],
        "réponse": "Benjamin Castaldi",
        "anecdote": "Benjamin Castaldi est le fils de Jean-Pierre Castaldi et Catherine Allégret mais aussi le petit-fils de l'actrice Simone Signoret."
      },
      {
        "id": 5,
        "question": "Qui a co-animé entre 2011 et 2018 une émission télévisée aux côtés de Nicolas Canteloup ?",
        "propositions": [
          "Nikos Aliagas",
          "Jean-Pierre Foucault",
          "Sébastien Cauet",
          "Julien Courbet"
        ],
        "réponse": "Nikos Aliagas",
        "anecdote": "En avril 2011, Nikos a doublé un personnage (Flamenco) dans le film 'Rio' aux côtés de Karine Ferri et Nicolas Richaud."
      },
      {
        "id": 6,
        "question": "Qui a succédé à Michel Denisot à la présentation du 'Grand Journal' sur Canal+ ?",
        "propositions": [
          "Jérôme Bonaldi",
          "Philippe Gildas",
          "Antoine de Caunes",
          "Philippe Risoli"
        ],
        "réponse": "Antoine de Caunes",
        "anecdote": "Antoines de Caunes est l'auteur-compositeur, sous le pseudonyme de Paul Persavon, de génériques d'émissions pour enfants."
      },
      {
        "id": 7,
        "question": "Quel présentateur de télévision est un fin spécialiste des familles royales ?",
        "propositions": [
          "Stéphane Bern",
          "Michel Drucker",
          "Gérard Holtz",
          "Denis Brogniart"
        ],
        "réponse": "Stéphane Bern",
        "anecdote": "Stéphane Bern a fait son coming out dans le magazine 'Têtu' en octobre 2009, puis chez Mireille Dumas la même année."
      },
      {
        "id": 8,
        "question": "Quel animateur télé est incontestablement associé à 'Koh-Lanta' ?",
        "propositions": [
          "Sébastien Cauet",
          "Jean-Pierre Foucault",
          "Denis Brogniart",
          "Nikos Aliagas"
        ],
        "réponse": "Denis Brogniart",
        "anecdote": "Marié en 2007, Denis Brogniart a quatre enfants (nés entre 2000 et 2007) dont trois avec son épouse Hortense."
      },
      {
        "id": 9,
        "question": "Qui a présenté jusque 2018 le 'Grand Concours des Animateurs' chaque année sur TF1 ?",
        "propositions": [
          "Carole Rousseau",
          "Alexandra Kazan",
          "Sophie Favier",
          "Nathalie Simon"
        ],
        "réponse": "Carole Rousseau",
        "anecdote": "Carole Rousseau a également présenté 'Scrupules' ainsi que les trois première saisons de l'émission 'MasterChef'."
      },
      {
        "id": 10,
        "question": "Quel animateur télé vous proposait autrefois de le retrouver sur les 'Champs-Élysées' ?",
        "propositions": [
          "Michel Denisot",
          "Guillaume Durand",
          "Alexandre Devoise",
          "Michel Drucker"
        ],
        "réponse": "Michel Drucker",
        "anecdote": "Michel Drucker produit aux côtés de Françoise Coquet ses émissions depuis 1984 avec DMD Productions."
      }
    ],
    "confirmé": [
      {
        "id": 11,
        "question": "Quel animateur télé aujourd'hui disparu a très vite été surnommé l'homme à l'oreillette ?",
        "propositions": [
          "Philippe Gildas",
          "Antoine de Caunes",
          "Jean-Luc Delarue",
          "Benjamin Castaldi"
        ],
        "réponse": "Jean-Luc Delarue",
        "anecdote": "Jean-Luc Delarue a été confronté à différentes difficultés d'ordre judiciaire avec Réservoir Prod ainsi qu'à titre personnel."
      },
      {
        "id": 12,
        "question": "Qui a le premier animé 'La revue de presse' dans 'Salut les Terriens!' ?",
        "propositions": [
          "Antoine de Caunes",
          "Gaspard Proust",
          "Laurent Baffie",
          "Stéphane Guillon"
        ],
        "réponse": "Stéphane Guillon",
        "anecdote": "Dans l'émission '20h10 pétantes', Stéphane Guillon a parfois été confronté à la colère, à l'hostilité, voire le mépris de certains invités."
      },
      {
        "id": 13,
        "question": "Laquelle de ces journalistes a été chroniqueuse télé auprès de Laurent Ruquier ?",
        "propositions": [
          "Natacha Polony",
          "Virginie Mouzat",
          "Anne Fulda",
          "Élisabeth Quin"
        ],
        "réponse": "Natacha Polony",
        "anecdote": "Le 19 mars 2015, Natacha Polony a reçu le prix du Livre incorrect 2015 pour son livre 'Ce pays qu'on abat'."
      },
      {
        "id": 14,
        "question": "En télévision, quel polémiste et essayiste est souvent associé à Éric Naulleau ?",
        "propositions": [
          "Éric Zemmour",
          "Christophe Barbier",
          "Maurice Joly",
          "Jean Dutourd"
        ],
        "réponse": "Éric Zemmour",
        "anecdote": "Après avoir écrit plusieurs biographies d'hommes politiques, Éric Zemmour s'est tourné en 2006-2007 vers les sujets sociétaux."
      },
      {
        "id": 15,
        "question": "Lequel de ces animateurs a co-produit de nombreuses émissions avec Catherine Barma ?",
        "propositions": [
          "Olivier Chiabodo",
          "Bruno Gaccio",
          "Pierre Bellemare",
          "Thierry Ardisson"
        ],
        "réponse": "Thierry Ardisson",
        "anecdote": "En 2005, Thierry Ardisson crée la société Ardimages dans le but de produire des longs-métrages et des séries pour la télévision."
      },
      {
        "id": 16,
        "question": "Quel animateur de télévision reste connu pour ses démonstrations presque toujours défaillantes ?",
        "propositions": [
          "Laurent Baffie",
          "Antoine de Caunes",
          "Patrice Carmouze",
          "Stéphane Guillon"
        ],
        "réponse": "Patrice Carmouze",
        "anecdote": "Après une jeunesse passée à Limoges, Patrice Carmouze y obtiendra une licence de lettres et une maîtrise de droit."
      },
      {
        "id": 17,
        "question": "Qui faisait chanter les jeunes enfants à la télévision le dimanche après-midi ?",
        "propositions": [
          "Thierry Beccaro",
          "Alain Chabat",
          "Bruno Masure",
          "Jacques Martin"
        ],
        "réponse": "Jacques Martin",
        "anecdote": "Fin cuisinier, Jacques Martin était le petit-fils de Joannès Ducerf, chef de cuisine du tsar Nicolas II de Russie."
      },
      {
        "id": 18,
        "question": "Quel homme de télé est réputé pour son sens de la répartie et son humour grinçant ?",
        "propositions": [
          "Laurent Baffie",
          "Stéphane Bern",
          "Gérard Holtz",
          "Michel Drucker"
        ],
        "réponse": "Laurent Baffie",
        "anecdote": "En 2003, Laurent Baffie réalise son premier long métrage, 'Les Clefs de bagnole', dans lequel il partage la vedette avec Daniel Russo."
      },
      {
        "id": 19,
        "question": "Qui dirige depuis 2003 les candidats de 'Fort Boyard' sur France 2 ?",
        "propositions": [
          "Michel Field",
          "Frédéric Lopez",
          "Florian Gazan",
          "Olivier Minne"
        ],
        "réponse": "Olivier Minne",
        "anecdote": "Olivier Minne a fait des apparitions dans la série 'Un gars, une fille', incarnant alors un des copains de Jean."
      },
      {
        "id": 20,
        "question": "Quel animateur de télévision vous interdit de « toucher à son poste » ?",
        "propositions": [
          "Cyril Hanouna",
          "Vincent Perrot",
          "Pascal Sevran",
          "Léon Zitrone"
        ],
        "réponse": "Cyril Hanouna",
        "anecdote": "Le 7 juin 2013, Cyril Hanouna a remporté pour la première fois le tournoi des personnalités de Roland-Garros."
      }
    ],
    "expert": [
      {
        "id": 21,
        "question": "Quel était le salaire mensuel de Julien Lepers pour le jeu 'Questions pour un champion' ?",
        "propositions": [
          "26 000 euros",
          "13 000 euros",
          "39 000 euros",
          "47 000 euros"
        ],
        "réponse": "39 000 euros",
        "anecdote": "Julien Lepers est également chef d'entreprise via sa société Guilor, spécialisée en conseil pour les affaires et la gestion."
      },
      {
        "id": 22,
        "question": "Quel animateur de télévision a toujours affirmé avoir Patrick Sabatier comme idole absolue ?",
        "propositions": [
          "Guy Lux",
          "Bernard Montiel",
          "Marc-Olivier Fogiel",
          "Thomas Hugues"
        ],
        "réponse": "Marc-Olivier Fogiel",
        "anecdote": "Parfois surnommé le « pitbull du PAF », Marc-Olivier Fogiel se distingue en interviews par un style agressif et cassant."
      },
      {
        "id": 23,
        "question": "Quelle animatrice a affirmé que « la quête de vérité » était sa première motivation ?",
        "propositions": [
          "Marie Drucker",
          "Christine Ockrent",
          "Élise Lucet",
          "Audrey Pulvar"
        ],
        "réponse": "Élise Lucet",
        "anecdote": "Elle qualifie son émission comme « un grain de sable qui empêche la machine de tourner » et donc « réveille les consciences »."
      },
      {
        "id": 24,
        "question": "À quel animateur doit-on la célèbre phrase : 'Vive le sport sur France 2' ?",
        "propositions": [
          "Georges Lang",
          "Jean-Luc Lemoine",
          "Laurent Mariotte",
          "Gérard Holtz"
        ],
        "réponse": "Gérard Holtz",
        "anecdote": "Gérard Holtz a présenté le journal de 13 heures de France 2 entre septembre 2000 et juillet 2001."
      },
      {
        "id": 25,
        "question": "Quel chroniqueur du Canal Football Club est parfois accompagné d'Hervé Mathoux ?",
        "propositions": [
          "Pierre Ménès",
          "Vincent Perrot",
          "Laurent Bazin",
          "Christian Ollivier"
        ],
        "réponse": "Pierre Ménès",
        "anecdote": "Du fait de son rôle de polémiste, Pierre Ménès est entré à plusieurs reprises en conflit avec différents acteurs du football."
      },
      {
        "id": 26,
        "question": "Quel animateur de télévision est souvent surnommé le « Prince polonais » par William Leymergie ?",
        "propositions": [
          "Laurent Romejko",
          "Bruce Toussaint",
          "Stéphane Plaza",
          "Ariel Wizman"
        ],
        "réponse": "Laurent Romejko",
        "anecdote": "En 2000, il participe au lancement de la chaîne Santé Vie et présente un journal destiné aux professionnels de la santé."
      },
      {
        "id": 27,
        "question": "Quel est le nom de la société de production de Julien Courbet ?",
        "propositions": [
          "Coyote",
          "Reservoir Prod",
          "La Concepteria",
          "Atlangtic"
        ],
        "réponse": "La Concepteria",
        "anecdote": "Julien Courbet est un cavalier émérite qui concourt sous son véritable nom (Frédéric Courbet)."
      },
      {
        "id": 28,
        "question": "Qui fut le premier à animer 'La Chasse aux trésors' sur Antenne 2 en 1981 ?",
        "propositions": [
          "Philippe Gildas",
          "Jean Lanzi ",
          "Bruce Toussaint",
          "Didier Lecat "
        ],
        "réponse": "Philippe Gildas",
        "anecdote": "Philippe Gildas a publié son autobiographie 'Comment réussir à la télévision quand on est petit, breton, avec de grandes oreilles'."
      },
      {
        "id": 29,
        "question": "Quel animateur de télévision a chanté 'Cuitas les bananas' ?",
        "propositions": [
          "Pascal Brunner",
          "Philippe Risoli",
          "Thierry Beccaro",
          "Sébastien Cauet"
        ],
        "réponse": "Philippe Risoli",
        "anecdote": "Philippe Risoli a fait son grand retour à la télévision sur la chaîne Gulli en 2009 en y présentant 'L'École des fans'."
      },
      {
        "id": 30,
        "question": "Quel animateur produit des émissions de télé grâce à sa société Coyote ?",
        "propositions": [
          "O. Minne",
          "Ch. Dechavanne",
          "Th. Ardisson",
          "V. Perrot"
        ],
        "réponse": "Ch. Dechavanne",
        "anecdote": "Christophe Dechavanne figure parmi les premières personnalités à avoir proposé le préservatif à un franc."
      }
      ]
      }
    ],
    "en": [
    {
      "débutant": [
      {
        "id": 1,
        "question": "Who was the presenter of the 20 hours newspaper on TF1 from 2008 to 2012 ?",
        "propositions": [
          "Florence Schaal",
          "Béatrice Schönberg",
          "Laurence Ferrari",
          "Anne-Sophie Lapix"
        ],
        "réponse": "Laurence Ferrari",
        "anecdote": "Laurence Ferrari now intends to 'dust off the news' by dealing with all kinds of topics."
      },
      {
        "id": 2,
        "question": "Who replaced Claude Sérillon at the presentation of the 20 hours newspaper of France 2 ?",
        "propositions": [
          "Bruno Masure",
          "Daniel Bilalian",
          "David Pujadas",
          "Claude Sérillon"
        ],
        "réponse": "David Pujadas",
        "anecdote": "David Pujadas won the 2007 Roland-Dorgelès Award for his 'commitment to the quality of the French language'."
      },
      {
        "id": 3,
        "question": "Who animated every day 'C à vous' on France 5 from 2009 to 2013 ?",
        "propositions": [
          "Sonia Dubois",
          "Valérie Bénaïm",
          "Karine Ferri",
          "Alessandra Sublet"
        ],
        "réponse": "Alessandra Sublet",
        "anecdote": "Alessandra Sublet is the daughter of Joël Sublet, a former Olympique Lyonnais footballer who played in the 1970s."
      },
      {
        "id": 4,
        "question": "Which television host presented eight seasons of 'Secret Story' ?",
        "propositions": [
          "Marc-Olivier Fogiel",
          "Cyril Hanouna",
          "Denis Brogniart",
          "Benjamin Castaldi"
        ],
        "réponse": "Benjamin Castaldi",
        "anecdote": "Benjamin Castaldi is the son of Jean-Pierre Castaldi and Catherine Allégret but also the grandson of actress Simone Signoret."
      },
      {
        "id": 5,
        "question": "Who co-animates since 2011 a televised broadcast alongside Nicolas Canteloup ?",
        "propositions": [
          "Nikos Aliagas",
          "Sebastien Cauet",
          "Julien Courbet",
          "Jean-Pierre Foucault"
        ],
        "réponse": "Nikos Aliagas",
        "anecdote": "In April 2011, Nikos dubbed a character (Flamenco) in the film 'I Rio' alongside Karine Ferri and Nicolas Richaud."
      },
      {
        "id": 6,
        "question": "Who succeeded Michel Denisot at the presentation of the 'Grand Journal' on Canal + ?",
        "propositions": [
          "Jerome Bonaldi",
          "Philippe Gildas",
          "Philippe Risoli",
          "Antoine de Caunes"
        ],
        "réponse": "Antoine de Caunes",
        "anecdote": "Antoines de Caunes is the author-composer, under the pseudonym of Paul Persavon, of generals of children's programs."
      },
      {
        "id": 7,
        "question": "Which TV presenter is a specialist end of royal families ?",
        "propositions": [
          "Gérard Holtz",
          "Denis Brogniart",
          "Stéphane Bern",
          "Michel Drucker"
        ],
        "réponse": "Stéphane Bern",
        "anecdote": "Stéphane Bern came out in the magazine 'Tétu' in October 2009, then at Mireille Dumas the same year."
      },
      {
        "id": 8,
        "question": "Which TV host is unquestionably associated with 'Koh-Lanta' ?",
        "propositions": [
          "Denis Brogniart",
          "Nikos Aliagas",
          "Jean-Pierre Foucault",
          "Sebastien Cauet"
        ],
        "réponse": "Denis Brogniart",
        "anecdote": "Married in 2007, Denis Brogniart has four children (born between 2000 and 2007) including three with his wife Hortense."
      },
      {
        "id": 9,
        "question": "Who presents the 'Grand Concours des Animateurs' every year on TF1 ?",
        "propositions": [
          "Nathalie Simon",
          "Sophie Favier",
          "Carole Rousseau",
          "Alexandra Kazan"
        ],
        "réponse": "Carole Rousseau",
        "anecdote": "Carole Rousseau has also presented 'Scrupules' as well as the first three seasons of the 'MasterChef' broadcast."
      },
      {
        "id": 10,
        "question": "Which TV host did you propose to find him on the 'Champs-Élysées' ?",
        "propositions": [
          "Michel Denisot",
          "Guillaume Durand",
          "Alexandre Devoise",
          "Michel Drucker"
        ],
        "réponse": "Michel Drucker",
        "anecdote": "Michel Drucker produced alongside François Coquet his performances since 1984 with DMD Productions."
      }
    ],
    "confirmé": [
      {
        "id": 11,
        "question": "What TV host today disappeared was quickly dubbed the man with the headset ?",
        "propositions": [
          "Jean-Luc Delarue",
          "Philippe Gildas",
          "Antoine de Caunes",
          "Benjamin Castaldi"
        ],
        "réponse": "Jean-Luc Delarue",
        "anecdote": "Jean-Luc Delarue has been confronted with various judicial difficulties with Tank Prod and personally."
      },
      {
        "id": 12,
        "question": "Who first animated 'The Press Review' in 'Hey Terrans!' ?",
        "propositions": [
          "Stéphane Guillon",
          "Antoine de Caunes",
          "Gaspard Proust",
          "Laurent Baffie"
        ],
        "réponse": "Stéphane Guillon",
        "anecdote": "In the show '20h10 pétantes', Stéphane Guillon was sometimes confronted with the anger, the hostility, even the contempt of some guests."
      },
      {
        "id": 13,
        "question": "Which of these journalists was a columnist televised with Laurent Ruquier ?",
        "propositions": [
          "Natacha Polony",
          "Anne Fulda",
          "Virginie Mouzat",
          "Elisabeth Quin"
        ],
        "réponse": "Natacha Polony",
        "anecdote": "On March 19, 2015, Natacha Polony received the 2015 Bad Book Award for her book 'This Country That's Felled'."
      },
      {
        "id": 14,
        "question": "In television, which polemist and essayist is often associated with Eric Naulleau ?",
        "propositions": [
          "Jean Dutourd",
          "Éric Zemmour",
          "Christophe Barbier",
          "Maurice Joly"
        ],
        "réponse": "Éric Zemmour",
        "anecdote": "After writing several biographies of politicians, Zemmour Zemmour turned in 2006-2007 to societal topics."
      },
      {
        "id": 15,
        "question": "Which of these animators has co-produced numerous programs with Catherine Barma ?",
        "propositions": [
          "Olivier Chiabodo",
          "Bruno Gaccio",
          "Pierre Bellemare",
          "Thierry Ardisson"
        ],
        "réponse": "Thierry Ardisson",
        "anecdote": "In 2005, Thierry Ardisson created the company Ardimages with the aim of producing long films and series for television."
      },
      {
        "id": 16,
        "question": "Which TV host remains known for his almost always failing demonstrations ?",
        "propositions": [
          "Stéphane Guillon",
          "Patrice Carmouze",
          "Antoine de Caunes",
          "Laurent Baffie"
        ],
        "réponse": "Patrice Carmouze",
        "anecdote": "After a youth passed in Limoges, Patrice Carmouze will obtain a license of letters and a master's degree of law."
      },
      {
        "id": 17,
        "question": "Who was singing young children on television on Sunday afternoons ?",
        "propositions": [
          "Bruno Masure",
          "Thierry Beccaro",
          "Jacques Martin",
          "Alain Chabat"
        ],
        "réponse": "Jacques Martin",
        "anecdote": "Fine cook, Jacques Martin was the grandson of Joannès Ducerf, chef of Tsar Nicholas II of Russia."
      },
      {
        "id": 18,
        "question": "Which TV man is reputed for his sense of party and his gritty humor ?",
        "propositions": [
          "Gerry Holtz",
          "Laurent Baffie",
          "Michel Drucker",
          "Stéphane Bern"
        ],
        "réponse": "Laurent Baffie",
        "anecdote": "In 2003, Laurent Baffie made his first feature film, 'The Keys of Cars', in which he co-starred with Daniel Russo."
      },
      {
        "id": 19,
        "question": "Who has been running 'Fort Boyard' 's candidates since 2003 on France 2 ?",
        "propositions": [
          "Florian Gazan",
          "Brother Lopez",
          "Michel Field",
          "Olivier Minne"
        ],
        "réponse": "Olivier Minne",
        "anecdote": "Olivier Minne made appearances in the serie 'A guy, a girl', then playing one of Jean's friends."
      },
      {
        "id": 20,
        "question": "Which TV presenter forbids you to 'touch his job' ?",
        "propositions": [
          "Léon Zitrone",
          "Cyril Hanouna",
          "Vincent Perrot",
          "Pascal Sevran"
        ],
        "réponse": "Cyril Hanouna",
        "anecdote": "On June 7, 2013, Cyril Hanouna won for the first time the tournament of personalities of Roland-Garros."
      }
    ],
    "expert": [
      {
        "id": 21,
        "question": "What was Julien Lepers' monthly salary for the game 'Questions for a Champion' ?",
        "propositions": [
          "EUR 13,000",
          "EUR 26,000",
          "EUR 47,000",
          "EUR 39,000"
        ],
        "réponse": "EUR 39,000",
        "anecdote": "Julien Lepers is also a company manager through his company Guilor, specializing in business and management consulting."
      },
      {
        "id": 22,
        "question": "Which television host has always claimed to have Patrick Sabatier as an absolute idol ?",
        "propositions": [
          "Guy Lux",
          "Marc-Olivier Fogiel",
          "Bernard Montiel",
          "Thomas Hugues"
        ],
        "réponse": "Marc-Olivier Fogiel",
        "anecdote": "Sometimes nicknamed the 'PAF pitbull', Marc-Olivier Fogiel is distinguished in interviews by an aggressive and brittle style."
      },
      {
        "id": 23,
        "question": "Which facilitator said that 'the quest for truth' was her first motivation ?",
        "propositions": [
          "Christine Ockrent",
          "Audrey Pulvar",
          "Marie Drucker",
          "Élise Lucet"
        ],
        "réponse": "Élise Lucet",
        "anecdote": "She calls her mission 'a grain of sand that prevents the machine from turning' and so 'awakens consciousness'."
      },
      {
        "id": 24,
        "question": "To which animator do we have the famous phrase: 'Long live the sport on France 2' ?",
        "propositions": [
          "Jean-Luc Lemoine",
          "Georges Lang",
          "Laurent Mariotte",
          "Gerry Holtz"
        ],
        "réponse": "Gerry Holtz",
        "anecdote": "Gérard Holtz presented France 2's 13-hour journal between September 2000 and July 2001."
      },
      {
        "id": 25,
        "question": "Which columnist of the Canal Football Club is sometimes accompanied by Hervé Mathoux ?",
        "propositions": [
          "Laurent Bazin",
          "Pierre Ménès",
          "Christian Ollivier",
          "Vincent Perrot"
        ],
        "réponse": "Pierre Ménès",
        "anecdote": "Due to his polemical role, Pierre Ménès has repeatedly come into conflict with different football players."
      },
      {
        "id": 26,
        "question": "Which TV host is often nicknamed the 'Polish Prince' by William Leymergie ?",
        "propositions": [
          "Stéphane Plaza",
          "Laurent Romejko",
          "Ariel Wizman",
          "Bruce Toussaint"
        ],
        "réponse": "Laurent Romejko",
        "anecdote": "In 2000, he participated in the launch of the Health Life channel and presented a journal for health professionals."
      },
      {
        "id": 27,
        "question": "What is the name of Julien Courbet's production company ?",
        "propositions": [
          "Atlangtic",
          "Coyote",
          "La Concepteria",
          "Reservoir Prod"
        ],
        "réponse": "La Concepteria",
        "anecdote": "Julien Courbet is an eminent rider who competes under his real name (Frédéric Courbet)."
      },
      {
        "id": 28,
        "question": "Who was the first to animate 'The Treasure Hunt' on Antenne 2 ?",
        "propositions": [
          "Didier Lecat",
          "Bruce Toussaint",
          "Jean Lanzi",
          "Philippe Gildas"
        ],
        "réponse": "Philippe Gildas",
        "anecdote": "Philippe Gildas published his autobiography 'How to achieve television when you are small, Breton, with big ears'."
      },
      {
        "id": 29,
        "question": "Which TV host sang 'Cuitas bananas' ?",
        "propositions": [
          "Thierry Beccaro",
          "Pascal Brunner",
          "Sebastien Cauet",
          "Philippe Risoli"
        ],
        "réponse": "Philippe Risoli",
        "anecdote": "Philippe Risoli made his grand return to television on the Gulli TV channel in 2009 by presenting 'The Fan School'."
      },
      {
        "id": 30,
        "question": "Which animator produces radio shows at his company Coyote ?",
        "propositions": [
          "Ch. Dechavanne",
          "V. Perrot",
          "O. Minne",
          "Th. Ardisson"
        ],
        "réponse": "Ch. Dechavanne",
        "anecdote": "Christophe Dechavanne is among the first personalities to have proposed the condom to a franc."
      }
      ]
      }
    ],
    "de": [
    {
      "débutant": [
      {
        "id": 1,
        "question": "Wer war der Moderator der 20-Stunden-Zeitung zu TF1 von 2008 bis 2012 ?",
        "propositions": [
          "Laurence Ferrari",
          "Florence Schaal",
          "Béatrice Schönberg",
          "Anne-Sophie Lapix"
        ],
        "réponse": "Laurence Ferrari",
        "anecdote": "Laurence Ferrari beabsichtigt nun, die Nachrichten 'abzuwischen', indem er sich mit allen möglichen Themen befasst."
      },
      {
        "id": 2,
        "question": "Wer ersetzte Claude Sérillon bei der Präsentation der 20-Stunden-Zeitung von France 2 ?",
        "propositions": [
          "Bruno Masure",
          "Claude Sérillon",
          "David Pujadas",
          "Daniel Bilalian"
        ],
        "réponse": "David Pujadas",
        "anecdote": "David Pujadas wurde 2007 mit dem Roland-Dorgelès-Preis für sein Engagement für die Qualität der französischen Sprache ausgezeichnet."
      },
      {
        "id": 3,
        "question": "Wer hat jeden Tag 'C à vous' auf France 5 von 2009 bis 2013 animiert ?",
        "propositions": [
          "Karine Ferri",
          "Valérie Bénaam",
          "Alessandra Sublet",
          "Sonia Dubois"
        ],
        "réponse": "Alessandra Sublet",
        "anecdote": "Alessandra Sublet ist die Tochter von Joël Sublet, einer ehemaligen Olympique Lyonnais-Fußballspielerin, die in den 1970er Jahren spielte."
      },
      {
        "id": 4,
        "question": "Welcher Fernsehmoderator präsentierte acht Staffeln von 'Secret Story' ?",
        "propositions": [
          "Denis Brogniart",
          "Marc-Olivier Fogiel",
          "Benjamin Castaldi",
          "Cyril Hanouna"
        ],
        "réponse": "Benjamin Castaldi",
        "anecdote": "Benjamin Castaldi ist der Sohn von Jean-Pierre Castaldi und Catherine Allégret, aber auch der Enkel der Schauspielerin Simone Signoret."
      },
      {
        "id": 5,
        "question": "Wer animiert seit 2011 eine Fernsehsendung neben Nicolas Canteloup ?",
        "propositions": [
          "Nikos Aliagas",
          "Jean-Pierre Foucault",
          "Julien Courbet",
          "Sebastien Cauet"
        ],
        "réponse": "Nikos Aliagas",
        "anecdote": "Im April 2011 nannte Nikos neben Karine Ferri und Nicolas Richaud eine Figur (Flamenco) in dem Film 'I Rio'."
      },
      {
        "id": 6,
        "question": "Wer ist Michel Denisot bei der Präsentation des 'Grand Journal' auf Canal + gelungen ?",
        "propositions": [
          "Philippe Risoli",
          "Antoine de Caunes",
          "Philippe Gildas",
          "Jerome Bonaldi"
        ],
        "réponse": "Antoine de Caunes",
        "anecdote": "Antoines de Caunes ist der Komponist von Generälen von Kinderprogrammen unter dem Pseudonym Paul Persavon."
      },
      {
        "id": 7,
        "question": "Welcher TV-Moderator ist ein Spezialist für königliche Familien ?",
        "propositions": [
          "Denis Brogniart",
          "Gérard Holtz",
          "Stéphane Bern",
          "Michel Drucker"
        ],
        "réponse": "Stéphane Bern",
        "anecdote": "Stéphane Bern erschien im Oktober 2009 in der Zeitschrift 'Tétu', dann im selben Jahr bei Mireille Dumas."
      },
      {
        "id": 8,
        "question": "Welcher TV-Host ist unzweifelhaft mit 'Koh-Lanta' verbunden ?",
        "propositions": [
          "Jean-Pierre Foucault",
          "Sebastien Cauet",
          "Denis Brogniart",
          "Nikos Aliagas"
        ],
        "réponse": "Denis Brogniart",
        "anecdote": "Denis Brogniart ist seit 2007 verheiratet und hat vier Kinder (geboren 2000 bis 2007), davon drei mit seiner Frau Hortense."
      },
      {
        "id": 9,
        "question": "Wer präsentiert jedes Jahr die 'Grand Concours des Animateurs' auf TF1 ?",
        "propositions": [
          "Sophie Favier",
          "Alexandra Kazan",
          "Carole Rousseau",
          "Nathalie Simon"
        ],
        "réponse": "Carole Rousseau",
        "anecdote": "Carole Rousseau hat außerdem 'Scrupules' sowie die ersten drei Staffeln der 'MasterChef' Sendung vorgestellt."
      },
      {
        "id": 10,
        "question": "Welchen TV-Moderator haben Sie vorgeschlagen, ihn auf den 'Champs-Élysées' zu finden ?",
        "propositions": [
          "Michel Drucker",
          "Alexandre Devoise",
          "Michel Denisot",
          "Guillaume Durand"
        ],
        "réponse": "Michel Drucker",
        "anecdote": "Michel Drucker produzierte neben François Coquet seine Auftritte seit 1984 bei DMD Productions."
      }
    ],
    "confirmé": [
      {
        "id": 11,
        "question": "Welcher TV-Moderator heute verschwunden war, wurde der Mann mit dem Headset schnell genannt.",
        "propositions": [
          "Benjamin Castaldi",
          "Antoine de Caunes",
          "Jean-Luc Delarue",
          "Philippe Gildas"
        ],
        "réponse": "Jean-Luc Delarue",
        "anecdote": "Jean-Luc Delarue war mit Tank Prod und persönlich mit verschiedenen rechtlichen Schwierigkeiten konfrontiert."
      },
      {
        "id": 12,
        "question": "Wer hat zuerst 'The Press Review' in 'Hey Terrans!' animiert ?",
        "propositions": [
          "Laurent Baffie",
          "Stéphane Guillon",
          "Antoine de Caunes",
          "Gaspard Proust"
        ],
        "réponse": "Stéphane Guillon",
        "anecdote": "In der Show '20:10 pétantes' wurde Stéphane Guillon manchmal mit der Wut, der Feindseligkeit und sogar der Verachtung einiger Gäste konfrontiert."
      },
      {
        "id": 13,
        "question": "Welcher dieser Journalisten war ein mit Laurent Ruquier ausgestrahlter Kolumnist ?",
        "propositions": [
          "Anne Fulda",
          "Natacha Polony",
          "Virginie Mouzat",
          "Elisabeth Quin"
        ],
        "réponse": "Natacha Polony",
        "anecdote": "Am 19. März 2015 erhielt Natacha Polony den Bad Book Award 2015 für ihr Buch 'Dieses Land, das gefallen ist'."
      },
      {
        "id": 14,
        "question": "Welcher Polemist und Essayist wird im Fernsehen oft mit Eric Naulleau in Verbindung gebracht ?",
        "propositions": [
          "Éric Zemmour",
          "Christophe Barbier",
          "Maurice Joly",
          "Jean Dutourd"
        ],
        "réponse": "Éric Zemmour",
        "anecdote": "Nachdem er mehrere Biographien von Politikern verfasst hatte, wandte sich Zemmour Zemmour 2006-2007 an gesellschaftliche Themen."
      },
      {
        "id": 15,
        "question": "Welcher dieser Animatoren hat mit Catherine Barma zahlreiche Programme gemeinsam produziert ?",
        "propositions": [
          "Thierry Ardisson",
          "Bruno Gaccio",
          "Pierre Bellemare",
          "Olivier Chiabodo"
        ],
        "réponse": "Thierry Ardisson",
        "anecdote": "Im Jahr 2005 gründete Thierry Ardisson die Firma Ardimages mit dem Ziel, lange Filme und Serien für das Fernsehen zu produzieren."
      },
      {
        "id": 16,
        "question": "Welcher TV-Moderator bleibt für seine fast immer scheiternden Demonstrationen bekannt ?",
        "propositions": [
          "Stéphane Guillon",
          "Patrice Carmouze",
          "Laurent Baffie",
          "Antoine de Caunes"
        ],
        "réponse": "Patrice Carmouze",
        "anecdote": "Nachdem ein Jugendlicher in Limoges verstorben ist, erhält Patrice Carmouze eine Lizenz für Briefe und einen Master-Abschluss in Recht."
      },
      {
        "id": 17,
        "question": "Wer sang am Sonntagnachmittag kleine Kinder im Fernsehen ?",
        "propositions": [
          "Thierry Beccaro",
          "Jacques Martin",
          "Bruno Masure",
          "Alain Chabat"
        ],
        "réponse": "Jacques Martin",
        "anecdote": "Der feine Koch Jacques Martin war der Enkel von Joannès Ducerf, Chefkoch des Zaren Nikolaus II."
      },
      {
        "id": 18,
        "question": "Welcher TV-Mann ist bekannt für sein Partygefühl und seinen harten Humor ?",
        "propositions": [
          "Stéphane Bern",
          "Gerry Holtz",
          "Michel Drucker",
          "Laurent Baffie"
        ],
        "réponse": "Laurent Baffie",
        "anecdote": "Im Jahr 2003 drehte Laurent Baffie seinen ersten Spielfilm, 'The Keys of Cars', in dem er zusammen mit Daniel Russo spielte."
      },
      {
        "id": 19,
        "question": "Wer hat seit 2003 die Kandidaten für 'Fort Boyard' auf France 2 geführt ?",
        "propositions": [
          "Michel Field",
          "Bruder Lopez",
          "Florian Gazan",
          "Olivier Minne"
        ],
        "réponse": "Olivier Minne",
        "anecdote": "Olivier Minne erschien in der Serie 'Ein Mann, ein Mädchen' und spielte dann einen Freund von Jean."
      },
      {
        "id": 20,
        "question": "Welcher Fernsehmoderator verbietet Ihnen, 'seinen Job zu berühren' ?",
        "propositions": [
          "Pascal Sevran",
          "Cyril Hanouna",
          "Léon Zitrone",
          "Vincent Perrot"
        ],
        "réponse": "Cyril Hanouna",
        "anecdote": "Am 7. Juni 2013 gewann Cyril Hanouna zum ersten Mal das Turnier der Persönlichkeiten von Roland-Garros."
      }
    ],
    "expert": [
      {
        "id": 21,
        "question": "Wie hoch war das Monatsgehalt von Julien Lepers für das Spiel 'Fragen an einen Champion' ?",
        "propositions": [
          "13.000 EUR",
          "47.000 EUR",
          "26.000 EUR",
          "39.000 EUR"
        ],
        "réponse": "39.000 EUR",
        "anecdote": "Julien Lepers ist auch Unternehmensmanager durch seine Firma Guilor, die sich auf Unternehmens- und Managementberatung spezialisiert hat."
      },
      {
        "id": 22,
        "question": "Welcher Fernsehmoderator hat immer behauptet, Patrick Sabatier als absolutes Idol zu haben ?",
        "propositions": [
          "Bernard Montiel",
          "Marc-Olivier Fogiel",
          "Thomas Hugues",
          "Guy Lux"
        ],
        "réponse": "Marc-Olivier Fogiel",
        "anecdote": "Marc-Olivier Fogiel wird manchmal auch 'PAF-Pitbull' genannt und zeichnet sich in Interviews durch einen aggressiven und spröden Stil aus."
      },
      {
        "id": 23,
        "question": "Welcher Moderator sagte, dass 'die Suche nach der Wahrheit' ihre erste Motivation war ?",
        "propositions": [
          "Élise Lucet",
          "Audrey Pulvar",
          "Christine Ockrent",
          "Marie Drucker"
        ],
        "réponse": "Élise Lucet",
        "anecdote": "Sie nennt ihre Mission 'ein Sandkorn, das die Maschine daran hindert, sich zu drehen' und so 'das Bewusstsein erweckt'."
      },
      {
        "id": 24,
        "question": "Für welchen Animator haben wir den berühmten Satz: 'Es lebe der Sport auf France 2' ?",
        "propositions": [
          "Laurent Mariotte",
          "Georges Lang",
          "Jean-Luc Lemoine",
          "Gerry Holtz"
        ],
        "réponse": "Gerry Holtz",
        "anecdote": "Gérard Holtz präsentierte die 13-Stunden-Zeitschrift von France 2 zwischen September 2000 und Juli 2001."
      },
      {
        "id": 25,
        "question": "Welcher Kolumnist des Canal Football Club wird manchmal von Hervé Mathoux begleitet ?",
        "propositions": [
          "Christian Ollivier",
          "Laurent Bazin",
          "Vincent Perrot",
          "Pierre Ménés"
        ],
        "réponse": "Pierre Ménés",
        "anecdote": "Aufgrund seiner polemischen Rolle geriet Pierre Méné immer wieder in Konflikt mit verschiedenen Fußballspielern."
      },
      {
        "id": 26,
        "question": "Welcher TV-Moderator wird von William Leymergie oft als 'polnischer Prinz' bezeichnet ?",
        "propositions": [
          "Bruce Toussaint",
          "Ariel Wizman",
          "Laurent Romejko",
          "Stéphane Plaza"
        ],
        "réponse": "Laurent Romejko",
        "anecdote": "Im Jahr 2000 beteiligte er sich an der Lancierung des Kanals Health Life und präsentierte eine Zeitschrift für Angehörige der Gesundheitsberufe."
      },
      {
        "id": 27,
        "question": "Wie heißt die Produktionsfirma von Julien Courbet ?",
        "propositions": [
          "La Concepteria",
          "Coyote",
          "Reservoir Prod",
          "Atlangtic"
        ],
        "réponse": "La Concepteria",
        "anecdote": "Julien Courbet ist ein berühmter Reiter, der unter seinem richtigen Namen (Frédéric Courbet) antritt."
      },
      {
        "id": 28,
        "question": "Wer hat als Erste 'The Treasure Hunt' auf Antenne 2 animiert ?",
        "propositions": [
          "Didier Lecat",
          "Jean Lanzi",
          "Philippe Gildas",
          "Bruce Toussaint"
        ],
        "réponse": "Philippe Gildas",
        "anecdote": "Philippe Gildas veröffentlichte seine Autobiografie 'Wie man mit kleinen Ohren Breton mit großen Ohren erreicht'."
      },
      {
        "id": 29,
        "question": "Welcher TV-Moderator hat 'Cuitas Bananen' gesungen ?",
        "propositions": [
          "Thierry Beccaro",
          "Sebastien Cauet",
          "Pascal Brunner",
          "Philippe Risoli"
        ],
        "réponse": "Philippe Risoli",
        "anecdote": "Philippe Risoli kehrte 2009 im Gulli-Fernsehsender mit seiner Show 'The Fan School' zurück."
      },
      {
        "id": 30,
        "question": "Welcher Animator produziert in seiner Firma Coyote Radiosendungen ?",
        "propositions": [
          "Ch. Dechavanne",
          "O. Minne",
          "Th. Ardisson",
          "V. Perrot"
        ],
        "réponse": "Ch. Dechavanne",
        "anecdote": "Christophe Dechavanne gehört zu den ersten Persönlichkeiten, die das Kondom für einen Franken vorgeschlagen haben."
      }
      ]
      }
    ],
    "es": [
    {
      "débutant": [
      {
        "id": 1,
        "question": "¿Quién fue el presentador del periódico de 20 horas en TF1 de 2008 a 2012 ?",
        "propositions": [
          "Florencia Schaal",
          "Laurence Ferrari",
          "Béatrice Schönberg",
          "Anne-Sophie Lapix"
        ],
        "réponse": "Laurence Ferrari",
        "anecdote": "Laurence Ferrari ahora tiene la intención de 'desempolvar las noticias' al tratar con todo tipo de temas."
      },
      {
        "id": 2,
        "question": "¿Quién reemplazó a Claude Sérillon en la presentación del periódico de 20 horas de France 2 ?",
        "propositions": [
          "Bruno Masure",
          "Daniel Bilalian",
          "David pujadas",
          "Claude Sérillon"
        ],
        "réponse": "David pujadas",
        "anecdote": "David Pujadas ganó el Premio Roland-Dorgelès 2007 por su 'compromiso con la calidad de la lengua francesa'."
      },
      {
        "id": 3,
        "question": "¿Quién animó todos los días 'C à vous' en France 5 de 2009 a 2013 ?",
        "propositions": [
          "Karine Ferri",
          "Alessandra Sublet",
          "Valérie Bénaïm",
          "Sonia Dubois"
        ],
        "réponse": "Alessandra Sublet",
        "anecdote": "Alessandra Sublet es la hija de Joël Sublet, un ex futbolista del Olympique Lyonnais que jugó en la década de 1970."
      },
      {
        "id": 4,
        "question": "¿Qué presentador de televisión presentó ocho temporadas de 'Secret Story' ?",
        "propositions": [
          "Cyril Hanouna",
          "Denis Brogniart",
          "Benjamin Castaldi",
          "Marc-Olivier Fogiel"
        ],
        "réponse": "Benjamin Castaldi",
        "anecdote": "Benjamin Castaldi es hijo de Jean-Pierre Castaldi y Catherine Allégret, pero también es nieto de la actriz Simone Signoret."
      },
      {
        "id": 5,
        "question": "¿Quién co-anima desde 2011 una transmisión televisada junto a Nicolas Canteloup ?",
        "propositions": [
          "Jean-Pierre Foucault",
          "Julien Courbet",
          "Nikos Aliagas",
          "Sebastien Cauet"
        ],
        "réponse": "Nikos Aliagas",
        "anecdote": "En abril de 2011, Nikos apodó a un personaje (flamenco) en la película 'Rio' junto a Karine Ferri y Nicolas Richaud."
      },
      {
        "id": 6,
        "question": "¿Quién sucedió a Michel Denisot en la presentación del 'Grand Journal' en Canal + ?",
        "propositions": [
          "Philippe Gildas",
          "Antoine de Caunes",
          "Philippe Risoli",
          "Jerome Bonaldi"
        ],
        "réponse": "Antoine de Caunes",
        "anecdote": "Antoines de Caunes es el autor-compositor, bajo el seudónimo de Paul Persavon, de generales de programas infantiles."
      },
      {
        "id": 7,
        "question": "¿Qué presentador de televisión es un extremo especializado de las familias reales ?",
        "propositions": [
          "Gérard Holtz",
          "Michel Drucker",
          "Denis Brogniart",
          "Stéphane Bern"
        ],
        "réponse": "Stéphane Bern",
        "anecdote": "Stéphane Bern apareció en la revista 'Tétu' en octubre de 2009, y luego en Mireille Dumas el mismo año."
      },
      {
        "id": 8,
        "question": "¿Qué host de TV está asociado indiscutiblemente con 'Koh-Lanta' ?",
        "propositions": [
          "Jean-Pierre Foucault",
          "Denis Brogniart",
          "Nikos Aliagas",
          "Sebastien Cauet"
        ],
        "réponse": "Denis Brogniart",
        "anecdote": "Casado en 2007, Denis Brogniart tiene cuatro hijos (nacidos entre 2000 y 2007), incluidos tres con su esposa Hortense."
      },
      {
        "id": 9,
        "question": "¿Quién presenta el 'Grand Concours des Animateurs' cada año en TF1 ?",
        "propositions": [
          "Alexandra Kazan",
          "Carole rousseau",
          "Sophie Favier",
          "Nathalie Simon"
        ],
        "réponse": "Carole rousseau",
        "anecdote": "Carole Rousseau también ha presentado 'Scrupules', así como las primeras tres temporadas de la transmisión de 'MasterChef'."
      },
      {
        "id": 10,
        "question": "¿Qué presentador de televisión propusiste encontrarlo en el 'Champs-Élysées' ?",
        "propositions": [
          "Guillaume Durand",
          "Michel Denisot",
          "Michel Drucker",
          "Alexandre Devoise"
        ],
        "réponse": "Michel Drucker",
        "anecdote": "Michel Drucker produjo junto a François Coquet sus actuaciones desde 1984 con DMD Productions."
      }
    ],
    "confirmé": [
      {
        "id": 11,
        "question": "¿Qué presentador de televisión desapareció hoy fue apodado rápidamente el hombre con el auricular ?",
        "propositions": [
          "Benjamin Castaldi",
          "Antoine de Caunes",
          "Philippe Gildas",
          "Jean-Luc Delarue"
        ],
        "réponse": "Jean-Luc Delarue",
        "anecdote": "Jean-Luc Delarue se ha enfrentado a diversas dificultades judiciales con Tank Prod y personalmente."
      },
      {
        "id": 12,
        "question": "¿Quién animó por primera vez 'The Press Review' en 'Hey Terrans!' ?",
        "propositions": [
          "Stéphane Guillon",
          "Laurent Baffie",
          "Antoine de Caunes",
          "Gaspard Proust"
        ],
        "réponse": "Stéphane Guillon",
        "anecdote": "En el espectáculo '20h10 pétantes', Stéphane Guillon se enfrentaba a veces con la ira, la hostilidad e incluso el desprecio de algunos invitados."
      },
      {
        "id": 13,
        "question": "¿Cuál de estos periodistas fue un columnista televisado con Laurent Ruquier ?",
        "propositions": [
          "Virginie Mouzat",
          "Elisabeth Quin",
          "Anne Fulda",
          "Natacha Polony"
        ],
        "réponse": "Natacha Polony",
        "anecdote": "El 19 de marzo de 2015, Natacha Polony recibió el Premio al Libro Malo 2015 por su libro 'Ce pays qu'on abat'."
      },
      {
        "id": 14,
        "question": "En televisión, ¿qué polemista y ensayista se asocia a menudo con Eric Naulleau ?",
        "propositions": [
          "Jean Dutourd",
          "Maurice joly",
          "Éric Zemmour",
          "Christophe Barbier"
        ],
        "réponse": "Éric Zemmour",
        "anecdote": "Después de escribir varias biografías de políticos, Zemmour Zemmour pasó en 2006-2007 a temas sociales."
      },
      {
        "id": 15,
        "question": "¿Cuál de estos animadores ha coproducido numerosos programas con Catherine Barma ?",
        "propositions": [
          "Pierre Bellemare",
          "Bruno Gaccio",
          "Olivier chiabodo",
          "Thierry Ardisson"
        ],
        "réponse": "Thierry Ardisson",
        "anecdote": "En 2005, Thierry Ardisson creó la empresa Ardimages con el objetivo de producir películas y series largas para televisión."
      },
      {
        "id": 16,
        "question": "¿Qué presentador de televisión sigue siendo conocido por sus demostraciones casi siempre fallidas ?",
        "propositions": [
          "Laurent Baffie",
          "Patrice Carmouze",
          "Antoine de Caunes",
          "Stéphane Guillon"
        ],
        "réponse": "Patrice Carmouze",
        "anecdote": "Después de que un joven falleció en Limoges, Patrice Carmouze obtendrá una licencia de letras y una maestría en derecho."
      },
      {
        "id": 17,
        "question": "¿Quién cantaba niños pequeños en la televisión los domingos por la tarde ?",
        "propositions": [
          "Jacques Martin",
          "Alain Chabat",
          "Bruno Masure",
          "Thierry Beccaro"
        ],
        "réponse": "Jacques Martin",
        "anecdote": "Buen cocinero, Jacques Martin era nieto de Joannès Ducerf, chef del zar Nicolás II de Rusia."
      },
      {
        "id": 18,
        "question": "¿Qué hombre de televisión tiene fama por su sentido de la fiesta y su humor áspero ?",
        "propositions": [
          "Michel Drucker",
          "Laurent Baffie",
          "Gerry Holtz",
          "Stéphane Berna"
        ],
        "réponse": "Laurent Baffie",
        "anecdote": "En 2003, Laurent Baffie hizo su primer largometraje, 'The Keys of Cars', en el que actuó junto a Daniel Russo."
      },
      {
        "id": 19,
        "question": "¿Quién ha estado postulando a los candidatos de 'Fort Boyard' desde 2003 en France 2 ?",
        "propositions": [
          "Hermano López",
          "Michel Field",
          "Olivier Minne",
          "Florian Gazan"
        ],
        "réponse": "Olivier Minne",
        "anecdote": "Olivier Minne hizo apariciones en la serie 'Un chico, una chica', y luego interpretando a uno de los amigos de Jean."
      },
      {
        "id": 20,
        "question": "¿Qué presentador de televisión te prohíbe 'tocar su trabajo' ?",
        "propositions": [
          "Vincent Perrot",
          "Cyril Hanouna",
          "Léon Zitrone",
          "Pascal Sevran"
        ],
        "réponse": "Cyril Hanouna",
        "anecdote": "El 7 de junio de 2013, Cyril Hanouna ganó por primera vez el torneo de personalidades de Roland-Garros."
      }
    ],
    "expert": [
      {
        "id": 21,
        "question": "¿Cuál fue el salario mensual de Julien Lepers para el juego 'Questions for a Champion' ?",
        "propositions": [
          "EUR 26,000",
          "EUR 47,000",
          "EUR 39.000",
          "EUR 13,000"
        ],
        "réponse": "EUR 39.000",
        "anecdote": "Julien Lepers también es gerente de la compañía a través de su compañía Guilor, que se especializa en consultoría de negocios y administración."
      },
      {
        "id": 22,
        "question": "¿Qué presentador de televisión siempre ha afirmado tener a Patrick Sabatier como un ídolo absoluto ?",
        "propositions": [
          "Bernard Montiel",
          "Thomas Hugues",
          "Guy Lux",
          "Marc-Olivier Fogiel"
        ],
        "réponse": "Marc-Olivier Fogiel",
        "anecdote": "A veces apodado el 'pitbull PAF', Marc-Olivier Fogiel se distingue en las entrevistas por un estilo agresivo y frágil."
      },
      {
        "id": 23,
        "question": "¿Qué facilitador dijo que 'la búsqueda de la verdad' fue su primera motivación ?",
        "propositions": [
          "Élise Lucet",
          "Christine Ockrent",
          "Audrey pulvar",
          "Marie Drucker"
        ],
        "réponse": "Élise Lucet",
        "anecdote": "Ella llama a su misión 'un grano de arena que evita que la máquina gire' y por lo tanto 'despierta la conciencia'."
      },
      {
        "id": 24,
        "question": "¿A qué animador tenemos la famosa frase: 'Viva el deporte en France 2' ?",
        "propositions": [
          "Jean-Luc Lemoine",
          "Laurent mariotte",
          "Georges Lang",
          "Gerry Holtz"
        ],
        "réponse": "Gerry Holtz",
        "anecdote": "Gérard Holtz presentó el diario de 13 horas de France 2 entre septiembre de 2000 y julio de 2001."
      },
      {
        "id": 25,
        "question": "¿Qué columnista del Club de Fútbol del Canal a veces está acompañado por Hervé Mathoux ?",
        "propositions": [
          "Vincent Perrot",
          "Christian Ollivier",
          "Pierre Ménès",
          "Laurent Bazin"
        ],
        "réponse": "Pierre Ménès",
        "anecdote": "Debido a su papel polémico, Pierre Méné ha entrado en conflicto repetidamente con diferentes jugadores de fútbol."
      },
      {
        "id": 26,
        "question": "¿Qué presentador de televisión es a menudo apodado el 'Príncipe polaco' por William Leymergie ?",
        "propositions": [
          "Stéphane Plaza",
          "Laurent Romejko",
          "Bruce Toussaint",
          "Ariel Wizman"
        ],
        "réponse": "Laurent Romejko",
        "anecdote": "En 2000, participó en el lanzamiento del canal Health Life y presentó una revista para profesionales de la salud."
      },
      {
        "id": 27,
        "question": "¿Cómo se llama la productora de Julien Courbet ?",
        "propositions": [
          "Reservoir Prod",
          "La Concepteria",
          "Atlangtic",
          "Coyote"
        ],
        "réponse": "La Concepteria",
        "anecdote": "Julien Courbet es un piloto eminente que compite bajo su nombre real (Frédéric Courbet)."
      },
      {
        "id": 28,
        "question": "¿Quién fue el primero en animar 'The Treasure Hunt' en Antenne 2 ?",
        "propositions": [
          "Bruce Toussaint",
          "Jean Lanzi",
          "Didier Lecat",
          "Philippe Gildas"
        ],
        "réponse": "Philippe Gildas",
        "anecdote": "Philippe Gildas publicó su autobiografía 'Cómo alcanzar la televisión cuando eres pequeño, bretón, con orejas grandes'."
      },
      {
        "id": 29,
        "question": "¿Qué presentador de televisión cantó 'Cuitas bananas' ?",
        "propositions": [
          "Thierry Beccaro",
          "Philippe Risoli",
          "Pascal Brunner",
          "Sebastien Cauet"
        ],
        "réponse": "Philippe Risoli",
        "anecdote": "Philippe Risoli hizo su gran regreso a la televisión en el canal de televisión Gulli en 2009 con la presentación de 'The Fan School'."
      },
      {
        "id": 30,
        "question": "¿Qué animador produce programas de radio en su compañía Coyote ?",
        "propositions": [
          "V. Perrot",
          "O. Minne",
          "Ch. Dechavanne",
          "Th. Ardisson"
        ],
        "réponse": "Ch. Dechavanne",
        "anecdote": "Christophe Dechavanne es una de las primeras personalidades en proponer el condón a un franco."
      }
      ]
      }
    ],
    "it": [
    {
      "débutant": [
      {
        "id": 1,
        "question": "Chi era il presentatore del giornale di 20 ore su TF1 dal 2008 al 2012 ?",
        "propositions": [
          "Laurence Ferrari",
          "Béatrice Schönberg",
          "Florence Schaal",
          "Anne-Sophie Lapix"
        ],
        "réponse": "Laurence Ferrari",
        "anecdote": "Laurence Ferrari ora intende 'rispolverare le notizie' affrontando tutti i tipi di argomenti."
      },
      {
        "id": 2,
        "question": "Chi ha sostituito Claude Sérillon alla presentazione del giornale di 20 ore di France 2 ?",
        "propositions": [
          "Daniel Bilalian",
          "Claude Sérillon",
          "David Pujadas",
          "Bruno Masure"
        ],
        "réponse": "David Pujadas",
        "anecdote": "David Pujadas ha vinto il premio Roland-Dorgelès 2007 per il suo 'impegno per la qualità della lingua francese'."
      },
      {
        "id": 3,
        "question": "Chi ha animato ogni giorno 'C à vous' su France 5 dal 2009 al 2013 ?",
        "propositions": [
          "Alessandra Sublet",
          "Karine Ferri",
          "Sonia Dubois",
          "Valérie Bénaïm"
        ],
        "réponse": "Alessandra Sublet",
        "anecdote": "Alessandra Sublet è la figlia di Joël Sublet, ex calciatore dell'Olympique Lyonnais che ha giocato negli anni '70."
      },
      {
        "id": 4,
        "question": "Quale conduttore televisivo ha presentato otto stagioni di 'Secret Story' ?",
        "propositions": [
          "Cyril Hanouna",
          "Denis Brogniart",
          "Marc-Olivier Fogiel",
          "Benjamin Castaldi"
        ],
        "réponse": "Benjamin Castaldi",
        "anecdote": "Benjamin Castaldi è il figlio di Jean-Pierre Castaldi e Catherine Allégret, ma anche il nipote dell'attrice Simone Signoret."
      },
      {
        "id": 5,
        "question": "Chi co-anima dal 2011 una trasmissione televisiva al fianco di Nicolas Canteloup ?",
        "propositions": [
          "Sebastien Cauet",
          "Jean-Pierre Foucault",
          "Julien Courbet",
          "Nikos Aliagas"
        ],
        "réponse": "Nikos Aliagas",
        "anecdote": "Nell'aprile 2011, Nikos ha soprannominato un personaggio (Flamenco) nel film 'I Rio' al fianco di Karine Ferri e Nicolas Richaud."
      },
      {
        "id": 6,
        "question": "Chi è riuscito a Michel Denisot alla presentazione del 'Grand Journal' su Canal + ?",
        "propositions": [
          "Philippe Gildas",
          "Jerome Bonaldi",
          "Antoine de Caunes",
          "Philippe Risoli"
        ],
        "réponse": "Antoine de Caunes",
        "anecdote": "Antoines de Caunes è l'autore-compositore, sotto lo pseudonimo di Paul Persavon, di generici di programmi per bambini."
      },
      {
        "id": 7,
        "question": "Quale conduttore televisivo è una fine specialista delle famiglie reali ?",
        "propositions": [
          "Stéphane Bern",
          "Gérard Holtz",
          "Denis Brogniart",
          "Michel Drucker"
        ],
        "réponse": "Stéphane Bern",
        "anecdote": "Stéphane Bern è uscito nella rivista 'Tétu' nell'ottobre 2009, poi a Mireille Dumas lo stesso anno."
      },
      {
        "id": 8,
        "question": "Quale host TV è indiscutibilmente associato a 'Koh-Lanta' ?",
        "propositions": [
          "Sebastien Cauet",
          "Jean-Pierre Foucault",
          "Nikos Aliagas",
          "Denis Brogniart"
        ],
        "réponse": "Denis Brogniart",
        "anecdote": "Sposato nel 2007, Denis Brogniart ha quattro figli (nati tra il 2000 e il 2007) di cui tre con la moglie Hortense."
      },
      {
        "id": 9,
        "question": "Chi presenta il 'Grand Concours des Animateurs' ogni anno su TF1 ?",
        "propositions": [
          "Sophie Favier",
          "Alexandra Kazan",
          "Nathalie Simon",
          "Carole Rousseau"
        ],
        "réponse": "Carole Rousseau",
        "anecdote": "Carole Rousseau ha anche presentato 'Scrupules' così come le prime tre stagioni della trasmissione 'MasterChef'."
      },
      {
        "id": 10,
        "question": "Quale conduttore televisivo hai proposto di trovarlo su 'Champs-Élysées' ?",
        "propositions": [
          "Alexandre Devoise",
          "Guillaume Durand",
          "Michel Denisot",
          "Michel Drucker"
        ],
        "réponse": "Michel Drucker",
        "anecdote": "Michel Drucker ha prodotto insieme a François Coquet le sue esibizioni dal 1984 con DMD Productions."
      }
    ],
    "confirmé": [
      {
        "id": 11,
        "question": "Quale conduttore televisivo oggi scomparso è stato rapidamente soprannominato l'uomo con l'auricolare ?",
        "propositions": [
          "Benjamin Castaldi",
          "Philippe Gildas",
          "Jean-Luc Delarue",
          "Antoine de Caunes"
        ],
        "réponse": "Jean-Luc Delarue",
        "anecdote": "Jean-Luc Delarue ha dovuto affrontare varie difficoltà giudiziarie con Tank Prod e personalmente."
      },
      {
        "id": 12,
        "question": "Chi ha prima animato 'The Press Review' in 'Hey Terrans!' ?",
        "propositions": [
          "Gaspard Proust",
          "Stéphane Guillon",
          "Antoine de Caunes",
          "Laurent Baffie"
        ],
        "réponse": "Stéphane Guillon",
        "anecdote": "Nello spettacolo '20h10 pétantes', Stéphane Guillon a volte si confrontava con la rabbia, l'ostilità, persino il disprezzo di alcuni ospiti."
      },
      {
        "id": 13,
        "question": "Quale di questi giornalisti era un giornalista televisivo con Laurent Ruquier ?",
        "propositions": [
          "Anne Fulda",
          "Natacha Polony",
          "Elisabeth Quin",
          "Virginie Mouzat"
        ],
        "réponse": "Natacha Polony",
        "anecdote": "Il 19 marzo 2015 Natacha Polony ha ricevuto il Bad Book Award 2015 per il suo libro 'Ce pays qu'on abat'."
      },
      {
        "id": 14,
        "question": "In televisione, quale polemista e saggista è spesso associato a Eric Naulleau ?",
        "propositions": [
          "Maurice Joly",
          "Jean Dutourd",
          "Christophe Barbier",
          "Éric Zemmour"
        ],
        "réponse": "Éric Zemmour",
        "anecdote": "Dopo aver scritto diverse biografie di politici, Zemmour Zemmour si è trasformato nel 2006-2007 in temi sociali."
      },
      {
        "id": 15,
        "question": "Quale di questi animatori ha coprodotto numerosi programmi con Catherine Barma ?",
        "propositions": [
          "Bruno Gaccio",
          "Thierry Ardisson",
          "Pierre Bellemare",
          "Olivier Chiabodo"
        ],
        "réponse": "Thierry Ardisson",
        "anecdote": "Nel 2005, Thierry Ardisson ha creato la società Ardimages con l'obiettivo di produrre lungometraggi e serie per la televisione."
      },
      {
        "id": 16,
        "question": "Quale conduttore televisivo è noto per le sue dimostrazioni quasi sempre mancate ?",
        "propositions": [
          "Laurent Baffie",
          "Patrice Carmouze",
          "Antoine de Caunes",
          "Stéphane Guillon"
        ],
        "réponse": "Patrice Carmouze",
        "anecdote": "Dopo che un giovane è passato a Limoges, Patrice Carmouze otterrà una licenza di lettere e un master di legge."
      },
      {
        "id": 17,
        "question": "Chi cantava i bambini in televisione la domenica pomeriggio ?",
        "propositions": [
          "Jacques Martin",
          "Alain Chabat",
          "Bruno Masure",
          "Thierry Beccaro"
        ],
        "réponse": "Jacques Martin",
        "anecdote": "Cuoco eccellente, Jacques Martin era il nipote di Joannès Ducerf, cuoco dello zar Nicola II di Russia."
      },
      {
        "id": 18,
        "question": "Quale uomo della TV è noto per il suo senso di festa e il suo umorismo grintoso ?",
        "propositions": [
          "Gerry Holtz",
          "Laurent Baffie",
          "Stéphane Bern",
          "Michel Drucker"
        ],
        "réponse": "Laurent Baffie",
        "anecdote": "Nel 2003, Laurent Baffie realizza il suo primo lungometraggio, 'The Keys of Cars', in cui recita con Daniel Russo."
      },
      {
        "id": 19,
        "question": "Chi ha partecipato ai candidati di 'Fort Boyard' dal 2003 su France 2 ?",
        "propositions": [
          "Olivier Minne",
          "Florian Gazan",
          "Fratello Lopez",
          "Campo Michel"
        ],
        "réponse": "Olivier Minne",
        "anecdote": "Olivier Minne ha fatto apparizioni nella serie 'Un ragazzo, una ragazza', poi interpretando uno degli amici di Jean."
      },
      {
        "id": 20,
        "question": "Quale presentatore televisivo ti vieta di 'toccare il suo lavoro' ?",
        "propositions": [
          "Pascal Sevran",
          "Cyril Hanouna",
          "Léon Zitrone",
          "Vincent Perrot"
        ],
        "réponse": "Cyril Hanouna",
        "anecdote": "Il 7 giugno 2013, Cyril Hanouna ha vinto per la prima volta il torneo di personalità del Roland-Garros."
      }
    ],
    "expert": [
      {
        "id": 21,
        "question": "Qual è stato lo stipendio mensile di Julien Lepers per il gioco 'Domande per un campione' ?",
        "propositions": [
          "13000 EUR",
          "39.000 EUR",
          "26.000 EUR",
          "47.000 EUR"
        ],
        "réponse": "39.000 EUR",
        "anecdote": "Julien Lepers è anche un manager dell'azienda attraverso la sua azienda Guilor, specializzata in consulenza aziendale e di gestione."
      },
      {
        "id": 22,
        "question": "Quale conduttore televisivo ha sempre affermato di avere Patrick Sabatier come un idolo assoluto ?",
        "propositions": [
          "Thomas Hugues",
          "Bernard Montiel",
          "Guy Lux",
          "Marc-Olivier Fogiel"
        ],
        "réponse": "Marc-Olivier Fogiel",
        "anecdote": "A volte soprannominato il 'pitbull PAF', Marc-Olivier Fogiel si distingue nelle interviste con uno stile aggressivo e fragile."
      },
      {
        "id": 23,
        "question": "Quale facilitatore ha detto che 'la ricerca della verità' è stata la sua prima motivazione ?",
        "propositions": [
          "Élise Lucet",
          "Audrey Pulvar",
          "Christine Ockrent",
          "Marie Drucker"
        ],
        "réponse": "Élise Lucet",
        "anecdote": "Chiama la sua missione 'un granello di sabbia che impedisce alla macchina di girare' e così 'risveglia la coscienza'."
      },
      {
        "id": 24,
        "question": "A quale animatore abbiamo la famosa frase: 'Viva lo sport su France 2' ?",
        "propositions": [
          "Laurent Mariotte",
          "Gerry Holtz",
          "Georges Lang",
          "Jean-Luc Lemoine"
        ],
        "réponse": "Gerry Holtz",
        "anecdote": "Gérard Holtz ha presentato il diario delle 13 ore di France 2 tra settembre 2000 e luglio 2001."
      },
      {
        "id": 25,
        "question": "Quale editorialista del Canal Football Club è talvolta accompagnato da Hervé Mathoux ?",
        "propositions": [
          "Christian Ollivier",
          "Pierre Ménès",
          "Laurent Bazin",
          "Vincent Perrot"
        ],
        "réponse": "Pierre Ménès",
        "anecdote": "A causa del suo ruolo polemico, Pierre Ménès è entrato ripetutamente in conflitto con diversi giocatori di football."
      },
      {
        "id": 26,
        "question": "Quale conduttore televisivo viene spesso soprannominato il 'Principe polacco' di William Leymergie ?",
        "propositions": [
          "Stéphane Plaza",
          "Bruce Toussaint",
          "Laurent Romejko",
          "Ariel Wizman"
        ],
        "réponse": "Laurent Romejko",
        "anecdote": "Nel 2000, ha partecipato al lancio del canale Health Life e ha presentato un diario per i professionisti della salute."
      },
      {
        "id": 27,
        "question": "Come si chiama la compagnia di produzione di Julien Courbet ?",
        "propositions": [
          "Coyote",
          "Atlangtic",
          "Reservoir Prod",
          "La Concepteria"
        ],
        "réponse": "La Concepteria",
        "anecdote": "Julien Courbet è un pilota eminente che gareggia sotto il suo vero nome (Frédéric Courbet)."
      },
      {
        "id": 28,
        "question": "Chi è stato il primo ad animare 'The Treasure Hunt' su Antenne 2 ?",
        "propositions": [
          "Bruce Toussaint",
          "Jean Lanzi",
          "Didier Lecat",
          "Philippe Gildas"
        ],
        "réponse": "Philippe Gildas",
        "anecdote": "Philippe Gildas ha pubblicato la sua autobiografia 'Come raggiungere la televisione quando sei piccolo, bretone, con le orecchie grandi'."
      },
      {
        "id": 29,
        "question": "Quale conduttore televisivo ha cantato 'banane Cuitas' ?",
        "propositions": [
          "Pascal Brunner",
          "Thierry Beccaro",
          "Philippe Risoli",
          "Sebastien Cauet"
        ],
        "réponse": "Philippe Risoli",
        "anecdote": "Philippe Risoli ha fatto il suo grande ritorno in televisione sul canale Gulli TV nel 2009 presentando 'The Fan School'."
      },
      {
        "id": 30,
        "question": "Quale animatore produce programmi radiofonici nella sua compagnia Coyote ?",
        "propositions": [
          "V. Perrot",
          "O. Minne",
          "Th. Ardisson",
          "Ch. Dechavanne"
        ],
        "réponse": "Ch. Dechavanne",
        "anecdote": "Christophe Dechavanne è tra le prime personalità ad aver proposto il preservativo a un franco."
      }
      ]
      }
    ],
    "nl": [
    {
      "débutant": [
      {
        "id": 1,
        "question": "Wie was de presentator van de 20-uurskrant op TF1 van 2008 tot 2012 ?",
        "propositions": [
          "Anne-Sophie Lapix",
          "Béatrice Schönberg",
          "Florence Schaal",
          "Laurence Ferrari"
        ],
        "réponse": "Laurence Ferrari",
        "anecdote": "Laurence Ferrari is nu van plan om 'het nieuws af te stoffen' door allerlei onderwerpen aan te pakken."
      },
      {
        "id": 2,
        "question": "Wie verving Claude S ?rillon bij de presentatie van de 20-urenkrant van Frankrijk 2 ?",
        "propositions": [
          "Claude Sérillon",
          "Bruno Masure",
          "David Pujadas",
          "Daniel Bilalian"
        ],
        "réponse": "David Pujadas",
        "anecdote": "David Pujadas won de 2007 Roland-Dorgelès Award voor zijn 'toewijding aan de kwaliteit van de Franse taal'."
      },
      {
        "id": 3,
        "question": "Wie bezielde elke dag 'C à vous' op France 5 van 2009 tot 2013 ?",
        "propositions": [
          "Sonia Dubois",
          "Alessandra Sublet",
          "Valérie Bénaïm",
          "Karine Ferri"
        ],
        "réponse": "Alessandra Sublet",
        "anecdote": "Alessandra Sublet is de dochter van Joël Sublet, een voormalig voetballer van Olympique Lyonnais die in de jaren zeventig speelde."
      },
      {
        "id": 4,
        "question": "Welke televisiegastheer presenteerde acht seizoenen van 'Secret Story' ?",
        "propositions": [
          "Marc-Olivier Fogiel",
          "Cyril Hanouna",
          "Denis Brogniart",
          "Benjamin Castaldi"
        ],
        "réponse": "Benjamin Castaldi",
        "anecdote": "Benjamin Castaldi is de zoon van Jean-Pierre Castaldi en Catherine Allégret maar ook de kleinzoon van actrice Simone Signoret."
      },
      {
        "id": 5,
        "question": "Wie co-animeert sinds 2011 een uitzending op televisie naast Nicolas Canteloup ?",
        "propositions": [
          "Sebastien Cauet",
          "Julien Courbet",
          "Nikos Aliagas",
          "Jean-Pierre Foucault"
        ],
        "réponse": "Nikos Aliagas",
        "anecdote": "In april 2011 noemde Nikos een personage (Flamenco) in de film 'I Rio' naast Karine Ferri en Nicolas Richaud."
      },
      {
        "id": 6,
        "question": "Wie is Michel Denisot geslaagd bij de presentatie van het 'Grand Journal' op Canal + ?",
        "propositions": [
          "Philippe Risoli",
          "Philippe Gildas",
          "Antoine de Caunes",
          "Jerome Bonaldi"
        ],
        "réponse": "Antoine de Caunes",
        "anecdote": "Antoines de Caunes is de auteur-componist, onder het pseudoniem van Paul Persavon, van generaals van kinderprogramma's."
      },
      {
        "id": 7,
        "question": "Welke tv-presentator is een specialistisch einde van koninklijke families ?",
        "propositions": [
          "Stéphane Bern",
          "Michel Drucker",
          "Denis Brogniart",
          "Gérard Holtz"
        ],
        "réponse": "Stéphane Bern",
        "anecdote": "Stéphane Bern kwam uit in het tijdschrift 'Tétu' in oktober 2009, vervolgens in Mireille Dumas hetzelfde jaar."
      },
      {
        "id": 8,
        "question": "Welke tv-host is onbetwistbaar geassocieerd met 'Koh-Lanta' ?",
        "propositions": [
          "Sebastien Cauet",
          "Denis Brogniart",
          "Nikos Aliagas",
          "Jean-Pierre Foucault"
        ],
        "réponse": "Denis Brogniart",
        "anecdote": "Getrouwd in 2007, Denis Brogniart heeft vier kinderen (geboren tussen 2000 en 2007) waarvan drie met zijn vrouw Hortense."
      },
      {
        "id": 9,
        "question": "Wie presenteert elk jaar het 'Grand Concours des Animateurs' op TF1 ?",
        "propositions": [
          "Nathalie Simon",
          "Carole Rousseau",
          "Alexandra Kazan",
          "Sophie Favier"
        ],
        "réponse": "Carole Rousseau",
        "anecdote": "Carole Rousseau heeft ook 'Scrupules' gepresenteerd, evenals de eerste drie seizoenen van de 'MasterChef' uitzending."
      },
      {
        "id": 10,
        "question": "Welke tv-presentator stelde u voor hem op de 'Champs-Élysées' te vinden ?",
        "propositions": [
          "Michel Drucker",
          "Michel Denisot",
          "Alexandre Devoise",
          "Guillaume Durand"
        ],
        "réponse": "Michel Drucker",
        "anecdote": "Michel Drucker produceerde samen met François Coquet zijn uitvoeringen sinds 1984 met DMD Productions."
      }
    ],
    "confirmé": [
      {
        "id": 11,
        "question": "Welke tv-presentator vandaag verdwenen was, werd snel de man met de headset genoemd ?",
        "propositions": [
          "Benjamin Castaldi",
          "Antoine de Caunes",
          "Philippe Gildas",
          "Jean-Luc Delarue"
        ],
        "réponse": "Jean-Luc Delarue",
        "anecdote": "Jean-Luc Delarue werd geconfronteerd met verschillende juridische problemen met zowel Reservoir Prod als persoonlijk."
      },
      {
        "id": 12,
        "question": "Wie animeerde eerst 'The Press Review' in 'Hey Terrans!' ?",
        "propositions": [
          "Gaspard Proust",
          "Laurent Baffie",
          "Stéphane Guillon",
          "Antoine de Caunes"
        ],
        "réponse": "Stéphane Guillon",
        "anecdote": "In de show '20u10 pétantes ' werd Stéphane Guillon soms geconfronteerd met de woede, de vijandigheid en zelfs de minachting van sommige gasten."
      },
      {
        "id": 13,
        "question": "Welke van deze journalisten was een columnist die op televisie was uitgezonden met Laurent Ruquier ?",
        "propositions": [
          "Anne Fulda",
          "Elisabeth Quin",
          "Virginie Mouzat",
          "Natacha Polony"
        ],
        "réponse": "Natacha Polony",
        "anecdote": "Op 19 maart 2015 ontving Natacha Polony de 2015 Bad Book Award voor haar boek 'Ce pays qu'on abat'."
      },
      {
        "id": 14,
        "question": "Op televisie, welke polemist en essayist wordt vaak geassocieerd met Eric Naulleau ?",
        "propositions": [
          "Jean Dutourd",
          "Maurice Joly",
          "Christophe Barbier",
          "Éric Zemmour"
        ],
        "réponse": "Éric Zemmour",
        "anecdote": "Na het schrijven van verschillende biografieën van politici, draaide Zemmour Zemmour in 2006-2007 naar maatschappelijke onderwerpen."
      },
      {
        "id": 15,
        "question": "Welke van deze animators heeft meerdere programma's gecoproduceerd met Catherine Barma ?",
        "propositions": [
          "Bruno Gaccio",
          "Olivier Chiabodo",
          "Pierre Bellemare",
          "Thierry Ardisson"
        ],
        "réponse": "Thierry Ardisson",
        "anecdote": "In 2005 creëerde Thierry Ardisson het bedrijf Ardimages met als doel het produceren van speelfilms en series voor televisie."
      },
      {
        "id": 16,
        "question": "Welke tv-host staat nog steeds bekend om zijn bijna altijd falende demonstraties ?",
        "propositions": [
          "Patrice Carmouze",
          "Antoine de Caunes",
          "Stéphane Guillon",
          "Laurent Baffie"
        ],
        "réponse": "Patrice Carmouze",
        "anecdote": "Na een jeugd verstreken in Limoges, zal Patrice Carmouze een brevet van brieven en een licentiaatsdiploma behalen."
      },
      {
        "id": 17,
        "question": "Wie zong op zondagmiddag jonge kinderen op televisie ?",
        "propositions": [
          "Jacques Martin",
          "Thierry Beccaro",
          "Bruno Masure",
          "Alain Chabat"
        ],
        "réponse": "Jacques Martin",
        "anecdote": "Fijne kok, Jacques Martin was de kleinzoon van Joannès Ducerf, chef-kok van Tsaar Nicolaas II van Rusland."
      },
      {
        "id": 18,
        "question": "Welke tv-man staat bekend om zijn feestvreugde en zijn gruizige humor ?",
        "propositions": [
          "Gerry Holtz",
          "Michel Drucker",
          "Laurent Baffie",
          "Stéphane Bern"
        ],
        "réponse": "Laurent Baffie",
        "anecdote": "In 2003 maakte Laurent Baffie zijn eerste speelfilm, 'The Keys of Cars', waarin hij samen met Daniel Russo speelde."
      },
      {
        "id": 19,
        "question": "Wie heeft sinds 2003 'Fort Boyard' kandidaten voor Frankrijk 2 gerund ?",
        "propositions": [
          "Florian Gazan",
          "Olivier Minne",
          "Michel Field",
          "Broeder Lopez"
        ],
        "réponse": "Olivier Minne",
        "anecdote": "Olivier Minne maakte optredens in de serie 'Een jongen, een meisje' en speelde toen een van Jean's vrienden."
      },
      {
        "id": 20,
        "question": "Welke tv-presentator verbiedt je om 'zijn werk aan te raken' ?",
        "propositions": [
          "Léon Zitrone",
          "Cyril Hanouna",
          "Pascal Sevran",
          "Vincent Perrot"
        ],
        "réponse": "Cyril Hanouna",
        "anecdote": "Op 7 juni 2013 won Cyril Hanouna voor de eerste keer het toernooi van persoonlijkheden van Roland-Garros."
      }
    ],
    "expert": [
      {
        "id": 21,
        "question": "Wat was het maandsalaris van Julien Lepers voor de game 'Vragen voor een kampioen' ?",
        "propositions": [
          "EUR 13.000",
          "EUR 39.000",
          "EUR 47.000",
          "EUR 26.000"
        ],
        "réponse": "EUR 39.000",
        "anecdote": "Julien Lepers is ook bedrijfsmanager via zijn bedrijf Guilor, gespecialiseerd in bedrijfs- en managementadvies."
      },
      {
        "id": 22,
        "question": "Welke televisiepresentator heeft altijd beweerd dat Patrick Sabatier een absoluut idool is ?",
        "propositions": [
          "Bernard Montiel",
          "Thomas Hugues",
          "Marc-Olivier Fogiel",
          "Guy Lux"
        ],
        "réponse": "Marc-Olivier Fogiel",
        "anecdote": "Soms wordt hij de 'PAF pitbull' genoemd, maar Marc-Olivier Fogiel onderscheidt zich in interviews door een agressieve en broze stijl."
      },
      {
        "id": 23,
        "question": "Welke facilitator zei dat 'de zoektocht naar de waarheid' haar eerste motivatie was ?",
        "propositions": [
          "Audrey Pulvar",
          "Marie Drucker",
          "Élise Lucet",
          "Christine Ockrent"
        ],
        "réponse": "Élise Lucet",
        "anecdote": "Ze noemt haar missie 'een zandkorrel die voorkomt dat de machine draait' en dus 'ontwaakt bewustzijn'."
      },
      {
        "id": 24,
        "question": "Aan welke animator hebben we de bekende uitdrukking: 'Leve de sport op Frankrijk 2' ?",
        "propositions": [
          "Gerry Holtz",
          "Georges Lang",
          "Jean-Luc Lemoine",
          "Laurent Mariotte"
        ],
        "réponse": "Gerry Holtz",
        "anecdote": "Gérard Holtz presenteerde het 13-uursjournaal van France 2 tussen september 2000 en juli 2001."
      },
      {
        "id": 25,
        "question": "Welke columnist van de Canal Football Club wordt soms vergezeld door Hervé Mathoux ?",
        "propositions": [
          "Pierre Ménes",
          "Vincent Perrot",
          "Christian Ollivier",
          "Laurent Bazin"
        ],
        "réponse": "Pierre Ménes",
        "anecdote": "Vanwege zijn polemische rol is Pierre Méné herhaaldelijk in conflict geraakt met verschillende voetbalspelers."
      },
      {
        "id": 26,
        "question": "Welke tv-host wordt door William Leymergie vaak de 'Poolse prins' genoemd ?",
        "propositions": [
          "Laurent Romejko",
          "Ariel Wizman",
          "Bruce Toussaint",
          "Stéphane Plaza"
        ],
        "réponse": "Laurent Romejko",
        "anecdote": "In 2000 nam hij deel aan de lancering van het Health Life-kanaal en presenteerde een tijdschrift voor gezondheidswerkers."
      },
      {
        "id": 27,
        "question": "Hoe heet het productiebedrijf van Julien Courbet ?",
        "propositions": [
          "Coyote",
          "Atlangtic",
          "Reservoir Prod",
          "La Concepteria"
        ],
        "réponse": "La Concepteria",
        "anecdote": "Julien Courbet is een eminente rijder die concurreert onder zijn echte naam (Frédéric Courbet)."
      },
      {
        "id": 28,
        "question": "Wie was de eerste om 'The Treasure Hunt' op Antenne 2 te animeren ?",
        "propositions": [
          "Jean Lanzi",
          "Didier Lecat",
          "Bruce Toussaint",
          "Philippe Gildas"
        ],
        "réponse": "Philippe Gildas",
        "anecdote": "Philippe Gildas publiceerde zijn autobiografie 'Hoe je televisie kunt bereiken als je klein bent, Bretons, met grote oren'."
      },
      {
        "id": 29,
        "question": "Welke tv-presentator zong 'Cuitas bananen' ?",
        "propositions": [
          "Thierry Beccaro",
          "Pascal Brunner",
          "Philippe Risoli",
          "Sebastien Cauet"
        ],
        "réponse": "Philippe Risoli",
        "anecdote": "Philippe Risoli maakte zijn grote terugkeer naar televisie op de Gulli TV-zender in 2009 door 'The Fan School'."
      },
      {
        "id": 30,
        "question": "Welke animator produceert radioprogramma's bij zijn bedrijf Coyote ?",
        "propositions": [
          "O. Minne",
          "Ch. Dechavanne",
          "Th Ardisson",
          "V. Perrot"
        ],
        "réponse": "Ch. Dechavanne",
        "anecdote": "Christophe Dechavanne is een van de eerste persoonlijkheden die het condoom heeft voorgesteld aan een frank."
      }
      ]
      }
    ]
  }
}