<?xml version="1.0" encoding="UTF-8" standalone="yes" ?>
<quizz fournisseur="OpenQuizzDB : Fournisseur de contenu libre"
       url="https://www.openquizzdb.org"
       rédacteur="Philippe Bresoux"
       thème="Séries américaines (Ça se bouscule au pays des séries US)"
       difficulté="3 / 5">
  <débutant>
    <contenu id="1">
      <question>Quelle est la couleur du maillot des sauveteurs de la série 'Alerte à Malibu' ?</question>
      <propositions>
        <proposition id="1-1">Bleue</proposition>
        <proposition id="1-2">Jaune</proposition>
        <proposition id="1-3">Rouge</proposition>
        <proposition id="1-4">Verte</proposition>
      </propositions>
      <réponse proposition="1-3">Rouge</réponse>
      <anecdote>'Alerte à Malibu' reste à ce jour une des séries télévisées les plus regardées au monde.</anecdote>
    </contenu>
    <contenu id="2">
      <question>Dans quelle ville peut-on retrouver sur les écrans le lieutenant Horatio Caine ?</question>
      <propositions>
        <proposition id="2-1">Miami</proposition>
        <proposition id="2-2">Los Angeles</proposition>
        <proposition id="2-3">New York</proposition>
        <proposition id="2-4">Las Vegas</proposition>
      </propositions>
      <réponse proposition="2-1">Miami</réponse>
      <anecdote>Dans la série télévisée, sa mère lui aurait donné son prénom en hommage à l'écrivain Horatio Alger.</anecdote>
    </contenu>
    <contenu id="3">
      <question>Pour qui travaillent les 'Drôles de dames', diffusées entre 1976 et 1981 sur le réseau ABC ?</question>
      <propositions>
        <proposition id="3-1">Bosley</proposition>
        <proposition id="3-2">Tatoo</proposition>
        <proposition id="3-3">Michael</proposition>
        <proposition id="3-4">Charlie</proposition>
      </propositions>
      <réponse proposition="3-4">Charlie</réponse>
      <anecdote>Charlie Townsend n'apparaîtra presque jamais à l'écran, sauf lorsqu'il sera enlevé.</anecdote>
    </contenu>
    <contenu id="4">
      <question>Qui est le plus costaud des héros télévisés de la célèbre 'Agence tous risques' ?</question>
      <propositions>
        <proposition id="4-1">Barracuda</proposition>
        <proposition id="4-2">Hannibal</proposition>
        <proposition id="4-3">Futé</proposition>
        <proposition id="4-4">Looping</proposition>
      </propositions>
      <réponse proposition="4-1">Barracuda</réponse>
      <anecdote>La série 'Agence tous risques' s'est brutalement arrêtée parce qu'elle devenait de plus en plus chère à produire.</anecdote>
    </contenu>
    <contenu id="5">
      <question>Qui détient le rôle principal dans la série télévisée américaine 'Dr House' ?</question>
      <propositions>
        <proposition id="5-1">Matthew Fox</proposition>
        <proposition id="5-2">Kiefer Sutherland</proposition>
        <proposition id="5-3">Hugh Laurie</proposition>
        <proposition id="5-4">Thomas Sarbacher</proposition>
      </propositions>
      <réponse proposition="5-3">Hugh Laurie</réponse>
      <anecdote>Grégory House, héros de la série, fait souvent référence à des groupes, des films et séries télévisées.</anecdote>
    </contenu>
    <contenu id="6">
      <question>Quelle héroïne de la série télévisée 'Ma sorcière bien aimée' est mariée à Jean-Pierre ?</question>
      <propositions>
        <proposition id="6-1">Esmeralda</proposition>
        <proposition id="6-2">Samantha</proposition>
        <proposition id="6-3">Endora</proposition>
        <proposition id="6-4">Tabatha</proposition>
      </propositions>
      <réponse proposition="6-2">Samantha</réponse>
      <anecdote>Ce couple modèle à l'américaine a également deux enfants prénommés Tabatha et Adam.</anecdote>
    </contenu>
    <contenu id="7">
      <question>Dans quelle série télévisée Wentworth Miller incarne-t-il Michael Scofield ?</question>
      <propositions>
        <proposition id="7-1">Lost</proposition>
        <proposition id="7-2">Friends</proposition>
        <proposition id="7-3">Dr House</proposition>
        <proposition id="7-4">Prison Break</proposition>
      </propositions>
      <réponse proposition="7-4">Prison Break</réponse>
      <anecdote>Dans la série, Michael Scofield élabore pour son frère un plan d'évasion d'une complexité stupéfiante.</anecdote>
    </contenu>
    <contenu id="8">
      <question>Quel médecin Georges Clooney incarne-t-il dans la série télévisée 'Urgences' ?</question>
      <propositions>
        <proposition id="8-1">John Carter</proposition>
        <proposition id="8-2">Mark Green</proposition>
        <proposition id="8-3">Dylan Creed</proposition>
        <proposition id="8-4">Douglas Ross</proposition>
      </propositions>
      <réponse proposition="8-4">Douglas Ross</réponse>
      <anecdote>Le pilote de la série a été filmé dans un vieil hôpital abandonné, par manque de temps.</anecdote>
    </contenu>
    <contenu id="9">
      <question>Quel village la famille Ingalls habite-t-elle dans 'La Petite Maison dans la prairie' ?</question>
      <propositions>
        <proposition id="9-1">Dakota Springs</proposition>
        <proposition id="9-2">Sailor Fields</proposition>
        <proposition id="9-3">Ingalls Valley</proposition>
        <proposition id="9-4">Walnut Grove</proposition>
      </propositions>
      <réponse proposition="9-4">Walnut Grove</réponse>
      <anecdote>Les lieux les plus importants de la série 'La Petite Maison dans la prairie' sont Walnut-Grove, Sleepy Eye et Winoka.</anecdote>
    </contenu>
    <contenu id="10">
      <question>Lequel de ces personnages ne fait pas partie de la bande de copains de 'Friends' ?</question>
      <propositions>
        <proposition id="10-1">Joey</proposition>
        <proposition id="10-2">Matt</proposition>
        <proposition id="10-3">Ross</proposition>
        <proposition id="10-4">Chandler</proposition>
      </propositions>
      <réponse proposition="10-2">Matt</réponse>
      <anecdote>La série 'Friends' raconte dix années de la vie de six amis vivant ensemble à New York.</anecdote>
    </contenu>
  </débutant>
  <confirmé>
    <contenu id="11">
      <question>Quel est le nom de la célèbre voiture que David Hasselhoff pilotait dans 'K2000' ?</question>
      <propositions>
        <proposition id="11-1">Kitt</proposition>
        <proposition id="11-2">Kate</proposition>
        <proposition id="11-3">Katy</proposition>
        <proposition id="11-4">Kytie</proposition>
      </propositions>
      <réponse proposition="11-1">Kitt</réponse>
      <anecdote>Cette voiture est capable de réfléchir et de parler comme un être humain.</anecdote>
    </contenu>
    <contenu id="12">
      <question>Qui joua le rôle de Donna Martin dans la série télévisée 'Beverly Hills 90210' ?</question>
      <propositions>
        <proposition id="12-1">Tori Spelling</proposition>
        <proposition id="12-2">Hillary Swank</proposition>
        <proposition id="12-3">Carol Potter</proposition>
        <proposition id="12-4">Jenny Garth</proposition>
      </propositions>
      <réponse proposition="12-1">Tori Spelling</réponse>
      <anecdote>'Beverly Hills 90210' est un feuilleton télévisé américain qui compte 294 épisodes de 44 minutes.</anecdote>
    </contenu>
    <contenu id="13">
      <question>Dans quelle série Aaron Hotchner perce-t-il les pensées des tueurs en série ?</question>
      <propositions>
        <proposition id="13-1">The Walking Dead</proposition>
        <proposition id="13-2">Mentalist</proposition>
        <proposition id="13-3">Person of Interest</proposition>
        <proposition id="13-4">Esprits criminels</proposition>
      </propositions>
      <réponse proposition="13-4">Esprits criminels</réponse>
      <anecdote>Aaron Hotchner est interprété par Thomas Gibson et doublé par Julien Kramer en version française.</anecdote>
    </contenu>
    <contenu id="14">
      <question>Qui est la sur aînée des héroïnes de la série télévisée américaine 'Charmed' ?</question>
      <propositions>
        <proposition id="14-1">Prue</proposition>
        <proposition id="14-2">Buffy</proposition>
        <proposition id="14-3">Paige</proposition>
        <proposition id="14-4">Piper</proposition>
      </propositions>
      <réponse proposition="14-1">Prue</réponse>
      <anecdote>La série 'Charmed' raconte l'histoire de 3 surs qui sont les plus puissantes sorcières du monde.</anecdote>
    </contenu>
    <contenu id="15">
      <question>Dans laquelle de ces séries télévisées trouve-t-on un super-héros ?</question>
      <propositions>
        <proposition id="15-1">Stargate</proposition>
        <proposition id="15-2">Le Caméléon</proposition>
        <proposition id="15-3">Profiler</proposition>
        <proposition id="15-4">Smallville</proposition>
      </propositions>
      <réponse proposition="15-4">Smallville</réponse>
      <anecdote>Cette série télévisée américaine raconte la jeunesse du futur Superman.</anecdote>
    </contenu>
    <contenu id="16">
      <question>Quelle est la couleur des cheveux de Miranda dans la série 'Sex and the City' ?</question>
      <propositions>
        <proposition id="16-1">Brune</proposition>
        <proposition id="16-2">Blonde</proposition>
        <proposition id="16-3">Noire</proposition>
        <proposition id="16-4">Rousse</proposition>
      </propositions>
      <réponse proposition="16-4">Rousse</réponse>
      <anecdote>Miranda est avocate et sa carrière tient la place la plus importante dans sa vie.</anecdote>
    </contenu>
    <contenu id="17">
      <question>Combien de saisons compte la série télévisée 'Lost, les disparus' créée par J.J. Abrams ?</question>
      <propositions>
        <proposition id="17-1">Deux</proposition>
        <proposition id="17-2">Quatre</proposition>
        <proposition id="17-3">Huit</proposition>
        <proposition id="17-4">Six</proposition>
      </propositions>
      <réponse proposition="17-4">Six</réponse>
      <anecdote>Bien que d'abord hésitant, J.J. Abrams était enthousiasmé par le concept de la série, à condition que celle-ci ait un angle surnaturel.</anecdote>
    </contenu>
    <contenu id="18">
      <question>Qui est le meilleur ami de Dawson dans la série télévisée du même nom ?</question>
      <propositions>
        <proposition id="18-1">Pacey</proposition>
        <proposition id="18-2">Jack</proposition>
        <proposition id="18-3">Dan</proposition>
        <proposition id="18-4">Joey</proposition>
      </propositions>
      <réponse proposition="18-1">Pacey</réponse>
      <anecdote>La série 'Dawson' a été créée par Kevin Williamson, l'auteur de la trilogie des 'Scream'.</anecdote>
    </contenu>
    <contenu id="19">
      <question>Dans quelle série télévisée Angela Lansbury interprète-t-elle le rôle de Jessica Fletcher ?</question>
      <propositions>
        <proposition id="19-1">Urgences</proposition>
        <proposition id="19-2">Médicopter</proposition>
        <proposition id="19-3">Friends</proposition>
        <proposition id="19-4">Arabesque</proposition>
      </propositions>
      <réponse proposition="19-4">Arabesque</réponse>
      <anecdote>Le rôle de Jessica Fletcher a été créé en se référant à l'univers d'Agatha Christie.</anecdote>
    </contenu>
    <contenu id="20">
      <question>Dans quelle ville se déroulent les aventures des 'Desperate Housewives' ?</question>
      <propositions>
        <proposition id="20-1">Fairview</proposition>
        <proposition id="20-2">Chicago</proposition>
        <proposition id="20-3">Los Angeles</proposition>
        <proposition id="20-4">Wisteria</proposition>
      </propositions>
      <réponse proposition="20-1">Fairview</réponse>
      <anecdote>Des rumeurs ont longtemps couru sur l'arrivée dans la série de Courteney Cox et de Kim Cattrall.</anecdote>
    </contenu>
  </confirmé>
  <expert>
    <contenu id="21">
      <question>Quelle est la race du chien de Columbo, l'inspecteur très obstiné et perspicace de la télévision ?</question>
      <propositions>
        <proposition id="21-1">Basset</proposition>
        <proposition id="21-2">Barbet</proposition>
        <proposition id="21-3">Beagle</proposition>
        <proposition id="21-4">Bichon</proposition>
      </propositions>
      <réponse proposition="21-1">Basset</réponse>
      <anecdote>Interrompue en 1978, la série télévisée 'Columbo' a été ressuscitée en 1989, toujours avec Peter Falk dans le rôle principal.</anecdote>
    </contenu>
    <contenu id="22">
      <question>Qui joue le rôle du Président Bartlet dans la série télévisée 'À la Maison Blanche' ?</question>
      <propositions>
        <proposition id="22-1">Martin Sheen</proposition>
        <proposition id="22-2">Gary Cole</proposition>
        <proposition id="22-3">John Spencer</proposition>
        <proposition id="22-4">Rob Lowe</proposition>
      </propositions>
      <réponse proposition="22-1">Martin Sheen</réponse>
      <anecdote>La série 'À la Maison Blanche' met en scène la vie quotidienne d'un Président démocrate des États-Unis.</anecdote>
    </contenu>
    <contenu id="23">
      <question>Qui incarne Isabel Evans dans la série télévisée américaine 'Roswell' ?</question>
      <propositions>
        <proposition id="23-1">Poppy Montgomery</proposition>
        <proposition id="23-2">Majandra Delfino</proposition>
        <proposition id="23-3">Katherine Heigl</proposition>
        <proposition id="23-4">Shiri Appleby</proposition>
      </propositions>
      <réponse proposition="23-3">Katherine Heigl</réponse>
      <anecdote>Le romantisme et le mystère de la première saison de 'Roswell' ont assuré le succès de cette série.</anecdote>
    </contenu>
    <contenu id="24">
      <question>Dans la série 'X-Files', quel est le prénom de la sur de Fox Mulder ?</question>
      <propositions>
        <proposition id="24-1">Catherine</proposition>
        <proposition id="24-2">Ann</proposition>
        <proposition id="24-3">Sarah</proposition>
        <proposition id="24-4">Samantha</proposition>
      </propositions>
      <réponse proposition="24-4">Samantha</réponse>
      <anecdote>C'est à la suite d'une hypnose régressive que Fox Mulder se souviendra de ce qui s'est réellement passé.</anecdote>
    </contenu>
    <contenu id="25">
      <question>Pour quelle civilisation a-t-on créé une langue artificielle dans le monde de 'Star Trek' ?</question>
      <propositions>
        <proposition id="25-1">Les Romuliens</proposition>
        <proposition id="25-2">Les Klingons</proposition>
        <proposition id="25-3">Les Vulcains</proposition>
        <proposition id="25-4">Les Sylvidres</proposition>
      </propositions>
      <réponse proposition="25-2">Les Klingons</réponse>
      <anecdote>Les Klingons sont des humanoïdes généralement plus grands et plus forts que les Humains.</anecdote>
    </contenu>
    <contenu id="26">
      <question>La première image du générique de la série 'MacGyver' présente une main avec quel objet ?</question>
      <propositions>
        <proposition id="26-1">Un passeport</proposition>
        <proposition id="26-2">Un briquet</proposition>
        <proposition id="26-3">Un gant de cuir</proposition>
        <proposition id="26-4">Un couteau suisse</proposition>
      </propositions>
      <réponse proposition="26-1">Un passeport</réponse>
      <anecdote>L'écolo-bricolo est vite devenu le modèle de toute une génération de téléspectateurs.</anecdote>
    </contenu>
    <contenu id="27">
      <question>Qui est le créateur de la série télévisée américaine à succès 'Alias' ?</question>
      <propositions>
        <proposition id="27-1">J.J. Lionel</proposition>
        <proposition id="27-2">J.J. Morgan</proposition>
        <proposition id="27-3">J.J. Abrams</proposition>
        <proposition id="27-4">J.J. Williams</proposition>
      </propositions>
      <réponse proposition="27-3">J.J. Abrams</réponse>
      <anecdote>J.J. Abrams est un acteur de cinéma, scénariste, réalisateur et producteur de renommée internationale.</anecdote>
    </contenu>
    <contenu id="28">
      <question>Qui interprète le rôle de Ling dans la série télévisée américaine 'Ally McBeal' ?</question>
      <propositions>
        <proposition id="28-1">Calista Flockhart</proposition>
        <proposition id="28-2">Linda Fiorentino</proposition>
        <proposition id="28-3">Lucy Liu</proposition>
        <proposition id="28-4">Sarah Jessica Parker</proposition>
      </propositions>
      <réponse proposition="28-3">Lucy Liu</réponse>
      <anecdote>Dans la série, Ling Woo, la meilleure amie de Nelle, deviendra cliente, avocate puis juge.</anecdote>
    </contenu>
    <contenu id="29">
      <question>Quel sport est pratiqué par Lukas dans la série télé 'Les Frères Scott' ?</question>
      <propositions>
        <proposition id="29-1">Le football</proposition>
        <proposition id="29-2">Le hockey</proposition>
        <proposition id="29-3">Le basket-ball</proposition>
        <proposition id="29-4">Le baseball</proposition>
      </propositions>
      <réponse proposition="29-3">Le basket-ball</réponse>
      <anecdote>À la base, la série devait s'appeler 'Ravens', du nom de l'équipe de basket-ball du lycée de Tree Hill.</anecdote>
    </contenu>
    <contenu id="30">
      <question>Quel est le nom de la famille de Buffy dans la série 'Buffy contre les vampires' ?</question>
      <propositions>
        <proposition id="30-1">Summers</proposition>
        <proposition id="30-2">Sanders</proposition>
        <proposition id="30-3">Rogers</proposition>
        <proposition id="30-4">Bouwers</proposition>
      </propositions>
      <réponse proposition="30-1">Summers</réponse>
      <anecdote>Buffy Summers est une tueuse de vampires issue d'une longue lignée d'Élues luttant contre les forces du mal.</anecdote>
    </contenu>
  </expert>
</quizz>