<?xml version="1.0" encoding="UTF-8" standalone="yes" ?>
<quizz fournisseur="OpenQuizzDB : Fournisseur de contenu libre"
       url="http://www.openquizzdb.org"
       rédacteur="Philippe Bresoux"
       thème="Jeux et consoles Nintendo"
       difficulté="3">
  <débutant>
    <contenu id="1">
      <question>Quel plombier de jeu vidéo, vêtu de rouge, est également la mascotte de Nintendo ?</question>
      <propositions>
        <proposition id="1-1">Luigi</proposition>
        <proposition id="1-2">Peach</proposition>
        <proposition id="1-3">Mario</proposition>
        <proposition id="1-4">Wario</proposition>
      </propositions>
      <réponse proposition="1-3">Mario</réponse>
      <anecdote>Mario est facilement reconnaissable à sa moustache, sa salopette, ses gants blancs et sa casquette rouge marquée d'un M.</anecdote>
    </contenu>
    <contenu id="2">
      <question>Sur quelle console de chez Nintendo sont sortis les deux premiers jeux 'Pokémon' ?</question>
      <propositions>
        <proposition id="2-1">Nintendo DS</proposition>
        <proposition id="2-2">Game Cube</proposition>
        <proposition id="2-3">Game Boy</proposition>
        <proposition id="2-4">Super Nintendo</proposition>
      </propositions>
      <réponse proposition="2-3">Game Boy</réponse>
      <anecdote>Le joueur contrôle le personnage principal via une vue aérienne et le dirige dans l'ensemble de la région fictive de Kanto.</anecdote>
    </contenu>
    <contenu id="3">
      <question>Lequel de ces personnages de jeu ne fait pas partie de l'univers de Mario ?</question>
      <propositions>
        <proposition id="3-1">Mylord</proposition>
        <proposition id="3-2">Peach</proposition>
        <proposition id="3-3">Luigi</proposition>
        <proposition id="3-4">Wario</proposition>
      </propositions>
      <réponse proposition="3-1">Mylord</réponse>
      <anecdote>La série 'Mario' est la plus vendue de l'histoire du jeu vidéo, avec plus de 195 millions d'exemplaires écoulés.</anecdote>
    </contenu>
    <contenu id="4">
      <question>Quel jeu vidéo de sport développé et édité par Nintendo était offert pour l'achat d'une Wii ?</question>
      <propositions>
        <proposition id="4-1">Wii Mix</proposition>
        <proposition id="4-2">Wii Sports</proposition>
        <proposition id="4-3">Wii Play</proposition>
        <proposition id="4-4">Wii Games</proposition>
      </propositions>
      <réponse proposition="4-2">Wii Sports</réponse>
      <anecdote>Le jeu a été inclus dans un paquetage promotionnel avec la Wii sur tous les territoires, excepté au Japon et en Corée du Sud.</anecdote>
    </contenu>
    <contenu id="5">
      <question>Quel personnage fictif de jeu vidéo représente la fidèle monture de Mario ?</question>
      <propositions>
        <proposition id="5-1">Kirby</proposition>
        <proposition id="5-2">Yoshi</proposition>
        <proposition id="5-3">Birbo</proposition>
        <proposition id="5-4">Peach</proposition>
      </propositions>
      <réponse proposition="5-2">Yoshi</réponse>
      <anecdote>Yoshi a fait sa première apparition (dans un jeu) dans le niveau 1-2 de 'Super Mario World' sur Super Nintendo, sorti en 1990 au Japon.</anecdote>
    </contenu>
    <contenu id="6">
      <question>Quel gorille costaud fut un des premiers personnages célèbres de la marque Nintendo ?</question>
      <propositions>
        <proposition id="6-1">Donkey Kong</proposition>
        <proposition id="6-2">Mookie</proposition>
        <proposition id="6-3">Abu</proposition>
        <proposition id="6-4">King Kong</proposition>
      </propositions>
      <réponse proposition="6-1">Donkey Kong</réponse>
      <anecdote>Créé par Shigeru Miyamoto, ce gorille est à l'origine l'ennemi de Jumpman, son maître, dont il a enlevé la fiancée.</anecdote>
    </contenu>
    <contenu id="7">
      <question>Que signifie le sigle « DS » de la Nintendo DS, console portable sortie en 2005 en Europe ?</question>
      <propositions>
        <proposition id="7-1">Detect System</proposition>
        <proposition id="7-2">Direct Shot</proposition>
        <proposition id="7-3">Data Super</proposition>
        <proposition id="7-4">Dual Screen</proposition>
      </propositions>
      <réponse proposition="7-4">Dual Screen</réponse>
      <anecdote>La Nintendo DS est devenue la console la plus vendue de tous les temps au cours du mois de décembre 2012.</anecdote>
    </contenu>
    <contenu id="8">
      <question>Parmi ces « catégories » de Game Boy, laquelle ne pourrez-vous jamais trouver en magasin ?</question>
      <propositions>
        <proposition id="8-1">Color</proposition>
        <proposition id="8-2">Printer</proposition>
        <proposition id="8-3">Advance</proposition>
        <proposition id="8-4">Pocket</proposition>
      </propositions>
      <réponse proposition="8-2">Printer</réponse>
      <anecdote>Malgré la sortie de consoles portables technologiquement plus avancées, la Game Boy a véritablement connu un franc succès.</anecdote>
    </contenu>
    <contenu id="9">
      <question>Quel accessoire prévu pour être connecté à la console Wii est associé au jeu 'Wii Fit' ?</question>
      <propositions>
        <proposition id="9-1">Wii Gun</proposition>
        <proposition id="9-2">Wii Balance Board</proposition>
        <proposition id="9-3">Wii Zapper</proposition>
        <proposition id="9-4">Wii Shot</proposition>
      </propositions>
      <réponse proposition="9-2">Wii Balance Board</réponse>
      <anecdote>La Wii Balance Board est un accessoire en forme de pèse-personne électronique conçu pour les consoles de jeu Wii et Wii U.</anecdote>
    </contenu>
    <contenu id="10">
      <question>Dans l'univers Nintendo, quel habitant de Dream Land est représenté par une petite boule rose ?</question>
      <propositions>
        <proposition id="10-1">Pinky</proposition>
        <proposition id="10-2">Dadidou</proposition>
        <proposition id="10-3">Kirby</proposition>
        <proposition id="10-4">Yoshi</proposition>
      </propositions>
      <réponse proposition="10-3">Kirby</réponse>
      <anecdote>La particularité de Kirby est qu'il peut aspirer tout ce qu'il voit, que ce soit des objets ou des ennemis.</anecdote>
    </contenu>
  </débutant>
  <confirmé>
    <contenu id="11">
      <question>Quelle arme est utilisée par Luigi dans 'Luigi's Mansion' sous la dénomination « Ectoblast 3000 » ?</question>
      <propositions>
        <proposition id="11-1">Un lance-flammes</proposition>
        <proposition id="11-2">Un marteau</proposition>
        <proposition id="11-3">Un aspirateur</proposition>
        <proposition id="11-4">Une raquette</proposition>
      </propositions>
      <réponse proposition="11-3">Un aspirateur</réponse>
      <anecdote>Le jeu retrace les aventures de Luigi dans un manoir qu'il a gagné lors d'un concours auquel il n'a jamais participé.</anecdote>
    </contenu>
    <contenu id="12">
      <question>Quel a été le tout premier nom de Mario, apparu en 1981 dans le jeu 'Donkey Kong' ?</question>
      <propositions>
        <proposition id="12-1">Link</proposition>
        <proposition id="12-2">Yoshi</proposition>
        <proposition id="12-3">Zelda</proposition>
        <proposition id="12-4">Jumpman</proposition>
      </propositions>
      <réponse proposition="12-4">Jumpman</réponse>
      <anecdote>Les jeux de la série 'Super Mario' ont joué un rôle important dans l'évolution du jeu de plates-formes.</anecdote>
    </contenu>
    <contenu id="13">
      <question>Quel était le nom de prototype de la Wii depuis la conférence de presse précédant l'E3 de 2004 ?</question>
      <propositions>
        <proposition id="13-1">Nintendo 64</proposition>
        <proposition id="13-2">Super GameCube</proposition>
        <proposition id="13-3">Revolution</proposition>
        <proposition id="13-4">Wiitendo</proposition>
      </propositions>
      <réponse proposition="13-3">Revolution</réponse>
      <anecdote>La Wii était jusqu'alors évoquée sous les noms de « GCNext » et « N5 » (N5 signifiant cinquième génération de consoles Nintendo).</anecdote>
    </contenu>
    <contenu id="14">
      <question>Quelle ville de la région de Kanto est la ville natale de Sacha dans 'Pokémon' ?</question>
      <propositions>
        <proposition id="14-1">Kong City</proposition>
        <proposition id="14-2">SachaLand</proposition>
        <proposition id="14-3">Dream Land</proposition>
        <proposition id="14-4">Bourg Palette</proposition>
      </propositions>
      <réponse proposition="14-4">Bourg Palette</réponse>
      <anecdote>Kanto est la région utilisée dans les versions Vert (Japon uniquement), Rouge, Bleu, Jaune, Or, Argent et Rouge Feu.</anecdote>
    </contenu>
    <contenu id="15">
      <question>Quel accessoire transforme la wiimote et le nunchuk de la Wii en un simulateur de mitraillette ?</question>
      <propositions>
        <proposition id="15-1">Wii Gun</proposition>
        <proposition id="15-2">Wii Shot</proposition>
        <proposition id="15-3">Wii Wiz</proposition>
        <proposition id="15-4">Wii Zapper</proposition>
      </propositions>
      <réponse proposition="15-4">Wii Zapper</réponse>
      <anecdote>Le Wii Zapper, vendu avec 'Link's Crossbow Training', a reçu ce nom en référence au pistolet optique du NES, le NES Zapper.</anecdote>
    </contenu>
    <contenu id="16">
      <question>Créée en 1983, quelle fut la première console de salon de chez Nintendo ?</question>
      <propositions>
        <proposition id="16-1">Famicom</proposition>
        <proposition id="16-2">GameCube</proposition>
        <proposition id="16-3">Nintendo 64</proposition>
        <proposition id="16-4">Wii</proposition>
      </propositions>
      <réponse proposition="16-1">Famicom</réponse>
      <anecdote>Nintendo a élargi sa clientèle en exportant en 1985 aux États-Unis la console rebaptisée Nintendo Entertainment System.</anecdote>
    </contenu>
    <contenu id="17">
      <question>À quelle console au design très similaire la Nintendo DSi a-t-elle succédé ?</question>
      <propositions>
        <proposition id="17-1">Advance</proposition>
        <proposition id="17-2">DS Lite</proposition>
        <proposition id="17-3">DS</proposition>
        <proposition id="17-4">Game Boy</proposition>
      </propositions>
      <réponse proposition="17-2">DS Lite</réponse>
      <anecdote>La DSi est équipée de deux caméras, un lecteur de cartes SD, un navigateur web Opera intégré et un lecteur audio.</anecdote>
    </contenu>
    <contenu id="18">
      <question>Laquelle de ces consoles révolutionnaire de Nintendo peut fonctionner avec un stylet ?</question>
      <propositions>
        <proposition id="18-1">Famicom</proposition>
        <proposition id="18-2">DS</proposition>
        <proposition id="18-3">GameCube</proposition>
        <proposition id="18-4">Nintendo 64</proposition>
      </propositions>
      <réponse proposition="18-2">DS</réponse>
      <anecdote>Son jeu phare, 'New Super Mario Bros.', reste quant à lui l'un des jeux les plus vendus du monde.</anecdote>
    </contenu>
    <contenu id="19">
      <question>Quel message apparaît fréquemment derrière l'héroïne du jeu 'Donkey Kong' ?</question>
      <propositions>
        <proposition id="19-1">HELP !</proposition>
        <proposition id="19-2">BONUS</proposition>
        <proposition id="19-3">SMILE</proposition>
        <proposition id="19-4">PUSH</proposition>
      </propositions>
      <réponse proposition="19-1">HELP !</réponse>
      <anecdote>Malgré les doutes initiaux de l'équipe américaine, 'Donkey Kong' fut un succès énorme au Japon et en Amérique du Nord.</anecdote>
    </contenu>
    <contenu id="20">
      <question>Laquelle de ces consoles fut considérée comme un échec commercial par Nintendo ?</question>
      <propositions>
        <proposition id="20-1">Wii</proposition>
        <proposition id="20-2">Game Cube</proposition>
        <proposition id="20-3">3DS</proposition>
        <proposition id="20-4">Virtual Boy</proposition>
      </propositions>
      <réponse proposition="20-4">Virtual Boy</réponse>
      <anecdote>Le Virtual Boy est la console la moins vendue dans l'histoire des consoles de jeu vidéo de Nintendo, avec 770 000 unités vendues.</anecdote>
    </contenu>
  </confirmé>
  <expert>
    <contenu id="21">
      <question>Quel petit astronaute est un personnage imaginaire et emblématique de Nintendo ?</question>
      <propositions>
        <proposition id="21-1">Louie</proposition>
        <proposition id="21-2">Pikmin</proposition>
        <proposition id="21-3">Kirby</proposition>
        <proposition id="21-4">Olimar</proposition>
      </propositions>
      <réponse proposition="21-4">Olimar</réponse>
      <anecdote>Olimar est équipé d'un scaphandre qu'il met toujours sur la Planète Lointaine car, pour lui, l'oxygène est toxique.</anecdote>
    </contenu>
    <contenu id="22">
      <question>Quel était le tout premier métier de Mario avant de devenir plombier dans 'Mario Bros.' ?</question>
      <propositions>
        <proposition id="22-1">Pizzaïolo</proposition>
        <proposition id="22-2">Charpentier</proposition>
        <proposition id="22-3">Boulanger</proposition>
        <proposition id="22-4">Magicien</proposition>
      </propositions>
      <réponse proposition="22-2">Charpentier</réponse>
      <anecdote>Le nom de Mario aurait été choisi en l'honneur du propriétaire des locaux de la société Nintendo of America de l'époque, Mario Segali.</anecdote>
    </contenu>
    <contenu id="23">
      <question>Quel était le nom de prototype de la  console de jeux vidéo de salon GameCube ?</question>
      <propositions>
        <proposition id="23-1">Famicom</proposition>
        <proposition id="23-2">Game 128</proposition>
        <proposition id="23-3">Dolphin</proposition>
        <proposition id="23-4">Revolution</proposition>
      </propositions>
      <réponse proposition="23-3">Dolphin</réponse>
      <anecdote>C'est le 24 août 2000 que la machine est officiellement présentée avec son nouveau nom, la GameCube.</anecdote>
    </contenu>
    <contenu id="24">
      <question>Dans 'Super Mario Kart', chaque coupe est composée de 5 courses comptant chacune combien de tours ?</question>
      <propositions>
        <proposition id="24-1">4</proposition>
        <proposition id="24-2">2</proposition>
        <proposition id="24-3">5</proposition>
        <proposition id="24-4">3</proposition>
      </propositions>
      <réponse proposition="24-3">5</réponse>
      <anecdote>Dans 'Super Mario Kart', le joueur contrôle l'un des huit personnages issus de l'univers 'Super Mario'.</anecdote>
    </contenu>
    <contenu id="25">
      <question>Dans quelle ville se trouve le siège de la société Nintendo fondée en 1889 par Fusajiro Yamauchi ?</question>
      <propositions>
        <proposition id="25-1">Pékin</proposition>
        <proposition id="25-2">Kyoto</proposition>
        <proposition id="25-3">Shanghai</proposition>
        <proposition id="25-4">Tokyo</proposition>
      </propositions>
      <réponse proposition="25-2">Kyoto</réponse>
      <anecdote>Nintendo est l'une des rares entreprises de jeu vidéo à avoir su faire rentrer certaines de ses licences, en particulier 'Mario' ou 'Pokémon'.</anecdote>
    </contenu>
    <contenu id="26">
      <question>Quelle déesse a créé la vie dans le jeu vidéo phare 'Zelda : Ocarina of time' ?</question>
      <propositions>
        <proposition id="26-1">Din</proposition>
        <proposition id="26-2">Eikichi</proposition>
        <proposition id="26-3">Farore</proposition>
        <proposition id="26-4">Nayru</proposition>
      </propositions>
      <réponse proposition="26-3">Farore</réponse>
      <anecdote>Les trois Déesses d'Hyrule sont Din, déesse de la Force, Nayru, déesse de la Sagesse et du Temps et Farore, déesse du Courage.</anecdote>
    </contenu>
    <contenu id="27">
      <question>Que faisait la société Nintendo avant de produire des jeux vidéo ?</question>
      <propositions>
        <proposition id="27-1">Des livres</proposition>
        <proposition id="27-2">Des cartes à jouer</proposition>
        <proposition id="27-3">Des dés à jouer</proposition>
        <proposition id="27-4">Des montres</proposition>
      </propositions>
      <réponse proposition="27-2">Des cartes à jouer</réponse>
      <anecdote>Cest à partir des années 1970 que la société Nintendo a diversifié ses activités en produisant des jouets et des bornes darcade.</anecdote>
    </contenu>
    <contenu id="28">
      <question>Quelle est le nom de la deuxième génération de console Nintendo DS ?</question>
      <propositions>
        <proposition id="28-1">Advance</proposition>
        <proposition id="28-2">DS Lite</proposition>
        <proposition id="28-3">DS3D</proposition>
        <proposition id="28-4">DSi</proposition>
      </propositions>
      <réponse proposition="28-2">DS Lite</réponse>
      <anecdote> La Nintendo DS Lite, avec ses 93 millions de ventes, est aujourd'hui la console portable la mieux vendue de tous les temps.</anecdote>
    </contenu>
    <contenu id="29">
      <question>En quelle année la société Nintendo est-elle entrée en bourse ?</question>
      <propositions>
        <proposition id="29-1">1972</proposition>
        <proposition id="29-2">1992</proposition>
        <proposition id="29-3">1962</proposition>
        <proposition id="29-4">1982</proposition>
      </propositions>
      <réponse proposition="29-3">1962</réponse>
      <anecdote>Cest grâce à un contrat signé avec Disney en 1959 que la société prend une envergure internationale et entre en bourse en 1962.</anecdote>
    </contenu>
    <contenu id="30">
      <question>Comment se prénommait la petite amie de Jumpman dans 'Donkey Kong' ?</question>
      <propositions>
        <proposition id="30-1">Lady</proposition>
        <proposition id="30-2">Zelda</proposition>
        <proposition id="30-3">Pauline</proposition>
        <proposition id="30-4">Daisy</proposition>
      </propositions>
      <réponse proposition="30-1">Lady</réponse>
      <anecdote>Maltraité par le charpentier, Donkey Kong s'échappe et kidnappe la petite amie de Jumpman, connue sous le nom de Lady.</anecdote>
    </contenu>
  </expert>
</quizz>