<?xml version="1.0" encoding="UTF-8" standalone="yes" ?>
<quizz fournisseur="OpenQuizzDB : Fournisseur de contenu libre"
       url="http://www.openquizzdb.org"
       rédacteur="Philippe Bresoux"
       thème="Animaux célèbres"
       difficulté="2">
  <débutant>
    <contenu id="1">
      <question>Dans le film d'animation 'L'Âge de glace', qu'est-ce qui échappe à l'écureuil Scrat ?</question>
      <propositions>
        <proposition id="1-1">Une pierre</proposition>
        <proposition id="1-2">Une bille</proposition>
        <proposition id="1-3">Un gland</proposition>
        <proposition id="1-4">Un os</proposition>
      </propositions>
      <réponse proposition="1-3">Un gland</réponse>
      <anecdote>À l'occasion de la sortie de 'L'Âge de glace 4', Scrat a eu son double de cire au Musée Grévin le 20 juin 2012.</anecdote>
    </contenu>
    <contenu id="2">
      <question>Comment se nomme l'orque à sauver dans une saga cinématographique populaire ?</question>
      <propositions>
        <proposition id="2-1">Willy</proposition>
        <proposition id="2-2">Tom</proposition>
        <proposition id="2-3">Monica</proposition>
        <proposition id="2-4">Jennifer</proposition>
      </propositions>
      <réponse proposition="2-1">Willy</réponse>
      <anecdote>Si les deuxième et troisième films sont des suites du premier, le 4e n'a aucun lien avec le reste et est en quelque sorte un reboot.</anecdote>
    </contenu>
    <contenu id="3">
      <question>Dans le film 'Les Dents de la mer', quel animal provoque la terreur sur l'île d'Amity ?</question>
      <propositions>
        <proposition id="3-1">Une orque</proposition>
        <proposition id="3-2">Un piranha</proposition>
        <proposition id="3-3">Un requin</proposition>
        <proposition id="3-4">Un kraken</proposition>
      </propositions>
      <réponse proposition="3-3">Un requin</réponse>
      <anecdote>'Les Dents de la mer' est un film charnière qui a rétrospectivement été considéré comme le premier des blockbusters américains.</anecdote>
    </contenu>
    <contenu id="4">
      <question>Quel personnage de Disney, ami de Mickey Mouse, est un chien anthropomorphe très maladroit ?</question>
      <propositions>
        <proposition id="4-1">Mortimer</proposition>
        <proposition id="4-2">Dingo</proposition>
        <proposition id="4-3">Donald</proposition>
        <proposition id="4-4">Félix</proposition>
      </propositions>
      <réponse proposition="4-2">Dingo</réponse>
      <anecdote>À partir des années 1990, Dingo est devenu papa dans une série télévisée dans laquelle son fils se prénomme Max.</anecdote>
    </contenu>
    <contenu id="5">
      <question>Dans un film d'animation de Disney, comment se nomme le renardeau ami d'un chien de chasse ?</question>
      <propositions>
        <proposition id="5-1">Alex</proposition>
        <proposition id="5-2">Simba</proposition>
        <proposition id="5-3">Rox</proposition>
        <proposition id="5-4">Z</proposition>
      </propositions>
      <réponse proposition="5-3">Rox</réponse>
      <anecdote>Rox et Rouky est le dernier dessin animé de Disney commençant par un générique complet et finissant par « The End ».</anecdote>
    </contenu>
    <contenu id="6">
      <question>Quel est le nom du chien de Mickey, apparenté à la race des Saint-Hubert ?</question>
      <propositions>
        <proposition id="6-1">Taz</proposition>
        <proposition id="6-2">Sylvestre</proposition>
        <proposition id="6-3">Pluto</proposition>
        <proposition id="6-4">Hector</proposition>
      </propositions>
      <réponse proposition="6-3">Pluto</réponse>
      <anecdote>Dessiné par Norman Ferguson, Pluto est considéré comme l'un des premiers personnages Disney à sortir du modèle standard.</anecdote>
    </contenu>
    <contenu id="7">
      <question>Dans le célèbre dessin animé, qui le chat Tom poursuit-il sans cesse ?</question>
      <propositions>
        <proposition id="7-1">Titi</proposition>
        <proposition id="7-2">Manny</proposition>
        <proposition id="7-3">Grosminet</proposition>
        <proposition id="7-4">Jerry</proposition>
      </propositions>
      <réponse proposition="7-4">Jerry</réponse>
      <anecdote>Malgré sa popularité très acclamée, les courts-métrages Tom et Jerry ont fait l'objet de nombreuses controverses.</anecdote>
    </contenu>
    <contenu id="8">
      <question>Quel chien peureux a pour compagnons Samy, Daphné, Véra et Fred ?</question>
      <propositions>
        <proposition id="8-1">Scooby-Doo</proposition>
        <proposition id="8-2">Droopy</proposition>
        <proposition id="8-3">Pluto</proposition>
        <proposition id="8-4">Beethoven</proposition>
      </propositions>
      <réponse proposition="8-1">Scooby-Doo</réponse>
      <anecdote>Une gamme Lego est sortie en 2015 avec six produits inspirés de différents épisodes et fi de 'Scooby-Do'.</anecdote>
    </contenu>
    <contenu id="9">
      <question>Parmi ces personnages des Looney Tunes, lequel est un canard ?</question>
      <propositions>
        <proposition id="9-1">Bugs Bunny</proposition>
        <proposition id="9-2">Daffy Duck</proposition>
        <proposition id="9-3">Titi</proposition>
        <proposition id="9-4">Elmer Fudd</proposition>
      </propositions>
      <réponse proposition="9-2">Daffy Duck</réponse>
      <anecdote>Daffy Ducka « sévi » dans 126 dessins animés jusqu'en 1968 au cinéma avant d'en disparaître totalement.</anecdote>
    </contenu>
    <contenu id="10">
      <question>Dans les deux films 'Babe', quel animal campe le personnage principal ?</question>
      <propositions>
        <proposition id="10-1">Un mouton</proposition>
        <proposition id="10-2">Un chien</proposition>
        <proposition id="10-3">Un cochon</proposition>
        <proposition id="10-4">Une chèvre</proposition>
      </propositions>
      <réponse proposition="10-3">Un cochon</réponse>
      <anecdote>Babe eut l'idée tout à fait farfelue de devenir chien de berger, ou plutôt « cochon de berger ».</anecdote>
    </contenu>
  </débutant>
  <confirmé>
    <contenu id="11">
      <question>Dans le film 'Le Roi Lion', quel animal est Timon, le grand ami de Pumbaa ?</question>
      <propositions>
        <proposition id="11-1">Un suricate</proposition>
        <proposition id="11-2">Un castor</proposition>
        <proposition id="11-3">Un tatou</proposition>
        <proposition id="11-4">Un écureuil</proposition>
      </propositions>
      <réponse proposition="11-1">Un suricate</réponse>
      <anecdote>Le suricate est toujours là quand on a besoin de lui, mais il est très souvent ailleurs quand on est avec lui.</anecdote>
    </contenu>
    <contenu id="12">
      <question>Quel nom de compositeur désigne aussi un saint-bernard héros de films ?</question>
      <propositions>
        <proposition id="12-1">Beethoven</proposition>
        <proposition id="12-2">Brahms</proposition>
        <proposition id="12-3">Mozart</proposition>
        <proposition id="12-4">Chopin</proposition>
      </propositions>
      <réponse proposition="12-1">Beethoven</réponse>
      <anecdote>Le chien fut baptisé Beethoven parce qu'il a aboyé à la symphonie n°5 de Ludwig van Beethoven.</anecdote>
    </contenu>
    <contenu id="13">
      <question>Des spécimens de quelle race de chiens intéressent tout particulièrement Cruella d'Enfer ?</question>
      <propositions>
        <proposition id="13-1">Dalmatien</proposition>
        <proposition id="13-2">Fox-terrier</proposition>
        <proposition id="13-3">Jack Russel</proposition>
        <proposition id="13-4">Berger allemand</proposition>
      </propositions>
      <réponse proposition="13-1">Dalmatien</réponse>
      <anecdote>Le personnage de Cruella d'Enfer fut en partie inspiré par Tallulah Bankhead, dont certaines excentricités furent reprises dans le film.</anecdote>
    </contenu>
    <contenu id="14">
      <question>Dans un film d'animation de Disney, quel animal est moqué pour ses grandes oreilles ?</question>
      <propositions>
        <proposition id="14-1">Un éléphant</proposition>
        <proposition id="14-2">Une girafe</proposition>
        <proposition id="14-3">Un cerf</proposition>
        <proposition id="14-4">Un chien</proposition>
      </propositions>
      <réponse proposition="14-1">Un éléphant</réponse>
      <anecdote>Un message d'espoir est délivré par l'histoire : « quand on fait de son mieux, on en retire quelque chose de bien à la fin ».</anecdote>
    </contenu>
    <contenu id="15">
      <question>Quel cheval de selle autrichien Napoléon Bonaparte a-t-il emporté avec lui sur l'île d'Elbe ?</question>
      <propositions>
        <proposition id="15-1">L'Ingénu</proposition>
        <proposition id="15-2">L'Iconoclaste</proposition>
        <proposition id="15-3">L'Affranchi</proposition>
        <proposition id="15-4">Le malin</proposition>
      </propositions>
      <réponse proposition="15-1">L'Ingénu</réponse>
      <anecdote>Également surnommé Wagram en l'honneur de la bataille du même nom, Napoléon l'appréciait énormément.</anecdote>
    </contenu>
    <contenu id="16">
      <question>Quelle marque est représentée par un chat blanc généralement habillé de couleur rose ?</question>
      <propositions>
        <proposition id="16-1">Hello Kitty</proposition>
        <proposition id="16-2">Bravo Sammy</proposition>
        <proposition id="16-3">Santa Maria</proposition>
        <proposition id="16-4">Hola Ginola</proposition>
      </propositions>
      <réponse proposition="16-1">Hello Kitty</réponse>
      <anecdote>Selon le profil officiel de Hello Kitty, cette dernière se nomme Kitty White et est née à Londres, en Angleterre.</anecdote>
    </contenu>
    <contenu id="17">
      <question>Dans les films d'animation en pâte à modeler, qui est le partenaire canin de Wallace ?</question>
      <propositions>
        <proposition id="17-1">Rouky</proposition>
        <proposition id="17-2">Coyote</proposition>
        <proposition id="17-3">Gromit</proposition>
        <proposition id="17-4">Kaa</proposition>
      </propositions>
      <réponse proposition="17-3">Gromit</réponse>
      <anecdote>Tous les personnages sont en plasticine et les scènes sont animées image par image (stop motion).</anecdote>
    </contenu>
    <contenu id="18">
      <question>Comment s'appelle le chat noir et blanc, héros d'une pub pour de la nourriture pour chats ?</question>
      <propositions>
        <proposition id="18-1">André</proposition>
        <proposition id="18-2">José</proposition>
        <proposition id="18-3">Figaro</proposition>
        <proposition id="18-4">Félix</proposition>
      </propositions>
      <réponse proposition="18-4">Félix</réponse>
      <anecdote>Felix ne prend pas d'accent, principalement en raison de l'internationalisation des marques.</anecdote>
    </contenu>
    <contenu id="19">
      <question>Dans le film d'animation de Pixar '1001 Pattes', quel insecte est Tilt, le personnage principal ?</question>
      <propositions>
        <proposition id="19-1">Une libellule</proposition>
        <proposition id="19-2">Une araignée</proposition>
        <proposition id="19-3">Un cafard</proposition>
        <proposition id="19-4">Une fourmi</proposition>
      </propositions>
      <réponse proposition="19-4">Une fourmi</réponse>
      <anecdote>Woody le cow-boy héros du film d'animation 'Toy Story' est apparu dans le bêtisier du générique de fin.</anecdote>
    </contenu>
    <contenu id="20">
      <question>Auprès de quel héros de BD le chien inefficace Rantanplan s'est-il illustré ?</question>
      <propositions>
        <proposition id="20-1">Tintin</proposition>
        <proposition id="20-2">Astérix</proposition>
        <proposition id="20-3">Gaston Lagaffe</proposition>
        <proposition id="20-4">Lucky Luke</proposition>
      </propositions>
      <réponse proposition="20-4">Lucky Luke</réponse>
      <anecdote>Rantanplan appartient à l'administration pénitentiaire, et a pour maître, le gardien Pavlov (en référence au fameux réflexe).</anecdote>
    </contenu>
  </confirmé>
  <expert>
    <contenu id="21">
      <question>Dans la film d'animation 'Robin des Bois', quel animal est Robin des Bois ?</question>
      <propositions>
        <proposition id="21-1">Un renard</proposition>
        <proposition id="21-2">Un lion</proposition>
        <proposition id="21-3">Un tigre</proposition>
        <proposition id="21-4">Un ours</proposition>
      </propositions>
      <réponse proposition="21-1">Un renard</réponse>
      <anecdote>La réalisation de 'Robin des Bois' sera marquée par la réutilisation d'éléments d'animation des précédentes productions Disney.</anecdote>
    </contenu>
    <contenu id="22">
      <question>De quel animal prénommé Roger veut-on « la peau » dans un film d'animation ?</question>
      <propositions>
        <proposition id="22-1">Un lapin</proposition>
        <proposition id="22-2">Un chien</proposition>
        <proposition id="22-3">Un kangourou</proposition>
        <proposition id="22-4">Un renard</proposition>
      </propositions>
      <réponse proposition="22-1">Un lapin</réponse>
      <anecdote>Zemeckis dira de Roger qu'il a « un corps de chez Disney, une tête de chez Warner et une attitude à la Tex Avery ».</anecdote>
    </contenu>
    <contenu id="23">
      <question>Dans le roman de Cécile Aubry, quelle chienne Sébastien recueille-t-il dans son village ?</question>
      <propositions>
        <proposition id="23-1">Simba</proposition>
        <proposition id="23-2">Belle</proposition>
        <proposition id="23-3">Daisy</proposition>
        <proposition id="23-4">Aurore</proposition>
      </propositions>
      <réponse proposition="23-2">Belle</réponse>
      <anecdote>'Belle et Sébastien' a fait l'objet d'une adaptation en feuilleton télévisé, d'une série d'animation japonaise et de deux films.</anecdote>
    </contenu>
    <contenu id="24">
      <question>Quelle tortue sait « compter deux par deux et lacer ses chaussures » ?</question>
      <propositions>
        <proposition id="24-1">Franklin</proposition>
        <proposition id="24-2">Donatello</proposition>
        <proposition id="24-3">Caroline</proposition>
        <proposition id="24-4">Gamera</proposition>
      </propositions>
      <réponse proposition="24-1">Franklin</réponse>
      <anecdote>Dans chaque épisode, Franklin a un dilemme qu'il résout toujours à la fin, permettant aux enfants de s'identifier au personnage.</anecdote>
    </contenu>
    <contenu id="25">
      <question>Quel chien est devenu le rival du chat Socks en tant qu'animal de compagnie de la famille Clinton ?</question>
      <propositions>
        <proposition id="25-1">Oscar</proposition>
        <proposition id="25-2">Scooby</proposition>
        <proposition id="25-3">Snoopy</proposition>
        <proposition id="25-4">Buddy</proposition>
      </propositions>
      <réponse proposition="25-4">Buddy</réponse>
      <anecdote>Les parents Clinton ont adopté un labrador nommé Buddy en hommage à l'oncle de Bill qui vient de décéder.</anecdote>
    </contenu>
    <contenu id="26">
      <question>Dans 'Peter Pan', comment se nomme la chienne de Wendy, John et Michael ?</question>
      <propositions>
        <proposition id="26-1">Belle</proposition>
        <proposition id="26-2">Nana</proposition>
        <proposition id="26-3">Dolly</proposition>
        <proposition id="26-4">Jasmine</proposition>
      </propositions>
      <réponse proposition="26-2">Nana</réponse>
      <anecdote>Peter Pan est un personnage créé par l'auteur écossais J. M. Barrie, apparu pour la première fois en 1902.</anecdote>
    </contenu>
    <contenu id="27">
      <question>Quel célèbre chat a une langue qui pend en permanence suite à une malformation ?</question>
      <propositions>
        <proposition id="27-1">Bébert</proposition>
        <proposition id="27-2">Lil Bub</proposition>
        <proposition id="27-3">Choupette</proposition>
        <proposition id="27-4">Simon</proposition>
      </propositions>
      <réponse proposition="27-2">Lil Bub</réponse>
      <anecdote>La célèbre chatte est apparue dans un spot de l'ONG Greenpeace à l'occasion de la Journée internationale des tigres.</anecdote>
    </contenu>
    <contenu id="28">
      <question>Dans le dessin animé 'Dora l'exploratrice', comment s'appelle le renard voleur ?</question>
      <propositions>
        <proposition id="28-1">Silver</proposition>
        <proposition id="28-2">Chipeur</proposition>
        <proposition id="28-3">Denver</proposition>
        <proposition id="28-4">Sylvester</proposition>
      </propositions>
      <réponse proposition="28-2">Chipeur</réponse>
      <anecdote>Par ce biais de ce méchant renard voleur, la série tente de faire distinguer aux enfants le bien du mal.</anecdote>
    </contenu>
    <contenu id="29">
      <question>Quel cochon Martin Veyron et Jean-Marc Rochette ont-ils inventé pour une BD humoristique ?</question>
      <propositions>
        <proposition id="29-1">Jonathan</proposition>
        <proposition id="29-2">Edmond</proposition>
        <proposition id="29-3">Grégoire</proposition>
        <proposition id="29-4">Babe</proposition>
      </propositions>
      <réponse proposition="29-2">Edmond</réponse>
      <anecdote>Le style de cette série à l'humour cru et hilarant se situe entre l'underground américain et la tradition animalière française.</anecdote>
    </contenu>
    <contenu id="30">
      <question>Dans l'aquarium de quelle ville allemande Paul le poulpe a-t-il eu son heure de gloire ?</question>
      <propositions>
        <proposition id="30-1">Karlsruhe</proposition>
        <proposition id="30-2">Mannheim</proposition>
        <proposition id="30-3">Oberhausen</proposition>
        <proposition id="30-4">Brunswick</proposition>
      </propositions>
      <réponse proposition="30-3">Oberhausen</réponse>
      <anecdote>Paul était renommé pour le spectacle de ses prédictions du résultat des matchs de léquipe d'Allemagne de football.</anecdote>
    </contenu>
  </expert>
</quizz>