<?xml version="1.0" encoding="UTF-8" standalone="yes" ?>
<quizz fournisseur="OpenQuizzDB : Fournisseur de contenu libre"
       url="http://www.openquizzdb.org"
       rédacteur="Philippe Bresoux"
       thème="Nos amis les chats"
       difficulté="3">
  <débutant>
    <contenu id="1">
      <question>À quelle classe d'animaux vertébrés regroupant près de 5 400 espèces appartient le chat ?</question>
      <propositions>
        <proposition id="1-1">Aux poissons</proposition>
        <proposition id="1-2">Aux oiseaux</proposition>
        <proposition id="1-3">Aux mammifères</proposition>
        <proposition id="1-4">Aux reptiles</proposition>
      </propositions>
      <réponse proposition="1-3">Aux mammifères</réponse>
      <anecdote>De nombreux mammifères élevés par l'homme jusqu'au XIXème siècle ont disparu ou ont fortement régressé.</anecdote>
    </contenu>
    <contenu id="2">
      <question>Lorsque vous apercevez votre chat faire le gros dos, il est probablement...</question>
      <propositions>
        <proposition id="2-1">Effrayé</proposition>
        <proposition id="2-2">En chasse</proposition>
        <proposition id="2-3">Content</proposition>
        <proposition id="2-4">Malade</proposition>
      </propositions>
      <réponse proposition="2-1">Effrayé</réponse>
      <anecdote>Si un chat fait une chute de deux mètres et plus alors qu'il est sur le dos, il peut se retourner afin d'amortir cette chute.</anecdote>
    </contenu>
    <contenu id="3">
      <question>Que fait principalement le chat de ses journées, selon de nombreux proverbes et idiotismes ?</question>
      <propositions>
        <proposition id="3-1">Il court</proposition>
        <proposition id="3-2">Il boit</proposition>
        <proposition id="3-3">Il dort</proposition>
        <proposition id="3-4">Il mange</proposition>
      </propositions>
      <réponse proposition="3-3">Il dort</réponse>
      <anecdote>La plupart de ces dictons datent de plusieurs siècles, certains remontent même au Moyen Âge.</anecdote>
    </contenu>
    <contenu id="4">
      <question>Dans quel endroit du globe le chat reste-t-il synonyme de chance, de richesse ou de longévité ?</question>
      <propositions>
        <proposition id="4-1">En Australie</proposition>
        <proposition id="4-2">En Europe</proposition>
        <proposition id="4-3">En Afrique</proposition>
        <proposition id="4-4">En Asie</proposition>
      </propositions>
      <réponse proposition="4-4">En Asie</réponse>
      <anecdote>Ce félin a laissé son empreinte dans la culture populaire au travers d'expressions populaires et de représentations diverses.</anecdote>
    </contenu>
    <contenu id="5">
      <question>Combien le chat possède-t-il de doigts aux pattes antérieures ?</question>
      <propositions>
        <proposition id="5-1">Quatre</proposition>
        <proposition id="5-2">Trois</proposition>
        <proposition id="5-3">Cinq</proposition>
        <proposition id="5-4">Six</proposition>
      </propositions>
      <réponse proposition="5-3">Cinq</réponse>
      <anecdote>Le chat possède cinq doigts aux pattes antérieures, dont seulement quatre touchent le sol, le pouce restant à l'écart.</anecdote>
    </contenu>
    <contenu id="6">
      <question>Quel est le cri du chat, pourtant très peu utilisé lorsque des chats communiquent entre eux ?</question>
      <propositions>
        <proposition id="6-1">Le beuglement</proposition>
        <proposition id="6-2">Le miaulement</proposition>
        <proposition id="6-3">Le jappement</proposition>
        <proposition id="6-4">Le bêlement</proposition>
      </propositions>
      <réponse proposition="6-2">Le miaulement</réponse>
      <anecdote>Par contre, au contact de l'humain, le chat continue souvent à utiliser différentes vocalises pour communiquer.</anecdote>
    </contenu>
    <contenu id="7">
      <question>Lequel de ces chats est le seul à avoir des poils longs ?</question>
      <propositions>
        <proposition id="7-1">Siamois</proposition>
        <proposition id="7-2">Chartreux</proposition>
        <proposition id="7-3">Angora</proposition>
        <proposition id="7-4">Abyssin</proposition>
      </propositions>
      <réponse proposition="7-3">Angora</réponse>
      <anecdote>L'angora turc est caractérisé par sa robe à poils mi-longs très soyeuse et sans sous-poils.</anecdote>
    </contenu>
    <contenu id="8">
      <question>De quelle famille de carnivores féliformes le chat fait-il partie ?</question>
      <propositions>
        <proposition id="8-1">Les mustélidés</proposition>
        <proposition id="8-2">Les hominidés</proposition>
        <proposition id="8-3">Les félidés</proposition>
        <proposition id="8-4">Les canidés</proposition>
      </propositions>
      <réponse proposition="8-3">Les félidés</réponse>
      <anecdote>Parmi leurs traits caractéristiques figurent leur tête ronde au crâne raccourci, leur mâchoire à trente dents et leurs griffes rétractiles.</anecdote>
    </contenu>
    <contenu id="9">
      <question>Quelle manifestation sonore du chat aurait selon certains spécialistes un effet relaxant sur l'homme ?</question>
      <propositions>
        <proposition id="9-1">Le ronronnement</proposition>
        <proposition id="9-2">Le bourdonnement</proposition>
        <proposition id="9-3">Le meuglement</proposition>
        <proposition id="9-4">Le roucoulement</proposition>
      </propositions>
      <réponse proposition="9-1">Le ronronnement</réponse>
      <anecdote>Produit à l'expiration comme à l'inspiration, ce son de basse fréquence apparaît dès l'âge de deux jours.</anecdote>
    </contenu>
    <contenu id="10">
      <question>Le chat, qui possède une mâchoire et une denture lui permettant de chasser, est un mammifère...</question>
      <propositions>
        <proposition id="10-1">Frugivore</proposition>
        <proposition id="10-2">Insectivore</proposition>
        <proposition id="10-3">Carnivore</proposition>
        <proposition id="10-4">Omnivore</proposition>
      </propositions>
      <réponse proposition="10-3">Carnivore</réponse>
      <anecdote>Tous les mammifères carnassiers ne sont pas forcément membres de l'ordre des carnivores.</anecdote>
    </contenu>
  </débutant>
  <confirmé>
    <contenu id="11">
      <question>Comment appelle-ton les longs poils présents sur les moustaches du chat ?</question>
      <propositions>
        <proposition id="11-1">Les tectrices</proposition>
        <proposition id="11-2">Les vibrisses</proposition>
        <proposition id="11-3">Les bréchets</proposition>
        <proposition id="11-4">Les barbules</proposition>
      </propositions>
      <réponse proposition="11-2">Les vibrisses</réponse>
      <anecdote>Chez l'Homme, les vibrisses désignent les poils à l'intérieur des narines et sous les bras.</anecdote>
    </contenu>
    <contenu id="12">
      <question>Combien pèse environ un chaton à la naissance, directement soumis à un élevage communautaire ?</question>
      <propositions>
        <proposition id="12-1">300 g</proposition>
        <proposition id="12-2">700 g</proposition>
        <proposition id="12-3">100 g</proposition>
        <proposition id="12-4">500 g</proposition>
      </propositions>
      <réponse proposition="12-3">100 g</réponse>
      <anecdote>En cas de disparition d'une des mères, les chatons orphelins sont ainsi élevés par les autres femelles.</anecdote>
    </contenu>
    <contenu id="13">
      <question>Bien que n'étant pas un coureur de fond, quelle vitesse maximale peut atteindre un chat ?</question>
      <propositions>
        <proposition id="13-1">50 Km/h</proposition>
        <proposition id="13-2">110 Km/h</proposition>
        <proposition id="13-3">70 Km/h</proposition>
        <proposition id="13-4">90 Km/h</proposition>
      </propositions>
      <réponse proposition="13-1">50 Km/h</réponse>
      <anecdote>À la course, la vitesse moyenne du chat est de 40 km/h et il met environ neuf secondes pour parcourir 100 mètres.</anecdote>
    </contenu>
    <contenu id="14">
      <question>Combien de temps une chatte garde-t-elle environ les petits dans son ventre ?</question>
      <propositions>
        <proposition id="14-1">Neuf semaines</proposition>
        <proposition id="14-2">Neuf minutes</proposition>
        <proposition id="14-3">Neuf mois</proposition>
        <proposition id="14-4">Neuf jours</proposition>
      </propositions>
      <réponse proposition="14-1">Neuf semaines</réponse>
      <anecdote>Le ventre de la chatte commence à gonfler vers 4 semaines et à environ 35 jours, les mamelles grossissent et rosissent.</anecdote>
    </contenu>
    <contenu id="15">
      <question>Combien de races différentes de chats sont reconnues par les instances de certification ?</question>
      <propositions>
        <proposition id="15-1">140</proposition>
        <proposition id="15-2">50</proposition>
        <proposition id="15-3">110</proposition>
        <proposition id="15-4">80</proposition>
      </propositions>
      <réponse proposition="15-2">50</réponse>
      <anecdote>Dans de nombreux pays, le chat entre dans le cadre de la législation sur les carnivores domestiques à linstar du chien et du furet.</anecdote>
    </contenu>
    <contenu id="16">
      <question>De combien d'os est composé le squelette du chat, comprenant une partie axiale et appendiculaire ?</question>
      <propositions>
        <proposition id="16-1">190</proposition>
        <proposition id="16-2">250</proposition>
        <proposition id="16-3">220</proposition>
        <proposition id="16-4">160</proposition>
      </propositions>
      <réponse proposition="16-2">250</réponse>
      <anecdote>Les vertèbres du cou du chat sont courtes et sa colonne vertébrale est quant à elle très souple.</anecdote>
    </contenu>
    <contenu id="17">
      <question>Combien de temps un chat mettra-t-il pour parcourir 100m le plus rapidement possible ?</question>
      <propositions>
        <proposition id="17-1">18 secondes</proposition>
        <proposition id="17-2">12 secondes</proposition>
        <proposition id="17-3">15 secondes</proposition>
        <proposition id="17-4">9 secondes</proposition>
      </propositions>
      <réponse proposition="17-4">9 secondes</réponse>
      <anecdote>Les spécificités de l'anatomie du chat confèrent à cet animal une grande souplesse et une détente ample lors des sauts.</anecdote>
    </contenu>
    <contenu id="18">
      <question>Quel est en moyenne le nombre de lapées par seconde pour le chat ?</question>
      <propositions>
        <proposition id="18-1">Deux</proposition>
        <proposition id="18-2">Trois</proposition>
        <proposition id="18-3">Cinq</proposition>
        <proposition id="18-4">Quatre</proposition>
      </propositions>
      <réponse proposition="18-4">Quatre</réponse>
      <anecdote>Une hypothèse expliquant ce lapement met en cause la région extrêmement sensible du nez et des moustaches du chat.</anecdote>
    </contenu>
    <contenu id="19">
      <question>Quel chat est le seul à être caractérisé par la quasi-absence de sa fourrure.</question>
      <propositions>
        <proposition id="19-1">Le sphynx</proposition>
        <proposition id="19-2">Le siamois</proposition>
        <proposition id="19-3">Le maine coon</proposition>
        <proposition id="19-4">Le persan</proposition>
      </propositions>
      <réponse proposition="19-1">Le sphynx</réponse>
      <anecdote>C'est en 1966 au Canada qu'une chatte de gouttière donna naissance à une portée de chatons nus.</anecdote>
    </contenu>
    <contenu id="20">
      <question>Combien le chat a-t-il de griffes, sujettes à une pousse continue en réponse à une usure naturelle ?</question>
      <propositions>
        <proposition id="20-1">16</proposition>
        <proposition id="20-2">22</proposition>
        <proposition id="20-3">18</proposition>
        <proposition id="20-4">20</proposition>
      </propositions>
      <réponse proposition="20-3">18</réponse>
      <anecdote>Le chat peut ajuster la longueur de ses griffes et les aiguiser en les frottant contre une surface rugueuse : il « fait ses griffes ».</anecdote>
    </contenu>
  </confirmé>
  <expert>
    <contenu id="21">
      <question>Quel pourcentage les chats de race représentent-ils parmi la population totale ?</question>
      <propositions>
        <proposition id="21-1">35 %</proposition>
        <proposition id="21-2">15 %</proposition>
        <proposition id="21-3">25 %</proposition>
        <proposition id="21-4">5 %</proposition>
      </propositions>
      <réponse proposition="21-4">5 %</réponse>
      <anecdote>Si votre animal est un chat de race, il doit posséder un pedigree ou avoir fait l'objet d'une demande spécifique.</anecdote>
    </contenu>
    <contenu id="22">
      <question>Bastet, déesse de la joie du foyer aux traits félins est une déesse de quelle nationalité ?</question>
      <propositions>
        <proposition id="22-1">Égyptienne</proposition>
        <proposition id="22-2">Romaine</proposition>
        <proposition id="22-3">Viking</proposition>
        <proposition id="22-4">Grecque</proposition>
      </propositions>
      <réponse proposition="22-1">Égyptienne</réponse>
      <anecdote>Bastet est l'une des déesses les plus discrètes du panthéon égyptien et n'est jamais représentée.</anecdote>
    </contenu>
    <contenu id="23">
      <question>Le Manx est un chat très particulier car il ne possède pas...</question>
      <propositions>
        <proposition id="23-1">De poils</proposition>
        <proposition id="23-2">De queue</proposition>
        <proposition id="23-3">De moustaches</proposition>
        <proposition id="23-4">De nez</proposition>
      </propositions>
      <réponse proposition="23-2">De queue</réponse>
      <anecdote>La mutation du gène s'est développée sur l'île de Man à cause de l'isolement des chats et de la trop forte consanguinité.</anecdote>
    </contenu>
    <contenu id="24">
      <question>Où sont situées les glandes odoriférantes chez le chat ?</question>
      <propositions>
        <proposition id="24-1">Sur la langue</proposition>
        <proposition id="24-2">Dans le ventre</proposition>
        <proposition id="24-3">Derrière les oreilles</proposition>
        <proposition id="24-4">Sous les pattes</proposition>
      </propositions>
      <réponse proposition="24-2">Dans le ventre</réponse>
      <anecdote>Les chats communiquent principalement entre eux par des phéromones ou des positions corporelles.</anecdote>
    </contenu>
    <contenu id="25">
      <question>Selon Le langage courant, comment appelle-t-on un chat en argot ?</question>
      <propositions>
        <proposition id="25-1">Un bourrin</proposition>
        <proposition id="25-2">Un grognant</proposition>
        <proposition id="25-3">Un canasson</proposition>
        <proposition id="25-4">Un greffier</proposition>
      </propositions>
      <réponse proposition="25-4">Un greffier</réponse>
      <anecdote>Deux explications s'opposent : le jeu de mot sur « griffe » ainsi que la fourrure de certains chats évoquant la robe des greffiers.</anecdote>
    </contenu>
    <contenu id="26">
      <question>À quel gène responsable de l'absence de pigment dans le poil est lié la surdité des chats blancs ?</question>
      <propositions>
        <proposition id="26-1">Gène X</proposition>
        <proposition id="26-2">Gène Z</proposition>
        <proposition id="26-3">Gène Y</proposition>
        <proposition id="26-4">Gène W</proposition>
      </propositions>
      <réponse proposition="26-4">Gène W</réponse>
      <anecdote>Il est en effet démontré que l'allèle W est directement responsable d'une dégénérescence de l'oreille interne, occasionnant la surdité.</anecdote>
    </contenu>
    <contenu id="27">
      <question>À combien de degrés se monte le champ de vision total du chat, plus étendu que celui des humains ?</question>
      <propositions>
        <proposition id="27-1">253 degrés</proposition>
        <proposition id="27-2">287 degrés</proposition>
        <proposition id="27-3">175 degrés</proposition>
        <proposition id="27-4">206 degrés</proposition>
      </propositions>
      <réponse proposition="27-2">287 degrés</réponse>
      <anecdote>L'angle de vision binoculaire est de 130°, pour un champ de vision total de 287°, contre seulement 180° chez l'homme.</anecdote>
    </contenu>
    <contenu id="28">
      <question>Comment appelle-t-on un chat domestique qui retourne à l'état sauvage ?</question>
      <propositions>
        <proposition id="28-1">Ragdoll</proposition>
        <proposition id="28-2">Chartreux</proposition>
        <proposition id="28-3">Sibérien</proposition>
        <proposition id="28-4">Haret</proposition>
      </propositions>
      <réponse proposition="28-4">Haret</réponse>
      <anecdote>Le chat haret, ou chat errant, peut avoir connu la vie auprès des êtres humains ou bien être né dans la nature.</anecdote>
    </contenu>
    <contenu id="29">
      <question>Quel ecclésiastique et homme d'État possédait 14 chats à sa mort ?</question>
      <propositions>
        <proposition id="29-1">Richelieu</proposition>
        <proposition id="29-2">Napoléon</proposition>
        <proposition id="29-3">Colbert</proposition>
        <proposition id="29-4">Louis XV</proposition>
      </propositions>
      <réponse proposition="29-1">Richelieu</réponse>
      <anecdote>Pour l'anecdote, le Cardinal de Richelieu a contribué à faire considérer les chats comme animaux de compagnie.</anecdote>
    </contenu>
    <contenu id="30">
      <question>Comment s'appelle le chat du 'Chat qui parlait malgré lui' de Claude Roy ?</question>
      <propositions>
        <proposition id="30-1">Thomas</proposition>
        <proposition id="30-2">Gaspard</proposition>
        <proposition id="30-3">Chaminou</proposition>
        <proposition id="30-4">Titus</proposition>
      </propositions>
      <réponse proposition="30-2">Gaspard</réponse>
      <anecdote>Claude Roy, né et mort à Paris, était un poète, journaliste et écrivain français.</anecdote>
    </contenu>
  </expert>
</quizz>