{
  "fournisseur": "OpenQuizzDB - Fournisseur de contenu libre (www.openquizzdb.org)",
  "rédacteur": "Philippe Bresoux",
  "thème": "Tennis (Adaptation anglaise du jeu de paume)",
  "difficulté": 3,
  "quizz": {
    "fr": [
      {
      "débutant": [
      {
        "id": 1,
        "question": "Quel objet tient-on en main pour jouer au tennis, que ce soit en simple ou en double ?",
        "propositions": [
          "Batte",
          "Crosse",
          "Perche",
          "Raquette"
        ],
        "réponse": "Raquette",
        "anecdote": "Les premières raquettes furent utilisées vers 1505 pour éviter aux nobles qui jouaient au jeu de paume de se blesser les mains."
      },
      {
        "id": 2,
        "question": "Quelle est la nationalité de Roger Federer, un des plus grands joueurs de tennis de tous les temps ?",
        "propositions": [
          "Belge",
          "Française",
          "Allemande",
          "Suisse"
        ],
        "réponse": "Suisse",
        "anecdote": "Roger Federer est le seul joueur de l'histoire du tennis à avoir gagné cinq fois de suite deux tournois du Grand Chelem."
      },
      {
        "id": 3,
        "question": "Au tennis, quel coup de volée puissant cherche à terminer le point ?",
        "propositions": [
          "Smash",
          "Service",
          "Lift",
          "Revers"
        ],
        "réponse": "Smash",
        "anecdote": "Au tennis, un joueur effectue un smash après que son adversaire lui ait proposé un lob offensif ou défensif."
      },
      {
        "id": 4,
        "question": "Quel joueur de tennis français peut-on voir dans une publicité de Kinder Bueno ?",
        "propositions": [
          "Gilles Simon",
          "Yannick Noah",
          "Jo-Wilfried Tsonga",
          "Gaël Monfils"
        ],
        "réponse": "Jo-Wilfried Tsonga",
        "anecdote": "Le meilleur rang au classement ATP de Jo-Wilfried Tsonga est une cinquième place mondiale, atteinte en février 2012."
      },
      {
        "id": 5,
        "question": "Au tennis, quand une balle rebondit en dehors du terrain, on dit qu'elle est...",
        "propositions": [
          "Fausse",
          "Out",
          "Blanche",
          "Nulle"
        ],
        "réponse": "Out",
        "anecdote": "Lorsque la balle tombe dans le filet, du côté du joueur qui a frappé la balle, le point est également accordé à l'adversaire."
      },
      {
        "id": 6,
        "question": "Comment se prénomment les surs Williams, joueuses de tennis américaines professionnelles ?",
        "propositions": [
          "Martina et Kimi",
          "Monica et Steffi",
          "Venus et Serena",
          "Sarah et Sabrina"
        ],
        "réponse": "Venus et Serena",
        "anecdote": "Venus et Serena Williams ont toutes deux été entraînées par leur père, Richard Williams."
      },
      {
        "id": 7,
        "question": "Quelle est généralement la couleur de la balle utilisée au tennis ?",
        "propositions": [
          "Rouge",
          "Jaune",
          "Bleue",
          "Verte"
        ],
        "réponse": "Jaune",
        "anecdote": "Recouvertes de feutre, les balles doivent impérativement être jaunes ou blanches dans les compétitions officielles."
      },
      {
        "id": 8,
        "question": "Au tennis, lorsque vous jouez en double, quelle zone du terrain est ajoutée ?",
        "propositions": [
          "Les fonds",
          "Les couloirs",
          "Les carrés",
          "Les lignes"
        ],
        "réponse": "Les couloirs",
        "anecdote": "Pour le jeu en double, deux couloirs de 1,37 mètre sont ajoutés, faisant ainsi passer la largeur du court à 10,97 mètres."
      },
      {
        "id": 9,
        "question": "Où est positionné l'arbitre principal durant un match de tennis ?",
        "propositions": [
          "Face au public",
          "Derrière les joueurs",
          "Dans un box",
          "Sur une chaise"
        ],
        "réponse": "Sur une chaise",
        "anecdote": "Le juge de ligne veille quant à lui au bon déroulement de la partie, à l'application des règles et au code de bonne conduite."
      },
      {
        "id": 10,
        "question": "Quelle est a première action effectuée au début d'un match de tennis ?",
        "propositions": [
          "Service",
          "Lift",
          "Smash",
          "Volée"
        ],
        "réponse": "Service",
        "anecdote": "Le service doit être frappé en diagonale de telle sorte que la balle tombe dans le carré de service."
      }
    ],
    "confirmé": [
      {
        "id": 11,
        "question": "Parmi ces joueurs de tennis professionnels, lequel est le plus âgé ? ",
        "propositions": [
          "Rafael Nadal",
          "Roger Federer",
          "Marat Safin",
          "Andre Agassi"
        ],
        "réponse": "Andre Agassi",
        "anecdote": "Andre Agassi a remporté 60 titres en simple sur le circuit ATP, dont 8 tournois du Grand Chelem."
      },
      {
        "id": 12,
        "question": "En quelle année Rafael Nadal a-t-il remporté son premier Grand Chelem ?",
        "propositions": [
          "2004",
          "2002",
          "2003",
          "2005"
        ],
        "réponse": "2005",
        "anecdote": "Rafael Nadal est considéré par de nombreux spécialistes comme le meilleur joueur de terre battue de l'histoire du tennis."
      },
      {
        "id": 13,
        "question": "Quel est le plus grand court de tennis du stade Roland-Garros ?",
        "propositions": [
          "Suzanne-Lenglen",
          "Philippe-Chartier",
          "La Tourelle",
          "Numéro 1"
        ],
        "réponse": "Philippe-Chartier",
        "anecdote": "Philippe Chartier fut à la tête de la Fédération française de tennis et de la Fédération internationale de tennis."
      },
      {
        "id": 14,
        "question": "Dans les quatre tournois du Grand Chelem, chaque tour se joue en combien de sets gagnants ?",
        "propositions": [
          "Quatre",
          "Cinq",
          "Deux",
          "Trois"
        ],
        "réponse": "Trois",
        "anecdote": "Réaliser le Grand Chelem en tennis est le fait de remporter, la même année, les quatre tournois majeurs du circuit international."
      },
      {
        "id": 15,
        "question": "Chez les hommes, qui est le plus jeune vainqueur du tournoi de Roland Garros ?",
        "propositions": [
          "Jim Courier",
          "Michael Chang",
          "Thomas Muster",
          "Boris Becker"
        ],
        "réponse": "Michael Chang",
        "anecdote": "Le meilleur classement ATP en simple de Michael Chang a été la deuxième place mondiale, obtenue le 9 septembre 1996."
      },
      {
        "id": 16,
        "question": "Au tennis, quel est le score du jeu lorsque le serveur marque 3 points et le receveur 2 ?",
        "propositions": [
          "2-3",
          "3-2",
          "30-40",
          "40-30"
        ],
        "réponse": "40-30",
        "anecdote": "Les scores possibles pour remporter un set sont : 6/0, 6/1, 6/2, 6/3, 6/4 et 7/5."
      },
      {
        "id": 17,
        "question": "Lequel de ces joueurs de tennis est naturalisé américain depuis 1992 ?",
        "propositions": [
          "John McEnroe",
          "Pete Sampras",
          "Ivan Lendl",
          "Boris Becker"
        ],
        "réponse": "Ivan Lendl",
        "anecdote": "Lendl a marqué l'histoire du tennis par son jeu de fond de court, plus offensif que ceux de ses prédécesseurs."
      },
      {
        "id": 18,
        "question": "Qui est devenu à 19 ans le plus jeune vainqueur du tournoi US Open ?",
        "propositions": [
          "Andre Agassi",
          "Pete Sampras",
          "Boris Becker",
          "Roger Federer"
        ],
        "réponse": "Pete Sampras",
        "anecdote": "Pete Sampras est le seul joueur de l'ère Open à avoir achevé six saisons au premier rang mondial."
      },
      {
        "id": 19,
        "question": "Quelle douleur au coude est fréquente chez les joueurs de tennis ?",
        "propositions": [
          "Tennis elbow",
          "Tennis shadow",
          "Tennis longbow",
          "Tennis middow"
        ],
        "réponse": "Tennis elbow",
        "anecdote": "Selon la littérature scientifique, les symptômes dureraient en moyenne de 6 mois à 2 ans et récidiveraient dans 26% des cas."
      },
      {
        "id": 20,
        "question": "En son centre, le filet de tennis doit avoir une hauteur minimale de combien de centimètres ?",
        "propositions": [
          "121 cm",
          "91 cm",
          "101 cm",
          "111 cm"
        ],
        "réponse": "91 cm",
        "anecdote": "Le filet doit être de couleur sombre et la bande de filet de couleur blanche avec une dimension de 10 à 13 cm."
      }
    ],
    "expert": [
      {
        "id": 21,
        "question": "Qui a été le premier numéro un mondial lors de la création du classement ATP ?",
        "propositions": [
          "Ilie Nastase",
          "Björn Borg",
          "Adriano Panatta",
          "Jimmy Connors"
        ],
        "réponse": "Ilie Nastase",
        "anecdote": "Sur le court, Ilie Nastase n'hésitait ni à amuser le public ni à s'en prendre verbalement à l'arbitre."
      },
      {
        "id": 22,
        "question": "Qui détient le record de 48 raquettes cassées dans un match de tennis ?",
        "propositions": [
          "Marat Safin",
          "Tommy Haas",
          "Lleyton Hewit",
          "John McEnroe"
        ],
        "réponse": "Marat Safin",
        "anecdote": "Marat Safin est le seul joueur russe avec Ievgueni Kafelnikov à avoir gagné un tournoi du Grand Chelem."
      },
      {
        "id": 23,
        "question": "De quelle maladie souffrait Gabriela Sabatini durant sa carrière de joueuse de tennis ?",
        "propositions": [
          "Anorexie",
          "Arthrose",
          "Anémie",
          "Aplasie"
        ],
        "réponse": "Anémie",
        "anecdote": "Extrêmement précoce, Gabriela Sabatini a remporté au total 27 titres en simple, dont un titre du Grand Chelem."
      },
      {
        "id": 24,
        "question": "Quelle joueuse de tennis sud-africaine était la bête noire de Steffi Graf ?",
        "propositions": [
          "Gabriela Sabatini",
          "Monica Seles",
          "Amanda Coetzer",
          "Christ Evert"
        ],
        "réponse": "Amanda Coetzer",
        "anecdote": "En 1995, à l'Open du Canada, Amanda Coetzer a éliminé trois joueuses du top 5 : Steffi Graf, Jana Novotna et Mary Pierce."
      },
      {
        "id": 25,
        "question": "Qui est la dernière joueuse a avoir battu Justine Henin en tournoi officiel ?",
        "propositions": [
          "Jankovic",
          "Dementieva",
          "Kuznetsova",
          "Safina"
        ],
        "réponse": "Kuznetsova",
        "anecdote": "Malgré un relatif handicap de taille et de poids, Justine Henin fut l'une des joueuses dominantes des années 2003 à 2008."
      },
      {
        "id": 26,
        "question": "En quelle année a été créé Wimbledon, le plus vieux tournoi de tennis au monde ?",
        "propositions": [
          "1897",
          "1887",
          "1867",
          "1877"
        ],
        "réponse": "1877",
        "anecdote": "Le tournoi de Wimbledon est depuis ses débuts organisé par le All England Lawn Tennis and Croquet Club, un club sportif anglais."
      },
      {
        "id": 27,
        "question": "Quel ancien joueur de tennis était surnommé « le Terrible » ?",
        "propositions": [
          "John McEnroe",
          "Ivan Lendl",
          "Pete Sampras",
          "Boris Becker"
        ],
        "réponse": "Ivan Lendl",
        "anecdote": "Le public, notamment français, soutenait peu Ivan Lendl, lui reprochant un côté antipathique."
      },
      {
        "id": 28,
        "question": "Quelle joueuse de tennis a remporté 64 titres du Grand Chelem ?",
        "propositions": [
          "Justine Henin",
          "Margaret Court",
          "Christ Evert",
          "Steffi Graf"
        ],
        "réponse": "Margaret Court",
        "anecdote": "Margaret Court s'est ensuite engagée dans une carrière politique locale en Australie-Occidentale."
      },
      {
        "id": 29,
        "question": "Avec quelle marque de raquette joue Roger Federer, professionnel depuis 1998 ?",
        "propositions": [
          "Wilson",
          "Head",
          "Lacoste",
          "Babolat"
        ],
        "réponse": "Wilson",
        "anecdote": "Federer jouait en 2012 avec la raquette Wilson 'Pro Staff Six.One', caractérisée par sa petite surface de frappe."
      },
      {
        "id": 30,
        "question": "Quel joueur de tennis a involontairement causé la mort d'un arbitre par une de ses balles ?",
        "propositions": [
          "John McEnroe",
          "Jimmy Connors",
          "Stephan Edberg",
          "Mats Wilander"
        ],
        "réponse": "Stephan Edberg",
        "anecdote": "Stephan Edberg est avec John McEnroe un des deux seuls joueurs à avoir été numéro un mondial en simple et en double messieurs."
      }
      ]
      }
    ],
    "en": [
    {
      "débutant": [
      {
        "id": 1,
        "question": "What object is in hand to play tennis, singles or doubles ?",
        "propositions": [
          "Lacrosse",
          "A racket",
          "A pole",
          "A bat"
        ],
        "réponse": "A racket",
        "anecdote": "The first rackets were used around 1505 to prevent the nobles who played the game of palm to hurt their hands."
      },
      {
        "id": 2,
        "question": "What is the nationality of Roger Federer, one of the greatest tennis players of all time ?",
        "propositions": [
          "Switzerland",
          "Belgian",
          "German",
          "French"
        ],
        "réponse": "Switzerland",
        "anecdote": "Roger Federer is the only player in tennis history to have won five Grand Slam tournaments in a row."
      },
      {
        "id": 3,
        "question": "In tennis, what mighty stunt looks to finish the point ?",
        "propositions": [
          "Lift",
          "Reverse",
          "Service",
          "Smash"
        ],
        "réponse": "Smash",
        "anecdote": "In tennis, a player makes a smash after his opponent has offered him an offensive or defensive lob."
      },
      {
        "id": 4,
        "question": "Which French tennis player can we see in an advertisement of Kinder Bueno ?",
        "propositions": [
          "Gaël Monfils",
          "Gilles Simon",
          "Jo-Wilfried Tsonga",
          "Yannick Noah"
        ],
        "réponse": "Jo-Wilfried Tsonga",
        "anecdote": "The highest rank in the ATP rankings of Jo-Wilfried Tsonga is a fifth place world, reached in February 2012."
      },
      {
        "id": 5,
        "question": "In tennis, when a ball bounces off the field, it is said that it is ...",
        "propositions": [
          "White",
          "Nothing",
          "False",
          "Out"
        ],
        "réponse": "Out",
        "anecdote": "When the ball falls into the net, on the side of the player who hit the ball, the point is also awarded to the opponent."
      },
      {
        "id": 6,
        "question": "How are Williams sisters, professional American tennis players ?",
        "propositions": [
          "Monica and Steffi",
          "Martina and Kimi",
          "Venus and Serena",
          "Sarah and Sabrina"
        ],
        "réponse": "Venus and Serena",
        "anecdote": "Venus and Serena Williams have both been coached by their father, Richard Williams."
      },
      {
        "id": 7,
        "question": "What is the color of the ball used in tennis ?",
        "propositions": [
          "Blue",
          "Red",
          "Yellow",
          "Green"
        ],
        "réponse": "Yellow",
        "anecdote": "Coated with felt, balls must be yellow or white in official competitions."
      },
      {
        "id": 8,
        "question": "In tennis, when playing doubles, what area of the field is added ?",
        "propositions": [
          "The lines",
          "The corridors",
          "The squares",
          "The funds"
        ],
        "réponse": "The corridors",
        "anecdote": "For the doubles game, two 1.37 meter lanes are added, thus increasing the width of the court to 10.97 meters."
      },
      {
        "id": 9,
        "question": "Where is the main referee in a tennis match ?",
        "propositions": [
          "Behind the players",
          "In a box",
          "On a chair",
          "In front of the public"
        ],
        "réponse": "On a chair",
        "anecdote": "The line judge watches over the proper running of the game, the application of the rules and the code of good conduct."
      },
      {
        "id": 10,
        "question": "What is the first action taken at the beginning of a tennis match ?",
        "propositions": [
          "Service",
          "Stolen",
          "Smash",
          "Lift"
        ],
        "réponse": "Service",
        "anecdote": "The service must be struck diagonally so that the ball falls into the service square."
      }
    ],
    "confirmé": [
      {
        "id": 11,
        "question": "Which of these professional tennis players is the most aged ?",
        "propositions": [
          "Roger Federer",
          "Rafael Nadal",
          "Andre Agassi",
          "Marat Safin"
        ],
        "réponse": "Andre Agassi",
        "anecdote": "Andre Agassi has won 60 singles titles on the ATP Tour, including 8 Grand Slam tournaments."
      },
      {
        "id": 12,
        "question": "In which year did Rafael Nadal win his first Grand Slam ?",
        "propositions": [
          "2003",
          "2005",
          "2002",
          "2004"
        ],
        "réponse": "2005",
        "anecdote": "Rafael Nadal is considered by many specialists as the best clay player in the history of tennis."
      },
      {
        "id": 13,
        "question": "What is the biggest tennis court of the Roland-Garros stadium ?",
        "propositions": [
          "The Turret",
          "Number 1",
          "Suzanne-Lenglen",
          "Philippe-Chartier"
        ],
        "réponse": "Philippe-Chartier",
        "anecdote": "Philippe Chartier was at the head of the French Tennis Federation and the International Tennis Federation."
      },
      {
        "id": 14,
        "question": "In all four Grand Slam tournaments, each round is played in how many winning sets ?",
        "propositions": [
          "Four",
          "Five",
          "Three",
          "Two"
        ],
        "réponse": "Three",
        "anecdote": "To achieve the Grand Slam in tennis is to win, the same year, the four major tournaments of the international circuit."
      },
      {
        "id": 15,
        "question": "For men, who is the youngest winner of the Roland Garros tournament ?",
        "propositions": [
          "Boris Becker",
          "Jim Courier",
          "Michael Chang",
          "Thomas Muster"
        ],
        "réponse": "Michael Chang",
        "anecdote": "Michael Chang's best ATP ranking in singles was second in the world on 9 September 1996."
      },
      {
        "id": 16,
        "question": "In tennis, what is the score of the game when the server scores 3 points and the receiver 2 ?",
        "propositions": [
          "30-40",
          "2-3",
          "3-2",
          "40-30"
        ],
        "réponse": "40-30",
        "anecdote": "The possible scores to win a set are: 6/0, 6/1, 6/2, 6/3, 6/4 and 7/5."
      },
      {
        "id": 17,
        "question": "Which of these tennis players has been naturalized in America since 1992 ?",
        "propositions": [
          "John McEnroe",
          "Ivan Lendl",
          "Boris Becker",
          "Pete Sampras"
        ],
        "réponse": "Ivan Lendl",
        "anecdote": "Lendl has marked the history of tennis by his baseline play, more offensive than those of his predecessors."
      },
      {
        "id": 18,
        "question": "Who became at 19 the youngest winner of the US Open tournament ?",
        "propositions": [
          "Roger Federer",
          "Andre Agassi",
          "Pete Sampras",
          "Boris Becker"
        ],
        "réponse": "Pete Sampras",
        "anecdote": "Pete Sampras is the only player of the Open era to have completed six seasons in the world rankings."
      },
      {
        "id": 19,
        "question": "What elbow pain is common among tennis players ?",
        "propositions": [
          "Tennis middow",
          "Tennis shadow",
          "Tennis elbow",
          "Longbow Tennis"
        ],
        "réponse": "Tennis elbow",
        "anecdote": "According to the scientific literature, the symptoms would last on average from 6 months to 2 years and would recur in 26% of cases."
      },
      {
        "id": 20,
        "question": "In its center, the tennis net must have a minimum height of how many centimeters ?",
        "propositions": [
          "121 cm",
          "111 cm",
          "91 cm",
          "101 cm"
        ],
        "réponse": "91 cm",
        "anecdote": "The net should be dark in color and the strip of net white with a size of 10 to 13 cm."
      }
    ],
    "expert": [
      {
        "id": 21,
        "question": "Who was the first number one worldwide when creating the ATP ranking ?",
        "propositions": [
          "Björn Borg",
          "Adriano Panatta",
          "Jimmy Connors",
          "Ilie Nastase"
        ],
        "réponse": "Ilie Nastase",
        "anecdote": "On the court, Ilie Nastase did not hesitate to amuse the public or verbally attack the referee."
      },
      {
        "id": 22,
        "question": "Who holds the record for 48 broken rackets in a tennis match ?",
        "propositions": [
          "Marat Safin",
          "Tommy Haas",
          "Lleyton Hewit",
          "John McEnroe"
        ],
        "réponse": "Marat Safin",
        "anecdote": "Marat Safin is the only Russian player with Ievgueni Kafelnikov to have won a Grand Slam tournament."
      },
      {
        "id": 23,
        "question": "What illness did Gabriela Sabatini suffer from during her career as a tennis player ?",
        "propositions": [
          "Aplasia",
          "Osteoarthritis",
          "Anemia",
          "Anorexia"
        ],
        "réponse": "Anemia",
        "anecdote": "Extremely early, Gabriela Sabatini won a total of 27 singles titles including a Grand Slam title."
      },
      {
        "id": 24,
        "question": "Which South African tennis player was Steffi Graf's black beast ?",
        "propositions": [
          "Christ Evert",
          "Monica Seles",
          "Gabriela Sabatini",
          "Amanda Coetzer"
        ],
        "réponse": "Amanda Coetzer",
        "anecdote": "In 1995 at the Canada Open, Amanda Coetzer eliminated three top five players: Steffi Graf, Jana Novotna and Mary Pierce."
      },
      {
        "id": 25,
        "question": "Who is the last player to beat Justine Henin in an official tournament ?",
        "propositions": [
          "Jankovic",
          "Dementieva",
          "Safina",
          "Kuznetsova"
        ],
        "réponse": "Kuznetsova",
        "anecdote": "Despite a relative handicap of size and weight, Justine Henin was one of the dominant players of the years 2003 to 2008."
      },
      {
        "id": 26,
        "question": "In which year was Wimbledon, the oldest tennis tournament in the world created ?",
        "propositions": [
          "1897",
          "1887",
          "1867",
          "1877"
        ],
        "réponse": "1877",
        "anecdote": "The Wimbledon tournament is since its beginnings organized by the All England Lawn Tennis and Croquet Club, an English sports club."
      },
      {
        "id": 27,
        "question": "What former tennis player was dubbed the Terrible ?",
        "propositions": [
          "Pete Sampras",
          "John McEnroe",
          "Boris Becker",
          "Ivan Lendl"
        ],
        "réponse": "Ivan Lendl",
        "anecdote": "The public, especially French, supported little Ivan Lendl, reproaching him on the side unfriendly."
      },
      {
        "id": 28,
        "question": "Which tennis player won 64 Grand Slam titles ?",
        "propositions": [
          "Justine Henin",
          "Margaret Court",
          "Christ Evert",
          "Steffi Graf"
        ],
        "réponse": "Margaret Court",
        "anecdote": "Margaret Court then embarked on a local political career in Western Australia."
      },
      {
        "id": 29,
        "question": "With what brand of racket does Roger Federer play, professional since 1998 ?",
        "propositions": [
          "Lacoste",
          "Babolat",
          "Wilson",
          "Head"
        ],
        "réponse": "Wilson",
        "anecdote": "Federer played in 2012 with the Wilson 'Pro Staff Six.One' racquet, characterized by its small striking surface."
      },
      {
        "id": 30,
        "question": "Which tennis player has unintentionally caused the death of a referee by one of his balls ?",
        "propositions": [
          "John McEnroe",
          "Stephan Edberg",
          "Mats Wilander",
          "Jimmy Connors"
        ],
        "réponse": "Stephan Edberg",
        "anecdote": "Stephan Edberg is with John McEnroe one of only two players to be number one in singles and men's singles."
      }
      ]
      }
    ],
    "de": [
    {
      "débutant": [
      {
        "id": 1,
        "question": "Was ist in der Hand, um Tennis, Einzel oder Doppel zu spielen ?",
        "propositions": [
          "Ein Schläger",
          "Eine Fledermaus",
          "Eine Stange",
          "Lacrosse"
        ],
        "réponse": "Ein Schläger",
        "anecdote": "Die ersten Schläger wurden um 1505 verwendet, um zu verhindern, dass die Adligen, die Palm spielten, ihre Hände verletzten."
      },
      {
        "id": 2,
        "question": "Was ist die Nationalität von Roger Federer, einem der größten Tennisspieler aller Zeiten ?",
        "propositions": [
          "Schweiz",
          "Belgisch",
          "Französisch",
          "Deutsch"
        ],
        "réponse": "Schweiz",
        "anecdote": "Roger Federer ist der einzige Spieler in der Tennisgeschichte, der fünf Grand-Slam-Turniere in Folge gewonnen hat."
      },
      {
        "id": 3,
        "question": "Welcher mächtige Stunt sieht im Tennis aus ?",
        "propositions": [
          "Zerschlagen",
          "Umkehren",
          "Service",
          "Heben"
        ],
        "réponse": "Zerschlagen",
        "anecdote": "Im Tennis macht ein Spieler einen Schlag, nachdem sein Gegner ihm einen Angriffs- oder Defensivschlag angeboten hat."
      },
      {
        "id": 4,
        "question": "Welchen französischen Tennisspieler können wir in einer Anzeige von Kinder Bueno sehen ?",
        "propositions": [
          "Jo-Wilfried Tsonga",
          "Gilles Simon",
          "Gaël Monfils",
          "Yannick Noah"
        ],
        "réponse": "Jo-Wilfried Tsonga",
        "anecdote": "Der höchste Rang in der ATP-Rangliste von Jo-Wilfried Tsonga ist ein fünfter Platz, der im Februar 2012 erreicht wurde."
      },
      {
        "id": 5,
        "question": "Wenn im Tennis ein Ball vom Feld abprallt, heißt es, es sei ...",
        "propositions": [
          "Out",
          "Nichtig",
          "Blanche",
          "weiß"
        ],
        "réponse": "Out",
        "anecdote": "Wenn der Ball auf der Seite des Spielers, der den Ball getroffen hat, ins Netz fällt, wird der Punkt auch dem Gegner zugesprochen."
      },
      {
        "id": 6,
        "question": "Wie geht es Williams-Schwestern, professionellen amerikanischen Tennisspielern ?",
        "propositions": [
          "Venus und Serena",
          "Martina und Kimi",
          "Monica und Steffi",
          "Sarah und Sabrina"
        ],
        "réponse": "Venus und Serena",
        "anecdote": "Venus und Serena Williams wurden beide von ihrem Vater Richard Williams trainiert."
      },
      {
        "id": 7,
        "question": "Welche Farbe hat der Ball beim Tennis ?",
        "propositions": [
          "Gelb",
          "Rot",
          "Grün",
          "Blau"
        ],
        "réponse": "Gelb",
        "anecdote": "Mit Filz beschichtete Bälle müssen bei offiziellen Wettkämpfen gelb oder weiß sein."
      },
      {
        "id": 8,
        "question": "Welcher Bereich des Feldes wird beim Tennis beim Doppelspielen hinzugefügt ?",
        "propositions": [
          "Die Quadrate",
          "Die Zeilen",
          "Die Korridore",
          "Die Mittel"
        ],
        "réponse": "Die Korridore",
        "anecdote": "Für das Doppelspiel werden zwei 1,37 Meter lange Bahnen hinzugefügt, wodurch die Breite des Platzes auf 10,97 Meter erhöht wird."
      },
      {
        "id": 9,
        "question": "Wo ist der Hauptschiedsrichter in einem Tennismatch ?",
        "propositions": [
          "Hinter den Spielern",
          "In einer Box",
          "Auf einem Stuhl",
          "Vor der Öffentlichkeit"
        ],
        "réponse": "Auf einem Stuhl",
        "anecdote": "Der Linienrichter überwacht den ordnungsgemäßen Ablauf des Spiels, die Anwendung der Regeln und den Verhaltenskodex."
      },
      {
        "id": 10,
        "question": "Was ist die erste Aktion zu Beginn eines Tennismatches ?",
        "propositions": [
          "Zerschlagen",
          "Heben",
          "Gestohlen",
          "Service"
        ],
        "réponse": "Service",
        "anecdote": "Der Aufschlag muss diagonal getroffen werden, damit der Ball in den Aufschlagplatz fällt."
      }
    ],
    "confirmé": [
      {
        "id": 11,
        "question": "Welcher dieser professionellen Tennisspieler ist am meisten alt ?",
        "propositions": [
          "Andre Agassi",
          "Rafael Nadal",
          "Roger Federer",
          "Marat Safin"
        ],
        "réponse": "Andre Agassi",
        "anecdote": "Andre Agassi hat auf der ATP Tour 60 Einzeltitel gewonnen, darunter 8 Grand Slam-Turniere."
      },
      {
        "id": 12,
        "question": "In welchem Jahr gewann Rafael Nadal seinen ersten Grand Slam ?",
        "propositions": [
          "2005",
          "2003",
          "2002",
          "2004"
        ],
        "réponse": "2005",
        "anecdote": "Rafael Nadal wird von vielen Fachleuten als der beste Tonträger in der Geschichte des Tennis angesehen."
      },
      {
        "id": 13,
        "question": "Was ist der größte Tennisplatz des Roland-Garros-Stadions ?",
        "propositions": [
          "Nummer 1",
          "Suzanne-Lenglen",
          "Philippe-Chartier",
          "Der Turm"
        ],
        "réponse": "Philippe-Chartier",
        "anecdote": "Philippe Chartier war an der Spitze des französischen Tennisverbandes und des Internationalen Tennisverbandes."
      },
      {
        "id": 14,
        "question": "In allen vier Grand-Slam-Turnieren wird jede Runde in wie vielen Gewinnsätzen gespielt ?",
        "propositions": [
          "Drei",
          "Fünf",
          "Zwei",
          "Vier"
        ],
        "réponse": "Drei",
        "anecdote": "Um den Grand Slam im Tennis zu erreichen, gewinnen im selben Jahr die vier großen Turniere der internationalen Rennstrecke."
      },
      {
        "id": 15,
        "question": "Wer ist der jüngste Gewinner des Roland Garros-Turniers ?",
        "propositions": [
          "Jim Courier",
          "Boris Becker",
          "Michael Chang",
          "Thomas Muster"
        ],
        "réponse": "Michael Chang",
        "anecdote": "Das beste ATP-Einzel-Ranking von Michael Chang wurde am 9. September 1996 auf dem zweiten Platz der Welt."
      },
      {
        "id": 16,
        "question": "Wie hoch ist das Spiel beim Tennis, wenn der Server 3 Punkte und der Empfänger 2 Punkte erzielt ?",
        "propositions": [
          "2-3",
          "40-30",
          "3-2",
          "30-40"
        ],
        "réponse": "40-30",
        "anecdote": "Die möglichen Punkte, um einen Satz zu gewinnen, sind: 6/0, 6/1, 6/2, 6/3, 6/4 und 7/5."
      },
      {
        "id": 17,
        "question": "Welcher dieser Tennisspieler ist seit 1992 in Amerika eingebürgert ?",
        "propositions": [
          "Boris Becker",
          "Pete Sampras",
          "John McEnroe",
          "Ivan Lendl"
        ],
        "réponse": "Ivan Lendl",
        "anecdote": "Lendl hat die Geschichte des Tennis durch sein Grundlinienspiel geprägt, das offensiver ist als das seiner Vorgänger."
      },
      {
        "id": 18,
        "question": "Wer wurde mit 19 Jahren der jüngste Gewinner des US Open-Turniers ?",
        "propositions": [
          "Andre Agassi",
          "Roger Federer",
          "Boris Becker",
          "Pete Sampras"
        ],
        "réponse": "Pete Sampras",
        "anecdote": "Pete Sampras ist der einzige Spieler der Open-Ära, der sechs Spielzeiten in der Weltrangliste absolviert hat."
      },
      {
        "id": 19,
        "question": "Welche Ellbogenschmerzen treten bei Tennisspielern häufig auf ?",
        "propositions": [
          "Tennisbogen",
          "Tennis middow",
          "Tennis Schatten",
          "Langbogen Tennis"
        ],
        "réponse": "Tennisbogen",
        "anecdote": "Laut der wissenschaftlichen Literatur dauern die Symptome im Durchschnitt 6 Monate bis 2 Jahre und treten in 26% der Fälle wieder auf."
      },
      {
        "id": 20,
        "question": "In der Mitte muss das Tennisnetz eine Mindesthöhe von wie vielen Zentimetern haben ?",
        "propositions": [
          "111 cm",
          "121 cm",
          "101 cm",
          "91 cm"
        ],
        "réponse": "91 cm",
        "anecdote": "Das Netz sollte dunkel sein und der Netzstreifen weiß mit einer Größe von 10 bis 13 cm."
      }
    ],
    "expert": [
      {
        "id": 21,
        "question": "Wer war beim Erstellen des ATP-Rankings weltweit die erste Nummer eins ?",
        "propositions": [
          "Björn Borg",
          "Adriano Panatta",
          "Ilie Nastase",
          "Jimmy Connors"
        ],
        "réponse": "Ilie Nastase",
        "anecdote": "Auf dem Platz zögerte Ilie Nastase nicht, die Öffentlichkeit zu amüsieren oder den Schiedsrichter verbal anzugreifen."
      },
      {
        "id": 22,
        "question": "Wer hält den Rekord für 48 kaputte Schläger in einem Tennismatch ?",
        "propositions": [
          "Lleyton Hewit",
          "Tommy Haas",
          "John McEnroe",
          "Marat Safin"
        ],
        "réponse": "Marat Safin",
        "anecdote": "Marat Safin ist der einzige russische Spieler mit Ievgueni Kafelnikov, der ein Grand-Slam-Turnier gewonnen hat."
      },
      {
        "id": 23,
        "question": "An welcher Krankheit hat Gabriela Sabatini während ihrer Karriere als Tennisspielerin gelitten ?",
        "propositions": [
          "Aplasia",
          "Anorexie",
          "Anämie",
          "Arthrose"
        ],
        "réponse": "Anämie",
        "anecdote": "Sehr früh gewann Gabriela Sabatini insgesamt 27 Einzeltitel, darunter einen Grand Slam-Titel."
      },
      {
        "id": 24,
        "question": "Welcher südafrikanische Tennisspieler war Steffi Grafs schwarze Bestie ?",
        "propositions": [
          "Gabriela Sabatini",
          "Monica Seles",
          "Christus Evert",
          "Amanda Coetzer"
        ],
        "réponse": "Amanda Coetzer",
        "anecdote": "Bei den Canada Open eliminierte Amanda Coetzer 1995 die drei besten fünf Spieler: Steffi Graf, Jana Novotna und Mary Pierce."
      },
      {
        "id": 25,
        "question": "Wer ist der letzte Spieler, der Justine Henin in einem offiziellen Turnier besiegt hat ?",
        "propositions": [
          "Dementieva",
          "Jankovic",
          "Kuznetsova",
          "Safina"
        ],
        "réponse": "Kuznetsova",
        "anecdote": "Trotz eines relativen Handicaps in Bezug auf Größe und Gewicht war Justine Henin eine der dominierenden Akteure der Jahre 2003 bis 2008."
      },
      {
        "id": 26,
        "question": "In welchem Jahr wurde Wimbledon, das älteste Tennisturnier der Welt, gegründet ?",
        "propositions": [
          "1887",
          "1867",
          "1897",
          "1877"
        ],
        "réponse": "1877",
        "anecdote": "Das Wimbledon-Turnier wird seit seiner Gründung vom All England Lawn Tennis und Croquet Club, einem englischen Sportverein, organisiert."
      },
      {
        "id": 27,
        "question": "Welcher ehemalige Tennisspieler wurde als Terrible bezeichnet ?",
        "propositions": [
          "John McEnroe",
          "Ivan Lendl",
          "Boris Becker",
          "Pete Sampras"
        ],
        "réponse": "Ivan Lendl",
        "anecdote": "Das Publikum, besonders das französische, unterstützte den kleinen Ivan Lendl und warf ihm unfreundlich vor."
      },
      {
        "id": 28,
        "question": "Welcher Tennisspieler hat 64 Grand-Slam-Titel gewonnen ?",
        "propositions": [
          "Margaret Court",
          "Steffi Graf",
          "Christus Evert",
          "Justine Henin"
        ],
        "réponse": "Margaret Court",
        "anecdote": "Margaret Court begann dann eine lokale politische Karriere in Westaustralien."
      },
      {
        "id": 29,
        "question": "Mit welcher Schlägerart spielt Roger Federer seit 1998 professionell ?",
        "propositions": [
          "Babolat",
          "Kopf",
          "Lacoste",
          "Wilson"
        ],
        "réponse": "Wilson",
        "anecdote": "Federer spielte 2012 mit dem Wilson 'Pro Staff Six.One' Racket, das sich durch seine kleine Schlagfläche auszeichnet."
      },
      {
        "id": 30,
        "question": "Welcher Tennisspieler hat einen Schiedsrichter unbeabsichtigt durch einen seiner Bälle getötet ?",
        "propositions": [
          "Stephan Edberg",
          "John McEnroe",
          "Mats Wilander",
          "Jimmy Connors"
        ],
        "réponse": "Stephan Edberg",
        "anecdote": "Stephan Edberg ist mit John McEnroe einer von nur zwei Spielern, die die Nummer eins bei Singles und bei Männern sind."
      }
      ]
      }
    ],
    "es": [
    {
      "débutant": [
      {
        "id": 1,
        "question": "¿Qué objeto está en la mano para jugar al tenis, individuales o dobles ?",
        "propositions": [
          "Un murciélago",
          "Un polo",
          "Lacrosse",
          "Una raqueta"
        ],
        "réponse": "Una raqueta",
        "anecdote": "Las primeras raquetas se usaron alrededor de 1505 para evitar que los nobles que jugaron el juego de la palma se lastimaran las manos."
      },
      {
        "id": 2,
        "question": "¿Cuál es la nacionalidad de Roger Federer, uno de los mejores tenistas de todos los tiempos ?",
        "propositions": [
          "Belga",
          "Francés",
          "Suiza",
          "Alemán"
        ],
        "réponse": "Suiza",
        "anecdote": "Roger Federer es el único jugador en la historia del tenis que ha ganado cinco torneos de Grand Slam seguidos."
      },
      {
        "id": 3,
        "question": "En el tenis, ¿qué truco poderoso busca para terminar el punto ?",
        "propositions": [
          "Levantar",
          "Servicio",
          "Revertir",
          "Aplastar"
        ],
        "réponse": "Aplastar",
        "anecdote": "En el tenis, un jugador hace un gran golpe después de que su oponente le haya ofrecido un lóbulo ofensivo o defensivo."
      },
      {
        "id": 4,
        "question": "¿Qué tenista francés podemos ver en un anuncio de Kinder Bueno ?",
        "propositions": [
          "Yannick Noah",
          "Gaël Monfils",
          "Jo-Wilfried Tsonga",
          "Gilles Simon"
        ],
        "réponse": "Jo-Wilfried Tsonga",
        "anecdote": "El rango más alto en el ranking ATP de Jo-Wilfried Tsonga es un quinto lugar mundial, alcanzado en febrero de 2012."
      },
      {
        "id": 5,
        "question": "En el tenis, cuando una pelota rebota en el campo, se dice que es ...",
        "propositions": [
          "Fuera",
          "Nula",
          "Blanca",
          "Falso"
        ],
        "réponse": "Fuera",
        "anecdote": "Cuando la pelota cae en la red, en el lado del jugador que la golpeó, el punto también se otorga al oponente."
      },
      {
        "id": 6,
        "question": "¿Cómo son las hermanas Williams, tenistas profesionales estadounidenses ?",
        "propositions": [
          "Martina y Kimi",
          "Sara y sabrina",
          "Venus y Serena",
          "Monica y Steffi"
        ],
        "réponse": "Venus y Serena",
        "anecdote": "Venus y Serena Williams han sido entrenadas por su padre, Richard Williams."
      },
      {
        "id": 7,
        "question": "¿Cuál es el color de la pelota utilizada en el tenis ?",
        "propositions": [
          "Rojo",
          "Azul",
          "Verde",
          "Amarillo"
        ],
        "réponse": "Amarillo",
        "anecdote": "Cubiertas con fieltro, las pelotas deben ser amarillas o blancas en las competiciones oficiales."
      },
      {
        "id": 8,
        "question": "En el tenis, cuando se juega dobles, ¿qué área del campo se agrega ?",
        "propositions": [
          "Los fondos",
          "Las lineas",
          "Las plazas",
          "Los pasillos"
        ],
        "réponse": "Los pasillos",
        "anecdote": "Para el juego de dobles, se agregan dos carriles de 1.37 metros, lo que aumenta el ancho de la cancha a 10.97 metros."
      },
      {
        "id": 9,
        "question": "¿Dónde está el árbitro principal en un partido de tenis ?",
        "propositions": [
          "Detrás de los jugadores",
          "En una silla",
          "En una caja",
          "En frente del público"
        ],
        "réponse": "En una silla",
        "anecdote": "El juez de línea vigila el buen funcionamiento del juego, la aplicación de las reglas y el código de buena conducta."
      },
      {
        "id": 10,
        "question": "¿Cuál es la primera acción tomada al comienzo de un partido de tenis ?",
        "propositions": [
          "Levantar",
          "Robado",
          "Aplastar",
          "Servicio"
        ],
        "réponse": "Servicio",
        "anecdote": "El servicio debe ser golpeado diagonalmente para que la bola caiga en la plaza de servicio."
      }
    ],
    "confirmé": [
      {
        "id": 11,
        "question": "¿Cuál de estos tenistas profesionales es el más envejecido ?",
        "propositions": [
          "Roger Federer",
          "Rafael nadal",
          "Marat Safin",
          "Andre Agassi"
        ],
        "réponse": "Andre Agassi",
        "anecdote": "Andre Agassi ha ganado 60 títulos individuales en el ATP Tour, incluidos 8 torneos de Grand Slam."
      },
      {
        "id": 12,
        "question": "¿En qué año ganó Rafael Nadal su primer Grand Slam ?",
        "propositions": [
          "2004",
          "2003",
          "2002",
          "2005"
        ],
        "réponse": "2005",
        "anecdote": "Rafael Nadal es considerado por muchos especialistas como el mejor jugador de arcilla en la historia del tenis."
      },
      {
        "id": 13,
        "question": "¿Cuál es la cancha de tenis más grande del estadio Roland-Garros ?",
        "propositions": [
          "Suzanne-Lenglen",
          "Philippe-Chartier",
          "La torreta",
          "Numero 1"
        ],
        "réponse": "Philippe-Chartier",
        "anecdote": "Philippe Chartier estaba al frente de la Federación Francesa de Tenis y de la Federación Internacional de Tenis."
      },
      {
        "id": 14,
        "question": "En los cuatro torneos de Grand Slam, cada ronda se juega en cuántos sets ganadores ?",
        "propositions": [
          "Cuatro",
          "Dos",
          "Tres",
          "Cinco"
        ],
        "réponse": "Tres",
        "anecdote": "Lograr el Grand Slam en tenis es ganar, el mismo año, los cuatro torneos principales del circuito internacional."
      },
      {
        "id": 15,
        "question": "Para los hombres, ¿quién es el ganador más joven del torneo de Roland Garros ?",
        "propositions": [
          "Boris Becker",
          "Jim Courier",
          "Thomas Muster",
          "Michael Chang"
        ],
        "réponse": "Michael Chang",
        "anecdote": "El mejor ranking ATP de Michael Chang en individuales fue el segundo del mundo el 9 de septiembre de 1996."
      },
      {
        "id": 16,
        "question": "En tenis, ¿cuál es el puntaje del juego cuando el servidor anota 3 puntos y el receptor 2 ?",
        "propositions": [
          "40-30",
          "30-40",
          "3-2",
          "2-3"
        ],
        "réponse": "40-30",
        "anecdote": "Las puntuaciones posibles para ganar un set son: 6/0, 6/1, 6/2, 6/3, 6/4 y 7/5."
      },
      {
        "id": 17,
        "question": "¿Cuál de estos jugadores de tenis se ha naturalizado en América desde 1992 ?",
        "propositions": [
          "Ivan Lendl",
          "Boris Becker",
          "John McEnroe",
          "Pete Sampras"
        ],
        "réponse": "Ivan Lendl",
        "anecdote": "Lendl ha marcado la historia del tenis por su juego de base, más ofensivo que los de sus predecesores."
      },
      {
        "id": 18,
        "question": "¿Quién se convirtió a los 19 años en el ganador más joven del torneo US Open ?",
        "propositions": [
          "Boris Becker",
          "Andre Agassi",
          "Pete Sampras",
          "Roger Federer"
        ],
        "réponse": "Pete Sampras",
        "anecdote": "Pete Sampras es el único jugador de la era Open que ha completado seis temporadas en el ranking mundial."
      },
      {
        "id": 19,
        "question": "¿Qué dolor de codo es común entre los tenistas ?",
        "propositions": [
          "Codo de tenista",
          "Sombra de tenis",
          "Longbow Tennis",
          "Middow de tenis"
        ],
        "réponse": "Codo de tenista",
        "anecdote": "Según la literatura científica, los síntomas durarían en promedio de 6 meses a 2 años y recurrirían en el 26% de los casos."
      },
      {
        "id": 20,
        "question": "En su centro, la red de tenis debe tener una altura mínima de cuántos centímetros ?",
        "propositions": [
          "101 cm",
          "111 cm",
          "121 cm",
          "91 cm"
        ],
        "réponse": "91 cm",
        "anecdote": "La red debe ser de color oscuro y la tira de red blanca con un tamaño de 10 a 13 cm."
      }
    ],
    "expert": [
      {
        "id": 21,
        "question": "¿Quién fue el primer número uno a nivel mundial cuando creó el ranking ATP ?",
        "propositions": [
          "Jimmy Connors",
          "Björn Borg",
          "Adriano Panatta",
          "Ilie Nastase"
        ],
        "réponse": "Ilie Nastase",
        "anecdote": "En la cancha, Ilie Nastase no dudó en divertir al público o atacar verbalmente al árbitro."
      },
      {
        "id": 22,
        "question": "¿Quién tiene el récord de 48 raquetas rotas en un partido de tenis ?",
        "propositions": [
          "Lleyton Hewit",
          "John McEnroe",
          "Tommy Haas",
          "Marat Safin"
        ],
        "réponse": "Marat Safin",
        "anecdote": "Marat Safin es el único jugador ruso con Ievgueni Kafelnikov que ha ganado un torneo de Grand Slam."
      },
      {
        "id": 23,
        "question": "¿De qué enfermedad sufrió Gabriela Sabatini durante su carrera como tenista ?",
        "propositions": [
          "Anorexia",
          "Osteoartritis",
          "Aplasia",
          "Anemia"
        ],
        "réponse": "Anemia",
        "anecdote": "Extremadamente temprano, Gabriela Sabatini ganó un total de 27 títulos individuales, incluyendo un título de Grand Slam."
      },
      {
        "id": 24,
        "question": "¿Qué tenista sudafricano era la bestia negra de Steffi Graf ?",
        "propositions": [
          "Gabriela sabatini",
          "Amanda Coetzer",
          "Monica seles",
          "Cristo Evert"
        ],
        "réponse": "Amanda Coetzer",
        "anecdote": "En 1995, en el Abierto de Canadá, Amanda Coetzer eliminó a tres de los cinco mejores jugadores: Steffi Graf, Jana Novotna y Mary Pierce."
      },
      {
        "id": 25,
        "question": "¿Quién es el último jugador en vencer a Justine Henin en un torneo oficial ?",
        "propositions": [
          "Dementieva",
          "Jankovic",
          "Safina",
          "Kuznetsova"
        ],
        "réponse": "Kuznetsova",
        "anecdote": "A pesar de una relativa desventaja de tamaño y peso, Justine Henin fue una de las jugadoras dominantes de los años 2003 a 2008."
      },
      {
        "id": 26,
        "question": "¿En qué año se creó Wimbledon, el torneo de tenis más antiguo del mundo ?",
        "propositions": [
          "1877",
          "1887",
          "1897",
          "1867"
        ],
        "réponse": "1877",
        "anecdote": "El torneo de Wimbledon es desde sus comienzos organizado por el All England Lawn Tennis and Croquet Club, un club deportivo inglés."
      },
      {
        "id": 27,
        "question": "¿Qué ex jugador de tenis fue apodado el Terrible ?",
        "propositions": [
          "Ivan Lendl",
          "Boris Becker",
          "John McEnroe",
          "Pete Sampras"
        ],
        "réponse": "Ivan Lendl",
        "anecdote": "El público, especialmente el francés, apoyó al pequeño Ivan Lendl, y le reprochó en el lado hostil."
      },
      {
        "id": 28,
        "question": "¿Qué tenista ganó 64 títulos de Grand Slam ?",
        "propositions": [
          "Cristo Evert",
          "Justine Henin",
          "Steffi Graf",
          "Corte de margarita"
        ],
        "réponse": "Corte de margarita",
        "anecdote": "Margaret Court se embarcó en una carrera política local en Australia Occidental."
      },
      {
        "id": 29,
        "question": "¿Con qué marca de raqueta juega Roger Federer, profesional desde 1998 ?",
        "propositions": [
          "Cabeza",
          "Babolat",
          "Lacoste",
          "Wilson"
        ],
        "réponse": "Wilson",
        "anecdote": "Federer jugó en 2012 con la raqueta Wilson 'Pro Staff Six.One', caracterizada por su pequeña superficie llamativa."
      },
      {
        "id": 30,
        "question": "¿Qué jugador de tenis ha provocado involuntariamente la muerte de un árbitro por una de sus pelotas ?",
        "propositions": [
          "Stephan Edberg",
          "John McEnroe",
          "Mats Wilander",
          "Jimmy Connors"
        ],
        "réponse": "Stephan Edberg",
        "anecdote": "Stephan Edberg es, junto a John McEnroe, uno de los dos jugadores en ser el número uno en individuales y en individuales masculinos."
      }
      ]
      }
    ],
    "it": [
    {
      "débutant": [
      {
        "id": 1,
        "question": "Quale oggetto è in mano per giocare a tennis, single o doppio ?",
        "propositions": [
          "Una racchetta",
          "Lacrosse",
          "Un palo",
          "Un pipistrello"
        ],
        "réponse": "Una racchetta",
        "anecdote": "Le prime racchette furono usate intorno al 1505 per impedire ai nobili che giocavano il gioco del palmo di ferirsi le mani."
      },
      {
        "id": 2,
        "question": "Qual è la nazionalità di Roger Federer, uno dei più grandi giocatori di tennis di tutti i tempi ?",
        "propositions": [
          "Francese",
          "Tedesco",
          "Belga",
          "Svizzera"
        ],
        "réponse": "Svizzera",
        "anecdote": "Roger Federer è l'unico giocatore nella storia del tennis ad avere vinto cinque tornei del Grande Slam di fila."
      },
      {
        "id": 3,
        "question": "Nel tennis, quale potente prodezza sembra finire il punto ?",
        "propositions": [
          "Smash",
          "Servizio",
          "Sollevare",
          "Reverse"
        ],
        "réponse": "Smash",
        "anecdote": "Nel tennis, un giocatore effettua uno scontro dopo che il suo avversario gli ha offerto un pallonetto offensivo o difensivo."
      },
      {
        "id": 4,
        "question": "Quale tennista francese possiamo vedere in una pubblicità di Kinder Bueno ?",
        "propositions": [
          "Gilles Simon",
          "Gaël Monfils",
          "Yannick Noah",
          "Jo-Wilfried Tsonga"
        ],
        "réponse": "Jo-Wilfried Tsonga",
        "anecdote": "Il più alto punteggio nella classifica ATP di Jo-Wilfried Tsonga è un quinto posto, raggiunto a febbraio 2012."
      },
      {
        "id": 5,
        "question": "Nel tennis, quando una palla rimbalza fuori dal campo, si dice che sia ...",
        "propositions": [
          "Falso",
          "Fuori",
          "Bianca",
          "Nullo"
        ],
        "réponse": "Fuori",
        "anecdote": "Quando la palla cade nella rete, sul lato del giocatore che colpisce la palla, il punto viene assegnato anche all'avversario."
      },
      {
        "id": 6,
        "question": "Come stanno le sorelle Williams, i giocatori di tennis americani professionisti ?",
        "propositions": [
          "Venere e Serena",
          "Sarah e Sabrina",
          "Monica e Steffi",
          "Martina e Kimi"
        ],
        "réponse": "Venere e Serena",
        "anecdote": "Venus e Serena Williams sono stati entrambi istruiti dal padre, Richard Williams."
      },
      {
        "id": 7,
        "question": "Qual è il colore della palla usata nel tennis ?",
        "propositions": [
          "Rosso",
          "Blu",
          "Verde",
          "Giallo"
        ],
        "réponse": "Giallo",
        "anecdote": "Rivestiti di feltro, le palle devono essere gialle o bianche nelle competizioni ufficiali."
      },
      {
        "id": 8,
        "question": "Nel tennis, quando si gioca in doppio, quale area del campo viene aggiunta ?",
        "propositions": [
          "Le linee",
          "I quadrati",
          "I corridoi",
          "I fondi"
        ],
        "réponse": "I corridoi",
        "anecdote": "Per la partita di doppio, vengono aggiunte due corsie di 1,37 metri, aumentando così la larghezza del campo a 10,97 metri."
      },
      {
        "id": 9,
        "question": "Dov'è l'arbitro principale in una partita di tennis ?",
        "propositions": [
          "Di fronte al pubblico",
          "Dietro i giocatori",
          "Su una sedia",
          "In una scatola"
        ],
        "réponse": "Su una sedia",
        "anecdote": "Il giudice di linea controlla il corretto svolgimento del gioco, l'applicazione delle regole e il codice di buona condotta."
      },
      {
        "id": 10,
        "question": "Qual è la prima azione intrapresa all'inizio di una partita di tennis ?",
        "propositions": [
          "Rubato",
          "Smash",
          "Servizio",
          "Sollevare"
        ],
        "réponse": "Servizio",
        "anecdote": "Il servizio deve essere barrato diagonalmente in modo che la palla cada nel quadrato di servizio."
      }
    ],
    "confirmé": [
      {
        "id": 11,
        "question": "Quale di questi tennisti professionisti è il più anziano ?",
        "propositions": [
          "Marat Safin",
          "Andre Agassi",
          "Roger Federer",
          "Rafael Nadal"
        ],
        "réponse": "Andre Agassi",
        "anecdote": "Andre Agassi ha vinto 60 titoli di singolare nell'ATP Tour, inclusi 8 tornei del Grande Slam."
      },
      {
        "id": 12,
        "question": "In quale anno Rafael Nadal ha vinto il suo primo Grand Slam ?",
        "propositions": [
          "2005",
          "2002",
          "2003",
          "2004"
        ],
        "réponse": "2005",
        "anecdote": "Rafael Nadal è considerato da molti specialisti come il miglior giocatore di argilla nella storia del tennis."
      },
      {
        "id": 13,
        "question": "Qual è il più grande campo da tennis dello stadio Roland-Garros ?",
        "propositions": [
          "Philippe-Chartier",
          "Numero 1",
          "La torretta",
          "Suzanne-Lenglen"
        ],
        "réponse": "Philippe-Chartier",
        "anecdote": "Philippe Chartier era a capo della Federazione francese di tennis e della Federazione internazionale di tennis."
      },
      {
        "id": 14,
        "question": "In tutti e quattro i tornei del Grande Slam, ogni turno viene giocato in quanti set vincenti ?",
        "propositions": [
          "Due",
          "Tre",
          "Cinque",
          "Quattro"
        ],
        "réponse": "Tre",
        "anecdote": "Per raggiungere il Grande Slam nel tennis è quello di vincere, lo stesso anno, i quattro maggiori tornei del circuito internazionale."
      },
      {
        "id": 15,
        "question": "Per gli uomini, chi è il più giovane vincitore del torneo Roland Garros ?",
        "propositions": [
          "Boris Becker",
          "Thomas Muster",
          "Jim Courier",
          "Michael Chang"
        ],
        "réponse": "Michael Chang",
        "anecdote": "La migliore classifica ATP di Michael Chang nei singoli è stata la seconda al mondo il 9 settembre 1996."
      },
      {
        "id": 16,
        "question": "Nel tennis, qual è il punteggio del gioco quando il server ottiene 3 punti e il ricevitore 2 ?",
        "propositions": [
          "40-30",
          "2-3",
          "3-2",
          "30-40"
        ],
        "réponse": "40-30",
        "anecdote": "I punteggi possibili per vincere un set sono: 6/0, 6/1, 6/2, 6/3, 6/4 e 7/5."
      },
      {
        "id": 17,
        "question": "Quale di questi tennisti è stato naturalizzato in America dal 1992 ?",
        "propositions": [
          "John McEnroe",
          "Boris Becker",
          "Pete Sampras",
          "Ivan Lendl"
        ],
        "réponse": "Ivan Lendl",
        "anecdote": "Lendl ha segnato la storia del tennis con il suo gioco di base, più offensivo di quelli dei suoi predecessori."
      },
      {
        "id": 18,
        "question": "Chi è diventato a 19 il più giovane vincitore del torneo US Open ?",
        "propositions": [
          "Roger Federer",
          "Pete Sampras",
          "Boris Becker",
          "Andre Agassi"
        ],
        "réponse": "Pete Sampras",
        "anecdote": "Pete Sampras è l'unico giocatore dell'era Open ad aver completato sei stagioni nelle classifiche mondiali."
      },
      {
        "id": 19,
        "question": "Che dolore al gomito è comune tra i giocatori di tennis ?",
        "propositions": [
          "Ombra del tennis",
          "Tennis con arco lungo",
          "Tennis centrocampo",
          "Gomito del tennista"
        ],
        "réponse": "Gomito del tennista",
        "anecdote": "Secondo la letteratura scientifica, i sintomi sarebbero durati in media da 6 mesi a 2 anni e si ripresenterebbero nel 26% dei casi."
      },
      {
        "id": 20,
        "question": "Nel suo centro, la rete da tennis deve avere un'altezza minima di quanti centimetri ?",
        "propositions": [
          "121 cm",
          "111 cm",
          "91 cm",
          "101 cm"
        ],
        "réponse": "91 cm",
        "anecdote": "La rete dovrebbe essere di colore scuro e la striscia di rete bianca con una dimensione da 10 a 13 cm."
      }
    ],
    "expert": [
      {
        "id": 21,
        "question": "Chi è stato il primo numero uno al mondo nel creare il ranking ATP ?",
        "propositions": [
          "Björn Borg",
          "Ilie Nastase",
          "Jimmy Connors",
          "Adriano Panatta"
        ],
        "réponse": "Ilie Nastase",
        "anecdote": "Sul campo, Ilie Nastase non ha esitato a divertire il pubblico o ad attaccare verbalmente l'arbitro."
      },
      {
        "id": 22,
        "question": "Chi detiene il record di 48 racchette spezzate in una partita di tennis ?",
        "propositions": [
          "John McEnroe",
          "Lleyton Hewit",
          "Tommy Haas",
          "Marat Safin"
        ],
        "réponse": "Marat Safin",
        "anecdote": "Marat Safin è l'unico giocatore russo con Ievgueni Kafelnikov ad aver vinto un torneo del Grande Slam."
      },
      {
        "id": 23,
        "question": "Di quale malattia ha sofferto Gabriela Sabatini durante la sua carriera da tennista ?",
        "propositions": [
          "Osteoartrite",
          "Anoressia",
          "Aplasia",
          "Anemia"
        ],
        "réponse": "Anemia",
        "anecdote": "Estremamente precoce, Gabriela Sabatini ha vinto un totale di 27 titoli tra cui un titolo del Grande Slam."
      },
      {
        "id": 24,
        "question": "Quale tennista sudafricana era la bestia nera di Steffi Graf ?",
        "propositions": [
          "Amanda Coetzer",
          "Gabriela Sabatini",
          "Monica Seles",
          "Cristo Evert"
        ],
        "réponse": "Amanda Coetzer",
        "anecdote": "Nel 1995 al Canada Open, Amanda Coetzer ha eliminato tre primi cinque giocatori: Steffi Graf, Jana Novotna e Mary Pierce."
      },
      {
        "id": 25,
        "question": "Chi è l'ultimo giocatore a battere Justine Henin in un torneo ufficiale ?",
        "propositions": [
          "Jankovic",
          "Kuznetsova",
          "Dementieva",
          "Safina"
        ],
        "réponse": "Kuznetsova",
        "anecdote": "Nonostante un relativo handicap di dimensioni e peso, Justine Henin è stata una delle protagoniste degli anni dal 2003 al 2008."
      },
      {
        "id": 26,
        "question": "In quale anno era Wimbledon, il più antico torneo di tennis del mondo creato ?",
        "propositions": [
          "1867",
          "1877",
          "1887",
          "1897"
        ],
        "réponse": "1877",
        "anecdote": "Il torneo di Wimbledon è sin dai suoi inizi organizzato da All England Lawn Tennis e Croquet Club, un club sportivo inglese."
      },
      {
        "id": 27,
        "question": "Quale ex tennista è stato soprannominato il Terribile ?",
        "propositions": [
          "John McEnroe",
          "Boris Becker",
          "Pete Sampras",
          "Ivan Lendl"
        ],
        "réponse": "Ivan Lendl",
        "anecdote": "Il pubblico, in particolare il francese, sosteneva il piccolo Ivan Lendl, rimproverandolo ostile."
      },
      {
        "id": 28,
        "question": "Quale tennista ha vinto 64 titoli del Grande Slam ?",
        "propositions": [
          "Justine Henin",
          "Steffi Graf",
          "Cristo Evert",
          "Margaret Court"
        ],
        "réponse": "Margaret Court",
        "anecdote": "Margaret Court ha quindi intrapreso una carriera politica locale nell'Australia occidentale."
      },
      {
        "id": 29,
        "question": "Con quale marca di racchetta gioca Roger Federer, professionista dal 1998 ?",
        "propositions": [
          "Babolat",
          "Wilson",
          "Testa",
          "Lacoste"
        ],
        "réponse": "Wilson",
        "anecdote": "Federer ha giocato nel 2012 con la racchetta Wilson 'Pro Staff Six.One', caratterizzata dalla sua piccola superficie sorprendente."
      },
      {
        "id": 30,
        "question": "Quale tennista ha involontariamente causato la morte di un arbitro da una delle sue palle ?",
        "propositions": [
          "Mats Wilander",
          "Stephan Edberg",
          "John McEnroe",
          "Jimmy Connors"
        ],
        "réponse": "Stephan Edberg",
        "anecdote": "Stephan Edberg è con John McEnroe uno dei soli due giocatori ad essere il numero uno in singolare e singolo maschile."
      }
      ]
      }
    ],
    "nl": [
    {
      "débutant": [
      {
        "id": 1,
        "question": "Met welk voorwerp speel je tennis, singles of doubles ?",
        "propositions": [
          "Een racket",
          "Een knuppel",
          "Een paal",
          "Lacrosse"
        ],
        "réponse": "Een racket",
        "anecdote": "De eerste rackets werden rond 1505 gebruikt om te voorkomen dat de edelen die het spel van de palm speelden, hun handen bezeerden."
      },
      {
        "id": 2,
        "question": "Wat is de nationaliteit van Roger Federer, een van de beste tennissers aller tijden ?",
        "propositions": [
          "Belgisch",
          "Duits",
          "Frans",
          "Zwitserland"
        ],
        "réponse": "Zwitserland",
        "anecdote": "Roger Federer is de enige speler in de tennisgeschiedenis die vijf Grand Slam-toernooien op rij heeft gewonnen."
      },
      {
        "id": 3,
        "question": "Wat voor tennis ziet er in tennis eruit om het punt af te maken ?",
        "propositions": [
          "Achteruit",
          "Service",
          "Lift",
          "Smash"
        ],
        "réponse": "Smash",
        "anecdote": "Bij tennis maakt een speler een slag nadat zijn tegenstander hem een aanvallende of verdedigende lob heeft aangeboden."
      },
      {
        "id": 4,
        "question": "Welke Franse tennisser zien we in een advertentie van Kinder Bueno ?",
        "propositions": [
          "Gilles Simon",
          "Gaël Monfils",
          "Yannick Noah",
          "Jo-Wilfried Tsonga"
        ],
        "réponse": "Jo-Wilfried Tsonga",
        "anecdote": "De hoogste rang in de ATP-ranglijst van Jo-Wilfried Tsonga is een vijfde wereld, bereikt in februari 2012."
      },
      {
        "id": 5,
        "question": "In tennis, wanneer een bal van het veld afwaait, wordt gezegd dat het ...",
        "propositions": [
          "Vals",
          "Nietig",
          "Uit",
          "Wit"
        ],
        "réponse": "Uit",
        "anecdote": "Wanneer de bal in het net valt, aan de kant van de speler die de bal sloeg, wordt het punt ook toegekend aan de tegenstander."
      },
      {
        "id": 6,
        "question": "Hoe zijn Williams-zussen, professionele Amerikaanse tennisspelers ?",
        "propositions": [
          "Sarah en Sabrina",
          "Monica en Steffi",
          "Martina en Kimi",
          "Venus en Serena"
        ],
        "réponse": "Venus en Serena",
        "anecdote": "Venus en Serena Williams zijn beiden gecoacht door hun vader, Richard Williams."
      },
      {
        "id": 7,
        "question": "Welke kleur heeft de bal bij tennis ?",
        "propositions": [
          "Rood",
          "Blauw",
          "Groen",
          "Geel"
        ],
        "réponse": "Geel",
        "anecdote": "Bekleed met vilt, ballen moeten geel of wit zijn in officiële wedstrijden."
      },
      {
        "id": 8,
        "question": "In tennis, bij dubbelspel, welk gebied van het veld wordt toegevoegd ?",
        "propositions": [
          "Het geld",
          "De gangen",
          "De lijnen",
          "De vierkanten"
        ],
        "réponse": "De gangen",
        "anecdote": "Voor het dubbelspel worden twee banen van 1,37 meter toegevoegd, waardoor de breedte van de baan wordt verhoogd tot 10,97 meter."
      },
      {
        "id": 9,
        "question": "Waar is de hoofdscheidsrechter in een tenniswedstrijd ?",
        "propositions": [
          "Achter de spelers",
          "Voor het publiek",
          "Op een stoel",
          "In een doos"
        ],
        "réponse": "Op een stoel",
        "anecdote": "De lijnrechter waakt over de goede werking van het spel, de toepassing van de regels en de code van goed gedrag."
      },
      {
        "id": 10,
        "question": "Wat is de eerste actie aan het begin van een tenniswedstrijd ?",
        "propositions": [
          "Smash",
          "Service",
          "Lift",
          "Gestolen"
        ],
        "réponse": "Service",
        "anecdote": "De service moet diagonaal worden geschoten, zodat de bal op het servicevierkant valt."
      }
    ],
    "confirmé": [
      {
        "id": 11,
        "question": "Welke van deze professionele tennisspelers is het meest oud ?",
        "propositions": [
          "Andre Agassi",
          "Marat Safin",
          "Rafael Nadal",
          "Roger Federer"
        ],
        "réponse": "Andre Agassi",
        "anecdote": "Andre Agassi heeft 60 singles-titels gewonnen in de ATP Tour, waaronder 8 Grand Slam-toernooien."
      },
      {
        "id": 12,
        "question": "In welk jaar won Rafael Nadal zijn eerste Grand Slam ?",
        "propositions": [
          "2005",
          "2004",
          "2003",
          "2002"
        ],
        "réponse": "2005",
        "anecdote": "Rafael Nadal wordt door veel specialisten beschouwd als de beste kleiperspeler in de tennisgeschiedenis."
      },
      {
        "id": 13,
        "question": "Wat is de grootste tennisbaan van het Roland-Garros-stadion ?",
        "propositions": [
          "Philippe-Chartier",
          "Nummer 1",
          "Suzanne-Lenglen",
          "The Turret"
        ],
        "réponse": "Philippe-Chartier",
        "anecdote": "Philippe Chartier stond aan het hoofd van de Franse tennisfederatie en de internationale tennisfederatie."
      },
      {
        "id": 14,
        "question": "In alle vier Grand Slam-toernooien wordt elke ronde gespeeld in hoeveel winnende sets ?",
        "propositions": [
          "Twee",
          "Drie",
          "Vier",
          "Vijf"
        ],
        "réponse": "Drie",
        "anecdote": "Om de Grand Slam in tennis te behalen, moet je in hetzelfde jaar de vier grote toernooien van het internationale circuit winnen."
      },
      {
        "id": 15,
        "question": "Voor mannen, wie is de jongste winnaar van het Roland Garros-toernooi ?",
        "propositions": [
          "Boris Becker",
          "Jim Courier",
          "Thomas Muster",
          "Michael Chang"
        ],
        "réponse": "Michael Chang",
        "anecdote": "De beste ATP-ranking van Michael Chang in singles was tweede op de wereld op 9 september 1996."
      },
      {
        "id": 16,
        "question": "Wat is in tennis de score van het spel wanneer de server 3 punten scoort en de ontvanger 2 ?",
        "propositions": [
          "30-40",
          "40-30",
          "2-3",
          "3-2"
        ],
        "réponse": "40-30",
        "anecdote": "De mogelijke scores om een set te winnen zijn: 6/0, 6/1, 6/2, 6/3, 6/4 en 7/5."
      },
      {
        "id": 17,
        "question": "Welke van deze tennissers is sinds 1992 genaturaliseerd in Amerika ?",
        "propositions": [
          "John McEnroe",
          "Boris Becker",
          "Ivan Lendl",
          "Pete Sampras"
        ],
        "réponse": "Ivan Lendl",
        "anecdote": "Lendl heeft de geschiedenis van tennis gemarkeerd door zijn basisspel, meer beledigend dan die van zijn voorgangers."
      },
      {
        "id": 18,
        "question": "Wie werd 19 jaar de jongste winnaar van het US Open-toernooi ?",
        "propositions": [
          "Pete Sampras",
          "Boris Becker",
          "Andre Agassi",
          "Roger Federer"
        ],
        "réponse": "Pete Sampras",
        "anecdote": "Pete Sampras is de enige speler van het Open-tijdperk die zes seizoenen op de wereldranglijst heeft voltooid."
      },
      {
        "id": 19,
        "question": "Welke elleboogpijn is bij tennisers gebruikelijk ?",
        "propositions": [
          "Longbow Tennis",
          "Tennis tussow",
          "Tennis schaduw",
          "Tenniselleboog"
        ],
        "réponse": "Tenniselleboog",
        "anecdote": "Volgens de wetenschappelijke literatuur zouden de symptomen gemiddeld 6 maanden tot 2 jaar duren en in 26% van de gevallen terugkeren."
      },
      {
        "id": 20,
        "question": "In het midden moet het tennisnet een minimale hoogte van hoeveel centimeters hebben ?",
        "propositions": [
          "121 cm",
          "101 cm",
          "91 cm",
          "111 cm"
        ],
        "réponse": "91 cm",
        "anecdote": "Het net moet donker van kleur zijn en de strook net wit met een grootte van 10 tot 13 cm."
      }
    ],
    "expert": [
      {
        "id": 21,
        "question": "Wie was de eerste nummer één van de wereld toen hij de ATP-ranglijst maakte ?",
        "propositions": [
          "Björn Borg",
          "Jimmy Connors",
          "Adriano Panatta",
          "Ilie Nastase"
        ],
        "réponse": "Ilie Nastase",
        "anecdote": "Op het veld aarzelde Ilie Nastase niet om het publiek te amuseren of de scheidsrechter verbaal aan te vallen."
      },
      {
        "id": 22,
        "question": "Wie houdt het record voor 48 kapotte rackets in een tenniswedstrijd ?",
        "propositions": [
          "Marat Safin",
          "John McEnroe",
          "Lleyton Hewit",
          "Tommy Haas"
        ],
        "réponse": "Marat Safin",
        "anecdote": "Marat Safin is de enige Russische speler met Ievgueni Kafelnikov die een Grand Slam-toernooi heeft gewonnen."
      },
      {
        "id": 23,
        "question": "Welke ziekte had Gabriela Sabatini tijdens haar carrière als tennisser ?",
        "propositions": [
          "Anorexia",
          "Bloedarmoede",
          "Artrose",
          "Aplasia"
        ],
        "réponse": "Bloedarmoede",
        "anecdote": "Extreem vroeg won Gabriela Sabatini in totaal 27 singles-titels waaronder een Grand Slam-titel."
      },
      {
        "id": 24,
        "question": "Welke Zuid-Afrikaanse tennisser was het zwarte beest van Steffi Graf ?",
        "propositions": [
          "Christus Evert",
          "Amanda Coetzer",
          "Gabriela Sabatini",
          "Monica Seles"
        ],
        "réponse": "Amanda Coetzer",
        "anecdote": "In 1995 bij de Canada Open elimineerde Amanda Coetzer drie top vijf spelers: Steffi Graf, Jana Novotna en Mary Pierce."
      },
      {
        "id": 25,
        "question": "Wie is de laatste speler die Justine Henin verslaat in een officieel toernooi ?",
        "propositions": [
          "Jankovic",
          "Kuznetsova",
          "Dementieva",
          "Safina"
        ],
        "réponse": "Kuznetsova",
        "anecdote": "Ondanks een relatieve handicap van grootte en gewicht, was Justine Henin een van de dominante spelers van de jaren 2003 tot 2008."
      },
      {
        "id": 26,
        "question": "In welk jaar was Wimbledon het oudste tennistoernooi ter wereld ?",
        "propositions": [
          "1887",
          "1897",
          "1867",
          "1877"
        ],
        "réponse": "1877",
        "anecdote": "Het Wimbledon-toernooi wordt sinds het begin georganiseerd door de All England Lawn Tennis en Croquet Club, een Engelse sportclub."
      },
      {
        "id": 27,
        "question": "Welke voormalige tennisser heette de Terrible ?",
        "propositions": [
          "John McEnroe",
          "Pete Sampras",
          "Boris Becker",
          "Ivan Lendl"
        ],
        "réponse": "Ivan Lendl",
        "anecdote": "Het publiek, met name het Frans, steunde de kleine Ivan Lendl, die hem aan de zijkant onvriendelijk beschuldigde."
      },
      {
        "id": 28,
        "question": "Welke tennisser heeft 64 Grand Slam-titels gewonnen ?",
        "propositions": [
          "Steffi Graf",
          "Christus Evert",
          "Justine Henin",
          "Margaret Court"
        ],
        "réponse": "Margaret Court",
        "anecdote": "Margaret Court begon toen aan een lokale politieke carrière in West-Australië."
      },
      {
        "id": 29,
        "question": "Met welk merk racket speelt Roger Federer, professioneel sinds 1998 ?",
        "propositions": [
          "Lacoste",
          "Babolat",
          "Hoofd",
          "Wilson"
        ],
        "réponse": "Wilson",
        "anecdote": "Federer speelde in 2012 met het Wilson 'Pro Staff Six. One' racket, gekenmerkt door zijn kleine slagvlak."
      },
      {
        "id": 30,
        "question": "Welke tennisser heeft onbedoeld de dood van een scheidsrechter veroorzaakt door een van zijn ballen ?",
        "propositions": [
          "Mats Wilander",
          "John McEnroe",
          "Jimmy Connors",
          "Stephan Edberg"
        ],
        "réponse": "Stephan Edberg",
        "anecdote": "Stephan Edberg is met John McEnroe een van de slechts twee spelers die nummer één zijn in singles en heren singles."
      }
      ]
      }
    ]
  }
}