1;fr;Quel objet tient-on en main pour jouer au tennis, que ce soit en simple ou en double ?;Raquette;Perche;Batte;Crosse;Débutant;Les premières raquettes furent utilisées vers 1505 pour éviter aux nobles qui jouaient au jeu de paume de se blesser les mains.;https://fr.wikipedia.org/wiki/Raquette_(sport)
2;fr;Quelle est la nationalité de Roger Federer, un des plus grands joueurs de tennis de tous les temps ?;Suisse;Belge;Française;Allemande;Débutant;Roger Federer est le seul joueur de l'histoire du tennis à avoir gagné cinq fois de suite deux tournois du Grand Chelem.;https://fr.wikipedia.org/wiki/Roger_Federer
3;fr;Au tennis, quel coup de volée puissant cherche à terminer le point ?;Smash;Service;Lift;Revers;Débutant;Au tennis, un joueur effectue un smash après que son adversaire lui ait proposé un lob offensif ou défensif.;https://fr.wikipedia.org/wiki/Smash
4;fr;Quel joueur de tennis français peut-on voir dans une publicité de Kinder Bueno ?;Jo-Wilfried Tsonga;Yannick Noah;Gilles Simon;Gaël Monfils;Débutant;Le meilleur rang au classement ATP de Jo-Wilfried Tsonga est une cinquième place mondiale, atteinte en février 2012.;https://fr.wikipedia.org/wiki/Jo-Wilfried_Tsonga
5;fr;Au tennis, quand une balle rebondit en dehors du terrain, on dit qu'elle est...;Out;Nulle;Fausse;Blanche;Débutant;Lorsque la balle tombe dans le filet, du côté du joueur qui a frappé la balle, le point est également accordé à l'adversaire.;https://fr.wikipedia.org/wiki/Tennis
6;fr;Comment se prénomment les sœurs Williams, joueuses de tennis américaines professionnelles ?;Venus et Serena;Martina et Kimi;Sarah et Sabrina;Monica et Steffi;Débutant;Venus et Serena Williams ont toutes deux été entraînées par leur père, Richard Williams.;https://fr.wikipedia.org/wiki/S?urs_Williams
7;fr;Quelle est généralement la couleur de la balle utilisée au tennis ?;Jaune;Rouge;Verte;Bleue;Débutant;Recouvertes de feutre, les balles doivent impérativement être jaunes ou blanches dans les compétitions officielles.;https://fr.wikipedia.org/wiki/Tennis#Les_balles
8;fr;Au tennis, lorsque vous jouez en double, quelle zone du terrain est ajoutée ?;Les couloirs;Les carrés;Les lignes;Les fonds;Débutant;Pour le jeu en double, deux couloirs de 1,37 mètre sont ajoutés, faisant ainsi passer la largeur du court à 10,97 mètres.;https://fr.wikipedia.org/wiki/Tennis
9;fr;Où est positionné l'arbitre principal durant un match de tennis ?;Sur une chaise;Dans un box;Derrière les joueurs;Face au public;Débutant;Le juge de ligne veille quant à lui au bon déroulement de la partie, à l'application des règles et au code de bonne conduite.;https://fr.wikipedia.org/wiki/Arbitre_sportif#Tennis
10;fr;Quelle est a première action effectuée au début d'un match de tennis ?;Service;Smash;Volée;Lift;Débutant;Le service doit être frappé en diagonale de telle sorte que la balle tombe dans le carré de service.;https://fr.wikipedia.org/wiki/Tennis
11;fr;Parmi ces joueurs de tennis professionnels, lequel est le plus âgé ? ;Andre Agassi;Marat Safin;Rafael Nadal;Roger Federer;Confirmé;Andre Agassi a remporté 60 titres en simple sur le circuit ATP, dont 8 tournois du Grand Chelem.;https://fr.wikipedia.org/wiki/Andre_Agassi
12;fr;En quelle année Rafael Nadal a-t-il remporté son premier Grand Chelem ?;2005;2004;2003;2002;Confirmé;Rafael Nadal est considéré par de nombreux spécialistes comme le meilleur joueur de terre battue de l'histoire du tennis.;https://fr.wikipedia.org/wiki/Rafael_Nadal
13;fr;Quel est le plus grand court de tennis du stade Roland-Garros ?;Philippe-Chartier;Numéro 1;Suzanne-Lenglen;La Tourelle;Confirmé;Philippe Chartier fut à la tête de la Fédération française de tennis et de la Fédération internationale de tennis.;https://fr.wikipedia.org/wiki/Court_Philippe-Chatrier
14;fr;Dans les quatre tournois du Grand Chelem, chaque tour se joue en combien de sets gagnants ?;Trois;Deux;Quatre;Cinq;Confirmé;Réaliser le Grand Chelem en tennis est le fait de remporter, la même année, les quatre tournois majeurs du circuit international.;https://fr.wikipedia.org/wiki/Grand_Chelem_de_tennis
15;fr;Chez les hommes, qui est le plus jeune vainqueur du tournoi de Roland Garros ?;Michael Chang;Jim Courier;Thomas Muster;Boris Becker;Confirmé;Le meilleur classement ATP en simple de Michael Chang a été la deuxième place mondiale, obtenue le 9 septembre 1996.;https://fr.wikipedia.org/wiki/Michael_Chang
16;fr;Au tennis, quel est le score du jeu lorsque le serveur marque 3 points et le receveur 2 ?;40-30;30-40;3-2;2-3;Confirmé;Les scores possibles pour remporter un set sont : 6/0, 6/1, 6/2, 6/3, 6/4 et 7/5.;https://fr.wikipedia.org/wiki/Tennis
17;fr;Lequel de ces joueurs de tennis est naturalisé américain depuis 1992 ?;Ivan Lendl;Boris Becker;John McEnroe;Pete Sampras;Confirmé;Lendl a marqué l'histoire du tennis par son jeu de fond de court, plus offensif que ceux de ses prédécesseurs.;https://fr.wikipedia.org/wiki/Ivan_Lendl
18;fr;Qui est devenu à 19 ans le plus jeune vainqueur du tournoi US Open ?;Pete Sampras;Andre Agassi;Boris Becker;Roger Federer;Confirmé;Pete Sampras est le seul joueur de l'ère Open à avoir achevé six saisons au premier rang mondial.;https://fr.wikipedia.org/wiki/Pete_Sampras
19;fr;Quelle douleur au coude est fréquente chez les joueurs de tennis ?;Tennis elbow;Tennis shadow;Tennis longbow;Tennis middow;Confirmé;Selon la littérature scientifique, les symptômes dureraient en moyenne de 6 mois à 2 ans et récidiveraient dans 26% des cas.;https://fr.wikipedia.org/wiki/Épicondylite
20;fr;En son centre, le filet de tennis doit avoir une hauteur minimale de combien de centimètres ?;91 cm;101 cm;111 cm;121 cm;Confirmé;Le filet doit être de couleur sombre et la bande de filet de couleur blanche avec une dimension de 10 à 13 cm.;https://fr.wikipedia.org/wiki/Tennis#Le_filet
21;fr;Qui a été le premier numéro un mondial lors de la création du classement ATP ?;Ilie Nastase;Jimmy Connors;Björn Borg;Adriano Panatta;Expert;Sur le court, Ilie Nastase n'hésitait ni à amuser le public ni à s'en prendre verbalement à l'arbitre.;https://fr.wikipedia.org/wiki/Ilie_Nastase
22;fr;Qui détient le record de 48 raquettes cassées dans un match de tennis ?;Marat Safin;John McEnroe;Lleyton Hewit;Tommy Haas;Expert;Marat Safin est le seul joueur russe avec Ievgueni Kafelnikov à avoir gagné un tournoi du Grand Chelem.;https://fr.wikipedia.org/wiki/Marat_Safin
23;fr;De quelle maladie souffrait Gabriela Sabatini durant sa carrière de joueuse de tennis ?;Anémie;Anorexie;Aplasie;Arthrose;Expert;Extrêmement précoce, Gabriela Sabatini a remporté au total 27 titres en simple, dont un titre du Grand Chelem.;https://fr.wikipedia.org/wiki/Gabriela_Sabatini
24;fr;Quelle joueuse de tennis sud-africaine était la bête noire de Steffi Graf ?;Amanda Coetzer;Monica Seles;Christ Evert;Gabriela Sabatini;Expert;En 1995, à l'Open du Canada, Amanda Coetzer a éliminé trois joueuses du top 5 : Steffi Graf, Jana Novotna et Mary Pierce.;https://fr.wikipedia.org/wiki/Amanda_Coetzer
25;fr;Qui est la dernière joueuse a avoir battu Justine Henin en tournoi officiel ?;Kuznetsova;Dementieva;Safina;Jankovic;Expert;Malgré un relatif handicap de taille et de poids, Justine Henin fut l'une des joueuses dominantes des années 2003 à 2008.;https://fr.wikipedia.org/wiki/Justine_Henin
26;fr;En quelle année a été créé Wimbledon, le plus vieux tournoi de tennis au monde ?;1877;1897;1887;1867;Expert;Le tournoi de Wimbledon est depuis ses débuts organisé par le All England Lawn Tennis and Croquet Club, un club sportif anglais.;https://fr.wikipedia.org/wiki/Tournoi_de_Wimbledon
27;fr;Quel ancien joueur de tennis était surnommé « le Terrible » ?;Ivan Lendl;John McEnroe;Pete Sampras;Boris Becker;Expert;Le public, notamment français, soutenait peu Ivan Lendl, lui reprochant un côté antipathique.;https://fr.wikipedia.org/wiki/Ivan_Lendl
28;fr;Quelle joueuse de tennis a remporté 64 titres du Grand Chelem ?;Margaret Court;Steffi Graf;Justine Henin;Christ Evert;Expert;Margaret Court s'est ensuite engagée dans une carrière politique locale en Australie-Occidentale.;https://fr.wikipedia.org/wiki/Margaret_Smith_Court
29;fr;Avec quelle marque de raquette joue Roger Federer, professionnel depuis 1998 ?;Wilson;Lacoste;Babolat;Head;Expert;Federer jouait en 2012 avec la raquette Wilson Pro Staff Six.One, caractérisée par sa petite surface de frappe.;https://fr.wikipedia.org/wiki/Roger_Federer
30;fr;Quel joueur de tennis a involontairement causé la mort d'un arbitre par une de ses balles ?;Stephan Edberg;Mats Wilander;Jimmy Connors;John McEnroe;Expert;Stephan Edberg est avec John McEnroe un des deux seuls joueurs à avoir été numéro un mondial en simple et en double messieurs.;https://fr.wikipedia.org/wiki/Stefan_Edberg
31;en;What object is in hand to play tennis, singles or doubles ?;A racket;A pole;A bat;Lacrosse;Beginner;The first rackets were used around 1505 to prevent the nobles who played the game of palm to hurt their hands.;https://en.wikipedia.org/wiki/Racket_(sports_equipment)
32;en;What is the nationality of Roger Federer, one of the greatest tennis players of all time ?;Switzerland;Belgian;French;German;Beginner;Roger Federer is the only player in tennis history to have won five Grand Slam tournaments in a row.;https://en.wikipedia.org/wiki/Roger_Federer
33;en;In tennis, what mighty stunt looks to finish the point ?;Smash;Service;Lift;Reverse;Beginner;In tennis, a player makes a smash after his opponent has offered him an offensive or defensive lob.;
34;en;Which French tennis player can we see in an advertisement of Kinder Bueno ?;Jo-Wilfried Tsonga;Yannick Noah;Gilles Simon;Gaël Monfils;Beginner;The highest rank in the ATP rankings of Jo-Wilfried Tsonga is a fifth place world, reached in February 2012.;https://en.wikipedia.org/wiki/Jo-Wilfried_Tsonga
35;en;In tennis, when a ball bounces off the field, it is said that it is ...;Out;Nothing;False;White;Beginner;When the ball falls into the net, on the side of the player who hit the ball, the point is also awarded to the opponent.;https://en.wikipedia.org/wiki/Tennis
36;en;How are Williams sisters, professional American tennis players ?;Venus and Serena;Martina and Kimi;Sarah and Sabrina;Monica and Steffi;Beginner;Venus and Serena Williams have both been coached by their father, Richard Williams.;https://en.wikipedia.org/wiki/Williams_sisters
37;en;What is the color of the ball used in tennis ?;Yellow;Red;Green;Blue;Beginner;Coated with felt, balls must be yellow or white in official competitions.;https://en.wikipedia.org/wiki/Tennis
38;en;In tennis, when playing doubles, what area of the field is added ?;The corridors;The squares;The lines;The funds;Beginner;For the doubles game, two 1.37 meter lanes are added, thus increasing the width of the court to 10.97 meters.;https://en.wikipedia.org/wiki/Tennis
39;en;Where is the main referee in a tennis match ?;On a chair;In a box;Behind the players;In front of the public;Beginner;The line judge watches over the proper running of the game, the application of the rules and the code of good conduct.;https://en.wikipedia.org/wiki/Referee
40;en;What is the first action taken at the beginning of a tennis match ?;Service;Smash;Stolen;Lift;Beginner;The service must be struck diagonally so that the ball falls into the service square.;https://en.wikipedia.org/wiki/Tennis
41;en;Which of these professional tennis players is the most aged ?;Andre Agassi;Marat Safin;Rafael Nadal;Roger Federer;Confirmed;Andre Agassi has won 60 singles titles on the ATP Tour, including 8 Grand Slam tournaments.;https://en.wikipedia.org/wiki/Andre_Agassi
42;en;In which year did Rafael Nadal win his first Grand Slam ?;2005;2004;2003;2002;Confirmed;Rafael Nadal is considered by many specialists as the best clay player in the history of tennis.;https://en.wikipedia.org/wiki/Rafael_Nadal
43;en;What is the biggest tennis court of the Roland-Garros stadium ?;Philippe-Chartier;Number 1;Suzanne-Lenglen;The Turret;Confirmed;Philippe Chartier was at the head of the French Tennis Federation and the International Tennis Federation.;
44;en;In all four Grand Slam tournaments, each round is played in how many winning sets ?;Three;Two;Four;Five;Confirmed;To achieve the Grand Slam in tennis is to win, the same year, the four major tournaments of the international circuit.;https://en.wikipedia.org/wiki/Grand_Slam_(tennis)
45;en;For men, who is the youngest winner of the Roland Garros tournament ?;Michael Chang;Jim Courier;Thomas Muster;Boris Becker;Confirmed;Michael Chang's best ATP ranking in singles was second in the world on 9 September 1996.;https://en.wikipedia.org/wiki/Michael_Chang
46;en;In tennis, what is the score of the game when the server scores 3 points and the receiver 2 ?;40-30;30-40;3-2;2-3;Confirmed;The possible scores to win a set are: 6/0, 6/1, 6/2, 6/3, 6/4 and 7/5.;https://en.wikipedia.org/wiki/Tennis
47;en;Which of these tennis players has been naturalized in America since 1992 ?;Ivan Lendl;Boris Becker;John McEnroe;Pete Sampras;Confirmed;Lendl has marked the history of tennis by his baseline play, more offensive than those of his predecessors.;https://en.wikipedia.org/wiki/Ivan_Lendl
48;en;Who became at 19 the youngest winner of the US Open tournament ?;Pete Sampras;Andre Agassi;Boris Becker;Roger Federer;Confirmed;Pete Sampras is the only player of the Open era to have completed six seasons in the world rankings.;https://en.wikipedia.org/wiki/Pete_Sampras
49;en;What elbow pain is common among tennis players ?;Tennis elbow;Tennis shadow;Longbow Tennis;Tennis middow;Confirmed;According to the scientific literature, the symptoms would last on average from 6 months to 2 years and would recur in 26% of cases.;https://en.wikipedia.org/wiki/Tennis_elbow
50;en;In its center, the tennis net must have a minimum height of how many centimeters ?;91 cm;101 cm;111 cm;121 cm;Confirmed;The net should be dark in color and the strip of net white with a size of 10 to 13 cm.;https://en.wikipedia.org/wiki/Tennis
51;en;Who was the first number one worldwide when creating the ATP ranking ?;Ilie Nastase;Jimmy Connors;Björn Borg;Adriano Panatta;Expert;On the court, Ilie Nastase did not hesitate to amuse the public or verbally attack the referee.;https://en.wikipedia.org/wiki/Ilie_Nastase
52;en;Who holds the record for 48 broken rackets in a tennis match ?;Marat Safin;John McEnroe;Lleyton Hewit;Tommy Haas;Expert;Marat Safin is the only Russian player with Ievgueni Kafelnikov to have won a Grand Slam tournament.;https://en.wikipedia.org/wiki/Marat_Safin
53;en;What illness did Gabriela Sabatini suffer from during her career as a tennis player ?;Anemia;Anorexia;Aplasia;Osteoarthritis;Expert;Extremely early, Gabriela Sabatini won a total of 27 singles titles including a Grand Slam title.;https://en.wikipedia.org/wiki/Gabriela_Sabatini
54;en;Which South African tennis player was Steffi Graf's black beast ?;Amanda Coetzer;Monica Seles;Christ Evert;Gabriela Sabatini;Expert;In 1995 at the Canada Open, Amanda Coetzer eliminated three top five players: Steffi Graf, Jana Novotna and Mary Pierce.;https://en.wikipedia.org/wiki/Amanda_Coetzer
55;en;Who is the last player to beat Justine Henin in an official tournament ?;Kuznetsova;Dementieva;Safina;Jankovic;Expert;Despite a relative handicap of size and weight, Justine Henin was one of the dominant players of the years 2003 to 2008.;https://en.wikipedia.org/wiki/Justine_Henin
56;en;In which year was Wimbledon, the oldest tennis tournament in the world created ?;1877;1897;1887;1867;Expert;The Wimbledon tournament is since its beginnings organized by the All England Lawn Tennis and Croquet Club, an English sports club.;https://en.wikipedia.org/wiki/The_Championships,_Wimbledon
57;en;What former tennis player was dubbed the Terrible ?;Ivan Lendl;John McEnroe;Pete Sampras;Boris Becker;Expert;The public, especially French, supported little Ivan Lendl, reproaching him on the side unfriendly.;https://en.wikipedia.org/wiki/Ivan_Lendl
58;en;Which tennis player won 64 Grand Slam titles ?;Margaret Court;Steffi Graf;Justine Henin;Christ Evert;Expert;Margaret Court then embarked on a local political career in Western Australia.;https://en.wikipedia.org/wiki/Margaret_Court
59;en;With what brand of racket does Roger Federer play, professional since 1998 ?;Wilson;Lacoste;Babolat;Head;Expert;Federer played in 2012 with the Wilson Pro Staff Six.One racquet, characterized by its small striking surface.;https://en.wikipedia.org/wiki/Roger_Federer
60;en;Which tennis player has unintentionally caused the death of a referee by one of his balls ?;Stephan Edberg;Mats Wilander;Jimmy Connors;John McEnroe;Expert;Stephan Edberg is with John McEnroe one of only two players to be number one in singles and men's singles.;https://en.wikipedia.org/wiki/Stefan_Edberg
61;de;Was ist in der Hand, um Tennis, Einzel oder Doppel zu spielen ?;Ein Schläger;Eine Stange;Eine Fledermaus;Lacrosse;Newbie;Die ersten Schläger wurden um 1505 verwendet, um zu verhindern, dass die Adligen, die Palm spielten, ihre Hände verletzten.;
62;de;Was ist die Nationalität von Roger Federer, einem der größten Tennisspieler aller Zeiten ?;Schweiz;Belgisch;Französisch;Deutsch;Newbie;Roger Federer ist der einzige Spieler in der Tennisgeschichte, der fünf Grand-Slam-Turniere in Folge gewonnen hat.;https://de.wikipedia.org/wiki/Roger_Federer
63;de;Welcher mächtige Stunt sieht im Tennis aus ?;Zerschlagen;Service;Heben;Umkehren;Newbie;Im Tennis macht ein Spieler einen Schlag, nachdem sein Gegner ihm einen Angriffs- oder Defensivschlag angeboten hat.;
64;de;Welchen französischen Tennisspieler können wir in einer Anzeige von Kinder Bueno sehen ?;Jo-Wilfried Tsonga;Yannick Noah;Gilles Simon;Gaël Monfils;Newbie;Der höchste Rang in der ATP-Rangliste von Jo-Wilfried Tsonga ist ein fünfter Platz, der im Februar 2012 erreicht wurde.;https://de.wikipedia.org/wiki/Jo-Wilfried_Tsonga
65;de;Wenn im Tennis ein Ball vom Feld abprallt, heißt es, es sei ...;Out;Nichtig;Blanche;weiß;Newbie;Wenn der Ball auf der Seite des Spielers, der den Ball getroffen hat, ins Netz fällt, wird der Punkt auch dem Gegner zugesprochen.;https://de.wikipedia.org/wiki/Tennis
66;de;Wie geht es Williams-Schwestern, professionellen amerikanischen Tennisspielern ?;Venus und Serena;Martina und Kimi;Sarah und Sabrina;Monica und Steffi;Newbie;Venus und Serena Williams wurden beide von ihrem Vater Richard Williams trainiert.;
67;de;Welche Farbe hat der Ball beim Tennis ?;Gelb;Rot;Grün;Blau;Newbie;Mit Filz beschichtete Bälle müssen bei offiziellen Wettkämpfen gelb oder weiß sein.;
68;de;Welcher Bereich des Feldes wird beim Tennis beim Doppelspielen hinzugefügt ?;Die Korridore;Die Quadrate;Die Zeilen;Die Mittel;Newbie;Für das Doppelspiel werden zwei 1,37 Meter lange Bahnen hinzugefügt, wodurch die Breite des Platzes auf 10,97 Meter erhöht wird.;https://de.wikipedia.org/wiki/Tennis
69;de;Wo ist der Hauptschiedsrichter in einem Tennismatch ?;Auf einem Stuhl;In einer Box;Hinter den Spielern;Vor der Öffentlichkeit;Newbie;Der Linienrichter überwacht den ordnungsgemäßen Ablauf des Spiels, die Anwendung der Regeln und den Verhaltenskodex.;https://de.wikipedia.org/wiki/Schiedsrichter_(Sport)
70;de;Was ist die erste Aktion zu Beginn eines Tennismatches ?;Service;Zerschlagen;Gestohlen;Heben;Newbie;Der Aufschlag muss diagonal getroffen werden, damit der Ball in den Aufschlagplatz fällt.;https://de.wikipedia.org/wiki/Tennis
71;de;Welcher dieser professionellen Tennisspieler ist am meisten alt ?;Andre Agassi;Marat Safin;Rafael Nadal;Roger Federer;Bestätigt;Andre Agassi hat auf der ATP Tour 60 Einzeltitel gewonnen, darunter 8 Grand Slam-Turniere.;https://de.wikipedia.org/wiki/Andre_Agassi
72;de;In welchem Jahr gewann Rafael Nadal seinen ersten Grand Slam ?;2005;2004;2003;2002;Bestätigt;Rafael Nadal wird von vielen Fachleuten als der beste Tonträger in der Geschichte des Tennis angesehen.;https://de.wikipedia.org/wiki/Rafael_Nadal
73;de;Was ist der größte Tennisplatz des Roland-Garros-Stadions ?;Philippe-Chartier;Nummer 1;Suzanne-Lenglen;Der Turm;Bestätigt;Philippe Chartier war an der Spitze des französischen Tennisverbandes und des Internationalen Tennisverbandes.;
74;de;In allen vier Grand-Slam-Turnieren wird jede Runde in wie vielen Gewinnsätzen gespielt ?;Drei;Zwei;Vier;Fünf;Bestätigt;Um den Grand Slam im Tennis zu erreichen, gewinnen im selben Jahr die vier großen Turniere der internationalen Rennstrecke.;https://de.wikipedia.org/wiki/Grand_Slam_(Tennis)
75;de;Wer ist der jüngste Gewinner des Roland Garros-Turniers ?;Michael Chang;Jim Courier;Thomas Muster;Boris Becker;Bestätigt;Das beste ATP-Einzel-Ranking von Michael Chang wurde am 9. September 1996 auf dem zweiten Platz der Welt.;https://de.wikipedia.org/wiki/Michael_Chang
76;de;Wie hoch ist das Spiel beim Tennis, wenn der Server 3 Punkte und der Empfänger 2 Punkte erzielt ?;40-30;30-40;3-2;2-3;Bestätigt;Die möglichen Punkte, um einen Satz zu gewinnen, sind: 6/0, 6/1, 6/2, 6/3, 6/4 und 7/5.;https://de.wikipedia.org/wiki/Tennis
77;de;Welcher dieser Tennisspieler ist seit 1992 in Amerika eingebürgert ?;Ivan Lendl;Boris Becker;John McEnroe;Pete Sampras;Bestätigt;Lendl hat die Geschichte des Tennis durch sein Grundlinienspiel geprägt, das offensiver ist als das seiner Vorgänger.;https://de.wikipedia.org/wiki/Ivan_Lendl
78;de;Wer wurde mit 19 Jahren der jüngste Gewinner des US Open-Turniers ?;Pete Sampras;Andre Agassi;Boris Becker;Roger Federer;Bestätigt;Pete Sampras ist der einzige Spieler der Open-Ära, der sechs Spielzeiten in der Weltrangliste absolviert hat.;https://de.wikipedia.org/wiki/Pete_Sampras
79;de;Welche Ellbogenschmerzen treten bei Tennisspielern häufig auf ?;Tennisbogen;Tennis Schatten;Langbogen Tennis;Tennis middow;Bestätigt;Laut der wissenschaftlichen Literatur dauern die Symptome im Durchschnitt 6 Monate bis 2 Jahre und treten in 26% der Fälle wieder auf.;https://de.wikipedia.org/wiki/Epicondylitis
80;de;In der Mitte muss das Tennisnetz eine Mindesthöhe von wie vielen Zentimetern haben ?;91 cm;101 cm;111 cm;121 cm;Bestätigt;Das Netz sollte dunkel sein und der Netzstreifen weiß mit einer Größe von 10 bis 13 cm.;https://de.wikipedia.org/wiki/Tennis
81;de;Wer war beim Erstellen des ATP-Rankings weltweit die erste Nummer eins ?;Ilie Nastase;Jimmy Connors;Björn Borg;Adriano Panatta;Expert;Auf dem Platz zögerte Ilie Nastase nicht, die Öffentlichkeit zu amüsieren oder den Schiedsrichter verbal anzugreifen.;https://de.wikipedia.org/wiki/Ilie_Nastase
82;de;Wer hält den Rekord für 48 kaputte Schläger in einem Tennismatch ?;Marat Safin;John McEnroe;Lleyton Hewit;Tommy Haas;Expert;Marat Safin ist der einzige russische Spieler mit Ievgueni Kafelnikov, der ein Grand-Slam-Turnier gewonnen hat.;https://de.wikipedia.org/wiki/Marat_Michailowitsch_Safin
83;de;An welcher Krankheit hat Gabriela Sabatini während ihrer Karriere als Tennisspielerin gelitten ?;Anämie;Anorexie;Aplasia;Arthrose;Expert;Sehr früh gewann Gabriela Sabatini insgesamt 27 Einzeltitel, darunter einen Grand Slam-Titel.;https://de.wikipedia.org/wiki/Gabriela_Sabatini
84;de;Welcher südafrikanische Tennisspieler war Steffi Grafs schwarze Bestie ?;Amanda Coetzer;Monica Seles;Christus Evert;Gabriela Sabatini;Expert;Bei den Canada Open eliminierte Amanda Coetzer 1995 die drei besten fünf Spieler: Steffi Graf, Jana Novotna und Mary Pierce.;https://de.wikipedia.org/wiki/Amanda_Coetzer
85;de;Wer ist der letzte Spieler, der Justine Henin in einem offiziellen Turnier besiegt hat ?;Kuznetsova;Dementieva;Safina;Jankovic;Expert;Trotz eines relativen Handicaps in Bezug auf Größe und Gewicht war Justine Henin eine der dominierenden Akteure der Jahre 2003 bis 2008.;https://de.wikipedia.org/wiki/Justine_Henin
86;de;In welchem Jahr wurde Wimbledon, das älteste Tennisturnier der Welt, gegründet ?;1877;1897;1887;1867;Expert;Das Wimbledon-Turnier wird seit seiner Gründung vom All England Lawn Tennis und Croquet Club, einem englischen Sportverein, organisiert.;https://de.wikipedia.org/wiki/Wimbledon_Championships
87;de;Welcher ehemalige Tennisspieler wurde als Terrible bezeichnet ?;Ivan Lendl;John McEnroe;Pete Sampras;Boris Becker;Expert;Das Publikum, besonders das französische, unterstützte den kleinen Ivan Lendl und warf ihm unfreundlich vor.;https://de.wikipedia.org/wiki/Ivan_Lendl
88;de;Welcher Tennisspieler hat 64 Grand-Slam-Titel gewonnen ?;Margaret Court;Steffi Graf;Justine Henin;Christus Evert;Expert;Margaret Court begann dann eine lokale politische Karriere in Westaustralien.;https://de.wikipedia.org/wiki/Margaret_Court
89;de;Mit welcher Schlägerart spielt Roger Federer seit 1998 professionell ?;Wilson;Lacoste;Babolat;Kopf;Expert;Federer spielte 2012 mit dem Wilson Pro Staff Six.One Racket, das sich durch seine kleine Schlagfläche auszeichnet.;https://de.wikipedia.org/wiki/Roger_Federer
90;de;Welcher Tennisspieler hat einen Schiedsrichter unbeabsichtigt durch einen seiner Bälle getötet ?;Stephan Edberg;Mats Wilander;Jimmy Connors;John McEnroe;Expert;Stephan Edberg ist mit John McEnroe einer von nur zwei Spielern, die die Nummer eins bei Singles und bei Männern sind.;https://de.wikipedia.org/wiki/Stefan_Edberg
91;es;¿Qué objeto está en la mano para jugar al tenis, individuales o dobles ?;Una raqueta;Un polo;Un murciélago;Lacrosse;Novato;Las primeras raquetas se usaron alrededor de 1505 para evitar que los nobles que jugaron el juego de la palma se lastimaran las manos.;https://es.wikipedia.org/wiki/Raqueta
92;es;¿Cuál es la nacionalidad de Roger Federer, uno de los mejores tenistas de todos los tiempos ?;Suiza;Belga;Francés;Alemán;Novato;Roger Federer es el único jugador en la historia del tenis que ha ganado cinco torneos de Grand Slam seguidos.;https://es.wikipedia.org/wiki/Roger_Federer
93;es;En el tenis, ¿qué truco poderoso busca para terminar el punto ?;Aplastar;Servicio;Levantar;Revertir;Novato;En el tenis, un jugador hace un gran golpe después de que su oponente le haya ofrecido un lóbulo ofensivo o defensivo.;
94;es;¿Qué tenista francés podemos ver en un anuncio de Kinder Bueno ?;Jo-Wilfried Tsonga;Yannick Noah;Gilles Simon;Gaël Monfils;Novato;El rango más alto en el ranking ATP de Jo-Wilfried Tsonga es un quinto lugar mundial, alcanzado en febrero de 2012.;https://es.wikipedia.org/wiki/Jo-Wilfried_Tsonga
95;es;En el tenis, cuando una pelota rebota en el campo, se dice que es ...;Fuera;Nula;Falso;Blanca;Novato;Cuando la pelota cae en la red, en el lado del jugador que la golpeó, el punto también se otorga al oponente.;https://es.wikipedia.org/wiki/Tenis
96;es;¿Cómo son las hermanas Williams, tenistas profesionales estadounidenses ?;Venus y Serena;Martina y Kimi;Sara y sabrina;Monica y Steffi;Novato;Venus y Serena Williams han sido entrenadas por su padre, Richard Williams.;
97;es;¿Cuál es el color de la pelota utilizada en el tenis ?;Amarillo;Rojo;Verde;Azul;Novato;Cubiertas con fieltro, las pelotas deben ser amarillas o blancas en las competiciones oficiales.;https://es.wikipedia.org/wiki/Tenis
98;es;En el tenis, cuando se juega dobles, ¿qué área del campo se agrega ?;Los pasillos;Las plazas;Las lineas;Los fondos;Novato;Para el juego de dobles, se agregan dos carriles de 1.37 metros, lo que aumenta el ancho de la cancha a 10.97 metros.;https://es.wikipedia.org/wiki/Tenis
99;es;¿Dónde está el árbitro principal en un partido de tenis ?;En una silla;En una caja;Detrás de los jugadores;En frente del público;Novato;El juez de línea vigila el buen funcionamiento del juego, la aplicación de las reglas y el código de buena conducta.;https://es.wikipedia.org/wiki/Árbitro_(deporte)
100;es;¿Cuál es la primera acción tomada al comienzo de un partido de tenis ?;Servicio;Aplastar;Robado;Levantar;Novato;El servicio debe ser golpeado diagonalmente para que la bola caiga en la plaza de servicio.;https://es.wikipedia.org/wiki/Tenis
101;es;¿Cuál de estos tenistas profesionales es el más envejecido ?;Andre Agassi;Marat Safin;Rafael nadal;Roger Federer;Confirmado;Andre Agassi ha ganado 60 títulos individuales en el ATP Tour, incluidos 8 torneos de Grand Slam.;https://es.wikipedia.org/wiki/Andre_Agassi
102;es;¿En qué año ganó Rafael Nadal su primer Grand Slam ?;2005;2004;2003;2002;Confirmado;Rafael Nadal es considerado por muchos especialistas como el mejor jugador de arcilla en la historia del tenis.;https://es.wikipedia.org/wiki/Rafael_Nadal
103;es;¿Cuál es la cancha de tenis más grande del estadio Roland-Garros ?;Philippe-Chartier;Numero 1;Suzanne-Lenglen;La torreta;Confirmado;Philippe Chartier estaba al frente de la Federación Francesa de Tenis y de la Federación Internacional de Tenis.;
104;es;En los cuatro torneos de Grand Slam, cada ronda se juega en cuántos sets ganadores ?;Tres;Dos;Cuatro;Cinco;Confirmado;Lograr el Grand Slam en tenis es ganar, el mismo año, los cuatro torneos principales del circuito internacional.;https://es.wikipedia.org/wiki/Grand_Slam_(tenis)
105;es;Para los hombres, ¿quién es el ganador más joven del torneo de Roland Garros ?;Michael Chang;Jim Courier;Thomas Muster;Boris Becker;Confirmado;El mejor ranking ATP de Michael Chang en individuales fue el segundo del mundo el 9 de septiembre de 1996.;https://es.wikipedia.org/wiki/Michael_Chang
106;es;En tenis, ¿cuál es el puntaje del juego cuando el servidor anota 3 puntos y el receptor 2 ?;40-30;30-40;3-2;2-3;Confirmado;Las puntuaciones posibles para ganar un set son: 6/0, 6/1, 6/2, 6/3, 6/4 y 7/5.;https://es.wikipedia.org/wiki/Tenis
107;es;¿Cuál de estos jugadores de tenis se ha naturalizado en América desde 1992 ?;Ivan Lendl;Boris Becker;John McEnroe;Pete Sampras;Confirmado;Lendl ha marcado la historia del tenis por su juego de base, más ofensivo que los de sus predecesores.;https://es.wikipedia.org/wiki/Ivan_Lendl
108;es;¿Quién se convirtió a los 19 años en el ganador más joven del torneo US Open ?;Pete Sampras;Andre Agassi;Boris Becker;Roger Federer;Confirmado;Pete Sampras es el único jugador de la era Open que ha completado seis temporadas en el ranking mundial.;https://es.wikipedia.org/wiki/Pete_Sampras
109;es;¿Qué dolor de codo es común entre los tenistas ?;Codo de tenista;Sombra de tenis;Longbow Tennis;Middow de tenis;Confirmado;Según la literatura científica, los síntomas durarían en promedio de 6 meses a 2 años y recurrirían en el 26% de los casos.;https://es.wikipedia.org/wiki/Epicondilitis
110;es;En su centro, la red de tenis debe tener una altura mínima de cuántos centímetros ?;91 cm;101 cm;111 cm;121 cm;Confirmado;La red debe ser de color oscuro y la tira de red blanca con un tamaño de 10 a 13 cm.;https://es.wikipedia.org/wiki/Tenis
111;es;¿Quién fue el primer número uno a nivel mundial cuando creó el ranking ATP ?;Ilie Nastase;Jimmy Connors;Björn Borg;Adriano Panatta;Experto;En la cancha, Ilie Nastase no dudó en divertir al público o atacar verbalmente al árbitro.;https://es.wikipedia.org/wiki/Ilie_Nastase
112;es;¿Quién tiene el récord de 48 raquetas rotas en un partido de tenis ?;Marat Safin;John McEnroe;Lleyton Hewit;Tommy Haas;Experto;Marat Safin es el único jugador ruso con Ievgueni Kafelnikov que ha ganado un torneo de Grand Slam.;https://es.wikipedia.org/wiki/Marat_Safin
113;es;¿De qué enfermedad sufrió Gabriela Sabatini durante su carrera como tenista ?;Anemia;Anorexia;Aplasia;Osteoartritis;Experto;Extremadamente temprano, Gabriela Sabatini ganó un total de 27 títulos individuales, incluyendo un título de Grand Slam.;https://es.wikipedia.org/wiki/Gabriela_Sabatini
114;es;¿Qué tenista sudafricano era la bestia negra de Steffi Graf ?;Amanda Coetzer;Monica seles;Cristo Evert;Gabriela sabatini;Experto;En 1995, en el Abierto de Canadá, Amanda Coetzer eliminó a tres de los cinco mejores jugadores: Steffi Graf, Jana Novotna y Mary Pierce.;https://es.wikipedia.org/wiki/Amanda_Coetzer
115;es;¿Quién es el último jugador en vencer a Justine Henin en un torneo oficial ?;Kuznetsova;Dementieva;Safina;Jankovic;Experto;A pesar de una relativa desventaja de tamaño y peso, Justine Henin fue una de las jugadoras dominantes de los años 2003 a 2008.;https://es.wikipedia.org/wiki/Justine_Henin
116;es;¿En qué año se creó Wimbledon, el torneo de tenis más antiguo del mundo ?;1877;1897;1887;1867;Experto;El torneo de Wimbledon es desde sus comienzos organizado por el All England Lawn Tennis and Croquet Club, un club deportivo inglés.;https://es.wikipedia.org/wiki/Campeonato_de_Wimbledon
117;es;¿Qué ex jugador de tenis fue apodado el Terrible ?;Ivan Lendl;John McEnroe;Pete Sampras;Boris Becker;Experto;El público, especialmente el francés, apoyó al pequeño Ivan Lendl, y le reprochó en el lado hostil.;https://es.wikipedia.org/wiki/Ivan_Lendl
118;es;¿Qué tenista ganó 64 títulos de Grand Slam ?;Corte de margarita;Steffi Graf;Justine Henin;Cristo Evert;Experto;Margaret Court se embarcó en una carrera política local en Australia Occidental.;https://es.wikipedia.org/wiki/Margaret_Court
119;es;¿Con qué marca de raqueta juega Roger Federer, profesional desde 1998 ?;Wilson;Lacoste;Babolat;Cabeza;Experto;Federer jugó en 2012 con la raqueta Wilson Pro Staff Six.One, caracterizada por su pequeña superficie llamativa.;https://es.wikipedia.org/wiki/Roger_Federer
120;es;¿Qué jugador de tenis ha provocado involuntariamente la muerte de un árbitro por una de sus pelotas ?;Stephan Edberg;Mats Wilander;Jimmy Connors;John McEnroe;Experto;Stephan Edberg es, junto a John McEnroe, uno de los dos jugadores en ser el número uno en individuales y en individuales masculinos.;https://es.wikipedia.org/wiki/Stefan_Edberg
121;it;Quale oggetto è in mano per giocare a tennis, single o doppio ?;Una racchetta;Un palo;Un pipistrello;Lacrosse;Newbie;Le prime racchette furono usate intorno al 1505 per impedire ai nobili che giocavano il gioco del palmo di ferirsi le mani.;https://it.wikipedia.org/wiki/Racchetta
122;it;Qual è la nazionalità di Roger Federer, uno dei più grandi giocatori di tennis di tutti i tempi ?;Svizzera;Belga;Francese;Tedesco;Newbie;Roger Federer è l'unico giocatore nella storia del tennis ad avere vinto cinque tornei del Grande Slam di fila.;https://it.wikipedia.org/wiki/Roger_Federer
123;it;Nel tennis, quale potente prodezza sembra finire il punto ?;Smash;Servizio;Sollevare;Reverse;Newbie;Nel tennis, un giocatore effettua uno scontro dopo che il suo avversario gli ha offerto un pallonetto offensivo o difensivo.;
124;it;Quale tennista francese possiamo vedere in una pubblicità di Kinder Bueno ?;Jo-Wilfried Tsonga;Yannick Noah;Gilles Simon;Gaël Monfils;Newbie;Il più alto punteggio nella classifica ATP di Jo-Wilfried Tsonga è un quinto posto, raggiunto a febbraio 2012.;https://it.wikipedia.org/wiki/Jo-Wilfried_Tsonga
125;it;Nel tennis, quando una palla rimbalza fuori dal campo, si dice che sia ...;Fuori;Nullo;Falso;Bianca;Newbie;Quando la palla cade nella rete, sul lato del giocatore che colpisce la palla, il punto viene assegnato anche all'avversario.;https://it.wikipedia.org/wiki/Tennis
126;it;Come stanno le sorelle Williams, i giocatori di tennis americani professionisti ?;Venere e Serena;Martina e Kimi;Sarah e Sabrina;Monica e Steffi;Newbie;Venus e Serena Williams sono stati entrambi istruiti dal padre, Richard Williams.;https://it.wikipedia.org/wiki/Sorelle_Williams
127;it;Qual è il colore della palla usata nel tennis ?;Giallo;Rosso;Verde;Blu;Newbie;Rivestiti di feltro, le palle devono essere gialle o bianche nelle competizioni ufficiali.;https://it.wikipedia.org/wiki/Tennis
128;it;Nel tennis, quando si gioca in doppio, quale area del campo viene aggiunta ?;I corridoi;I quadrati;Le linee;I fondi;Newbie;Per la partita di doppio, vengono aggiunte due corsie di 1,37 metri, aumentando così la larghezza del campo a 10,97 metri.;https://it.wikipedia.org/wiki/Tennis
129;it;Dov'è l'arbitro principale in una partita di tennis ?;Su una sedia;In una scatola;Dietro i giocatori;Di fronte al pubblico;Newbie;Il giudice di linea controlla il corretto svolgimento del gioco, l'applicazione delle regole e il codice di buona condotta.;https://it.wikipedia.org/wiki/Arbitro_sportivo
130;it;Qual è la prima azione intrapresa all'inizio di una partita di tennis ?;Servizio;Smash;Rubato;Sollevare;Newbie;Il servizio deve essere barrato diagonalmente in modo che la palla cada nel quadrato di servizio.;https://it.wikipedia.org/wiki/Tennis
131;it;Quale di questi tennisti professionisti è il più anziano ?;Andre Agassi;Marat Safin;Rafael Nadal;Roger Federer;Confermato;Andre Agassi ha vinto 60 titoli di singolare nell'ATP Tour, inclusi 8 tornei del Grande Slam.;https://it.wikipedia.org/wiki/Andre_Agassi
132;it;In quale anno Rafael Nadal ha vinto il suo primo Grand Slam ?;2005;2004;2003;2002;Confermato;Rafael Nadal è considerato da molti specialisti come il miglior giocatore di argilla nella storia del tennis.;https://it.wikipedia.org/wiki/Rafael_Nadal
133;it;Qual è il più grande campo da tennis dello stadio Roland-Garros ?;Philippe-Chartier;Numero 1;Suzanne-Lenglen;La torretta;Confermato;Philippe Chartier era a capo della Federazione francese di tennis e della Federazione internazionale di tennis.;
134;it;In tutti e quattro i tornei del Grande Slam, ogni turno viene giocato in quanti set vincenti ?;Tre;Due;Quattro;Cinque;Confermato;Per raggiungere il Grande Slam nel tennis è quello di vincere, lo stesso anno, i quattro maggiori tornei del circuito internazionale.;https://it.wikipedia.org/wiki/Grande_Slam_(tennis)
135;it;Per gli uomini, chi è il più giovane vincitore del torneo Roland Garros ?;Michael Chang;Jim Courier;Thomas Muster;Boris Becker;Confermato;La migliore classifica ATP di Michael Chang nei singoli è stata la seconda al mondo il 9 settembre 1996.;https://it.wikipedia.org/wiki/Michael_Chang
136;it;Nel tennis, qual è il punteggio del gioco quando il server ottiene 3 punti e il ricevitore 2 ?;40-30;30-40;3-2;2-3;Confermato;I punteggi possibili per vincere un set sono: 6/0, 6/1, 6/2, 6/3, 6/4 e 7/5.;https://it.wikipedia.org/wiki/Tennis
137;it;Quale di questi tennisti è stato naturalizzato in America dal 1992 ?;Ivan Lendl;Boris Becker;John McEnroe;Pete Sampras;Confermato;Lendl ha segnato la storia del tennis con il suo gioco di base, più offensivo di quelli dei suoi predecessori.;https://it.wikipedia.org/wiki/Ivan_Lendl
138;it;Chi è diventato a 19 il più giovane vincitore del torneo US Open ?;Pete Sampras;Andre Agassi;Boris Becker;Roger Federer;Confermato;Pete Sampras è l'unico giocatore dell'era Open ad aver completato sei stagioni nelle classifiche mondiali.;https://it.wikipedia.org/wiki/Pete_Sampras
139;it;Che dolore al gomito è comune tra i giocatori di tennis ?;Gomito del tennista;Ombra del tennis;Tennis con arco lungo;Tennis centrocampo;Confermato;Secondo la letteratura scientifica, i sintomi sarebbero durati in media da 6 mesi a 2 anni e si ripresenterebbero nel 26% dei casi.;https://it.wikipedia.org/wiki/Epicondilite
140;it;Nel suo centro, la rete da tennis deve avere un'altezza minima di quanti centimetri ?;91 cm;101 cm;111 cm;121 cm;Confermato;La rete dovrebbe essere di colore scuro e la striscia di rete bianca con una dimensione da 10 a 13 cm.;https://it.wikipedia.org/wiki/Tennis
141;it;Chi è stato il primo numero uno al mondo nel creare il ranking ATP ?;Ilie Nastase;Jimmy Connors;Björn Borg;Adriano Panatta;Expert;Sul campo, Ilie Nastase non ha esitato a divertire il pubblico o ad attaccare verbalmente l'arbitro.;https://it.wikipedia.org/wiki/Ilie_Nastase
142;it;Chi detiene il record di 48 racchette spezzate in una partita di tennis ?;Marat Safin;John McEnroe;Lleyton Hewit;Tommy Haas;Expert;Marat Safin è l'unico giocatore russo con Ievgueni Kafelnikov ad aver vinto un torneo del Grande Slam.;https://it.wikipedia.org/wiki/Marat_Safin
143;it;Di quale malattia ha sofferto Gabriela Sabatini durante la sua carriera da tennista ?;Anemia;Anoressia;Aplasia;Osteoartrite;Expert;Estremamente precoce, Gabriela Sabatini ha vinto un totale di 27 titoli tra cui un titolo del Grande Slam.;https://it.wikipedia.org/wiki/Gabriela_Sabatini
144;it;Quale tennista sudafricana era la bestia nera di Steffi Graf ?;Amanda Coetzer;Monica Seles;Cristo Evert;Gabriela Sabatini;Expert;Nel 1995 al Canada Open, Amanda Coetzer ha eliminato tre primi cinque giocatori: Steffi Graf, Jana Novotna e Mary Pierce.;https://it.wikipedia.org/wiki/Amanda_Coetzer
145;it;Chi è l'ultimo giocatore a battere Justine Henin in un torneo ufficiale ?;Kuznetsova;Dementieva;Safina;Jankovic;Expert;Nonostante un relativo handicap di dimensioni e peso, Justine Henin è stata una delle protagoniste degli anni dal 2003 al 2008.;https://it.wikipedia.org/wiki/Justine_Henin
146;it;In quale anno era Wimbledon, il più antico torneo di tennis del mondo creato ?;1877;1897;1887;1867;Expert;Il torneo di Wimbledon è sin dai suoi inizi organizzato da All England Lawn Tennis e Croquet Club, un club sportivo inglese.;https://it.wikipedia.org/wiki/Torneo_di_Wimbledon
147;it;Quale ex tennista è stato soprannominato il Terribile ?;Ivan Lendl;John McEnroe;Pete Sampras;Boris Becker;Expert;Il pubblico, in particolare il francese, sosteneva il piccolo Ivan Lendl, rimproverandolo ostile.;https://it.wikipedia.org/wiki/Ivan_Lendl
148;it;Quale tennista ha vinto 64 titoli del Grande Slam ?;Margaret Court;Steffi Graf;Justine Henin;Cristo Evert;Expert;Margaret Court ha quindi intrapreso una carriera politica locale nell'Australia occidentale.;https://it.wikipedia.org/wiki/Margaret_Smith_Court
149;it;Con quale marca di racchetta gioca Roger Federer, professionista dal 1998 ?;Wilson;Lacoste;Babolat;Testa;Expert;Federer ha giocato nel 2012 con la racchetta Wilson Pro Staff Six.One, caratterizzata dalla sua piccola superficie sorprendente.;https://it.wikipedia.org/wiki/Roger_Federer
150;it;Quale tennista ha involontariamente causato la morte di un arbitro da una delle sue palle ?;Stephan Edberg;Mats Wilander;Jimmy Connors;John McEnroe;Expert;Stephan Edberg è con John McEnroe uno dei soli due giocatori ad essere il numero uno in singolare e singolo maschile.;https://it.wikipedia.org/wiki/Stefan_Edberg
151;nl;Met welk voorwerp speel je tennis, singles of doubles ?;Een racket;Een paal;Een knuppel;Lacrosse;Newbie;De eerste rackets werden rond 1505 gebruikt om te voorkomen dat de edelen die het spel van de palm speelden, hun handen bezeerden.;https://nl.wikipedia.org/wiki/Racket
152;nl;Wat is de nationaliteit van Roger Federer, een van de beste tennissers aller tijden ?;Zwitserland;Belgisch;Frans;Duits;Newbie;Roger Federer is de enige speler in de tennisgeschiedenis die vijf Grand Slam-toernooien op rij heeft gewonnen.;https://nl.wikipedia.org/wiki/Roger_Federer
153;nl;Wat voor tennis ziet er in tennis eruit om het punt af te maken ?;Smash;Service;Lift;Achteruit;Newbie;Bij tennis maakt een speler een slag nadat zijn tegenstander hem een aanvallende of verdedigende lob heeft aangeboden.;https://nl.wikipedia.org/wiki/Smash (term)
154;nl;Welke Franse tennisser zien we in een advertentie van Kinder Bueno ?;Jo-Wilfried Tsonga;Yannick Noah;Gilles Simon;Gaël Monfils;Newbie;De hoogste rang in de ATP-ranglijst van Jo-Wilfried Tsonga is een vijfde wereld, bereikt in februari 2012.;https://nl.wikipedia.org/wiki/Jo-Wilfried_Tsonga
155;nl;In tennis, wanneer een bal van het veld afwaait, wordt gezegd dat het ...;Uit;Nietig;Vals;Wit;Newbie;Wanneer de bal in het net valt, aan de kant van de speler die de bal sloeg, wordt het punt ook toegekend aan de tegenstander.;https://nl.wikipedia.org/wiki/Tennis
156;nl;Hoe zijn Williams-zussen, professionele Amerikaanse tennisspelers ?;Venus en Serena;Martina en Kimi;Sarah en Sabrina;Monica en Steffi;Newbie;Venus en Serena Williams zijn beiden gecoacht door hun vader, Richard Williams.;
157;nl;Welke kleur heeft de bal bij tennis ?;Geel;Rood;Groen;Blauw;Newbie;Bekleed met vilt, ballen moeten geel of wit zijn in officiële wedstrijden.;https://nl.wikipedia.org/wiki/Tennis
158;nl;In tennis, bij dubbelspel, welk gebied van het veld wordt toegevoegd ?;De gangen;De vierkanten;De lijnen;Het geld;Newbie;Voor het dubbelspel worden twee banen van 1,37 meter toegevoegd, waardoor de breedte van de baan wordt verhoogd tot 10,97 meter.;https://nl.wikipedia.org/wiki/Tennis
159;nl;Waar is de hoofdscheidsrechter in een tenniswedstrijd ?;Op een stoel;In een doos;Achter de spelers;Voor het publiek;Newbie;De lijnrechter waakt over de goede werking van het spel, de toepassing van de regels en de code van goed gedrag.;https://nl.wikipedia.org/wiki/Scheidsrechter
160;nl;Wat is de eerste actie aan het begin van een tenniswedstrijd ?;Service;Smash;Gestolen;Lift;Newbie;De service moet diagonaal worden geschoten, zodat de bal op het servicevierkant valt.;https://nl.wikipedia.org/wiki/Tennis
161;nl;Welke van deze professionele tennisspelers is het meest oud ?;Andre Agassi;Marat Safin;Rafael Nadal;Roger Federer;Bevestigd;Andre Agassi heeft 60 singles-titels gewonnen in de ATP Tour, waaronder 8 Grand Slam-toernooien.;https://nl.wikipedia.org/wiki/Andre_Agassi
162;nl;In welk jaar won Rafael Nadal zijn eerste Grand Slam ?;2005;2004;2003;2002;Bevestigd;Rafael Nadal wordt door veel specialisten beschouwd als de beste kleiperspeler in de tennisgeschiedenis.;https://nl.wikipedia.org/wiki/Rafael_Nadal
163;nl;Wat is de grootste tennisbaan van het Roland-Garros-stadion ?;Philippe-Chartier;Nummer 1;Suzanne-Lenglen;The Turret;Bevestigd;Philippe Chartier stond aan het hoofd van de Franse tennisfederatie en de internationale tennisfederatie.;
164;nl;In alle vier Grand Slam-toernooien wordt elke ronde gespeeld in hoeveel winnende sets ?;Drie;Twee;Vier;Vijf;Bevestigd;Om de Grand Slam in tennis te behalen, moet je in hetzelfde jaar de vier grote toernooien van het internationale circuit winnen.;https://nl.wikipedia.org/wiki/Grandslamtoernooi
165;nl;Voor mannen, wie is de jongste winnaar van het Roland Garros-toernooi ?;Michael Chang;Jim Courier;Thomas Muster;Boris Becker;Bevestigd;De beste ATP-ranking van Michael Chang in singles was tweede op de wereld op 9 september 1996.;https://nl.wikipedia.org/wiki/Michael_Chang
166;nl;Wat is in tennis de score van het spel wanneer de server 3 punten scoort en de ontvanger 2 ?;40-30;30-40;3-2;2-3;Bevestigd;De mogelijke scores om een set te winnen zijn: 6/0, 6/1, 6/2, 6/3, 6/4 en 7/5.;https://nl.wikipedia.org/wiki/Tennis
167;nl;Welke van deze tennissers is sinds 1992 genaturaliseerd in Amerika ?;Ivan Lendl;Boris Becker;John McEnroe;Pete Sampras;Bevestigd;Lendl heeft de geschiedenis van tennis gemarkeerd door zijn basisspel, meer beledigend dan die van zijn voorgangers.;https://nl.wikipedia.org/wiki/Ivan_Lendl
168;nl;Wie werd 19 jaar de jongste winnaar van het US Open-toernooi ?;Pete Sampras;Andre Agassi;Boris Becker;Roger Federer;Bevestigd;Pete Sampras is de enige speler van het Open-tijdperk die zes seizoenen op de wereldranglijst heeft voltooid.;https://nl.wikipedia.org/wiki/Pete_Sampras
169;nl;Welke elleboogpijn is bij tennisers gebruikelijk ?;Tenniselleboog;Tennis schaduw;Longbow Tennis;Tennis tussow;Bevestigd;Volgens de wetenschappelijke literatuur zouden de symptomen gemiddeld 6 maanden tot 2 jaar duren en in 26% van de gevallen terugkeren.;https://nl.wikipedia.org/wiki/Epicondylitis_lateralis
170;nl;In het midden moet het tennisnet een minimale hoogte van hoeveel centimeters hebben ?;91 cm;101 cm;111 cm;121 cm;Bevestigd;Het net moet donker van kleur zijn en de strook net wit met een grootte van 10 tot 13 cm.;https://nl.wikipedia.org/wiki/Tennis
171;nl;Wie was de eerste nummer één van de wereld toen hij de ATP-ranglijst maakte ?;Ilie Nastase;Jimmy Connors;Björn Borg;Adriano Panatta;Expert;Op het veld aarzelde Ilie Nastase niet om het publiek te amuseren of de scheidsrechter verbaal aan te vallen.;https://nl.wikipedia.org/wiki/Ilie_Nastase
172;nl;Wie houdt het record voor 48 kapotte rackets in een tenniswedstrijd ?;Marat Safin;John McEnroe;Lleyton Hewit;Tommy Haas;Expert;Marat Safin is de enige Russische speler met Ievgueni Kafelnikov die een Grand Slam-toernooi heeft gewonnen.;https://nl.wikipedia.org/wiki/Marat_Safin
173;nl;Welke ziekte had Gabriela Sabatini tijdens haar carrière als tennisser ?;Bloedarmoede;Anorexia;Aplasia;Artrose;Expert;Extreem vroeg won Gabriela Sabatini in totaal 27 singles-titels waaronder een Grand Slam-titel.;https://nl.wikipedia.org/wiki/Gabriela_Sabatini
174;nl;Welke Zuid-Afrikaanse tennisser was het zwarte beest van Steffi Graf ?;Amanda Coetzer;Monica Seles;Christus Evert;Gabriela Sabatini;Expert;In 1995 bij de Canada Open elimineerde Amanda Coetzer drie top vijf spelers: Steffi Graf, Jana Novotna en Mary Pierce.;https://nl.wikipedia.org/wiki/Amanda_Coetzer
175;nl;Wie is de laatste speler die Justine Henin verslaat in een officieel toernooi ?;Kuznetsova;Dementieva;Safina;Jankovic;Expert;Ondanks een relatieve handicap van grootte en gewicht, was Justine Henin een van de dominante spelers van de jaren 2003 tot 2008.;https://nl.wikipedia.org/wiki/Justine_Henin
176;nl;In welk jaar was Wimbledon het oudste tennistoernooi ter wereld ?;1877;1897;1887;1867;Expert;Het Wimbledon-toernooi wordt sinds het begin georganiseerd door de All England Lawn Tennis en Croquet Club, een Engelse sportclub.;https://nl.wikipedia.org/wiki/Wimbledon_(tennistoernooi)
177;nl;Welke voormalige tennisser heette de Terrible ?;Ivan Lendl;John McEnroe;Pete Sampras;Boris Becker;Expert;Het publiek, met name het Frans, steunde de kleine Ivan Lendl, die hem aan de zijkant onvriendelijk beschuldigde.;https://nl.wikipedia.org/wiki/Ivan_Lendl
178;nl;Welke tennisser heeft 64 Grand Slam-titels gewonnen ?;Margaret Court;Steffi Graf;Justine Henin;Christus Evert;Expert;Margaret Court begon toen aan een lokale politieke carrière in West-Australië.;https://nl.wikipedia.org/wiki/Margaret_Smith-Court
179;nl;Met welk merk racket speelt Roger Federer, professioneel sinds 1998 ?;Wilson;Lacoste;Babolat;Hoofd;Expert;Federer speelde in 2012 met het Wilson Pro Staff Six. One racket, gekenmerkt door zijn kleine slagvlak.;https://nl.wikipedia.org/wiki/Roger_Federer
180;nl;Welke tennisser heeft onbedoeld de dood van een scheidsrechter veroorzaakt door een van zijn ballen ?;Stephan Edberg;Mats Wilander;Jimmy Connors;John McEnroe;Expert;Stephan Edberg is met John McEnroe een van de slechts twee spelers die nummer één zijn in singles en heren singles.;https://nl.wikipedia.org/wiki/Stefan_Edberg