<?xml version="1.0" encoding="UTF-8" standalone="yes" &#63;>
<quizz fournisseur="OpenQuizzDB : Fournisseur de contenu libre"
       url="https://www.openquizzdb.org"
       rédacteur="Philippe Bresoux"
       thème="Arbres fruitiers (Du verger aux petits arbres d'ornement)"
       difficulté="4 / 5">
  <débutant>
    <contenu id="1">
      <question>De quoi est issu le fruit qui pousse dans la plupart de nos arbres fruitiers ?</question>
      <propositions>
        <proposition id="1-1">Une feuille</proposition>
        <proposition id="1-2">Une fleur</proposition>
        <proposition id="1-3">Une racine</proposition>
        <proposition id="1-4">Une branche</proposition>
      </propositions>
      <réponse proposition="1-2">Une fleur</réponse>
      <anecdote>Cependant, tous les fruits consommés par l'homme ne sont pas exclusivement produits par des arbres.</anecdote>
    </contenu>
    <contenu id="2">
      <question>Quel espace de terrain est dévolu à la culture d'arbres fruitiers ?</question>
      <propositions>
        <proposition id="2-1">Verger</proposition>
        <proposition id="2-2">Potager</proposition>
        <proposition id="2-3">Jardinière</proposition>
        <proposition id="2-4">Friche</proposition>
      </propositions>
      <réponse proposition="2-1">Verger</réponse>
      <anecdote>Il existe différents types de vergers : les vergers conservatoires, les prés-vergers, les vergers commerciaux et de jardin potager.</anecdote>
    </contenu>
    <contenu id="3">
      <question>Quels fruits possèdent une teneur en eau réduite, leur permettant une plus longue conservation ?</question>
      <propositions>
        <proposition id="3-1">Fruits rouges</proposition>
        <proposition id="3-2">Fruits tempérés</proposition>
        <proposition id="3-3">Fruits AOC</proposition>
        <proposition id="3-4">Fruits secs</proposition>
      </propositions>
      <réponse proposition="3-4">Fruits secs</réponse>
      <anecdote>Les fruits secs peuvent se consommer tels quels ou s'incorporer à des recettes de cuisine, spécialement des recettes de pâtisserie.</anecdote>
    </contenu>
    <contenu id="4">
      <question>Quel arbre fruitier est utilisé pour ses qualités ornementales en Chine et au Japon ?</question>
      <propositions>
        <proposition id="4-1">Cerisier</proposition>
        <proposition id="4-2">Grenadier</proposition>
        <proposition id="4-3">Châtaignier</proposition>
        <proposition id="4-4">Pêcher</proposition>
      </propositions>
      <réponse proposition="4-1">Cerisier</réponse>
      <anecdote>Les cerisiers ornementaux sont aussi cultivés ailleurs dans le monde comme plantation d'alignement le long des rues.</anecdote>
    </contenu>
    <contenu id="5">
      <question>Lequel de ces arbres peut donner un fruit à la peau duveteuse ou lisse ?</question>
      <propositions>
        <proposition id="5-1">Citronnier</proposition>
        <proposition id="5-2">Pêcher</proposition>
        <proposition id="5-3">Poirier</proposition>
        <proposition id="5-4">Cerisier</proposition>
      </propositions>
      <réponse proposition="5-2">Pêcher</réponse>
      <anecdote>On peut classer les pêchers en quatre groupes : peau veloutée, peau lisse, noyau adhérant à la chair ou se détachant librement.</anecdote>
    </contenu>
    <contenu id="6">
      <question>Quel arbre est particulièrement apprécié des écureuils pour les fruits qu'il produit ?</question>
      <propositions>
        <proposition id="6-1">Noisetier</proposition>
        <proposition id="6-2">Manguier</proposition>
        <proposition id="6-3">Cerisier</proposition>
        <proposition id="6-4">Cocotier</proposition>
      </propositions>
      <réponse proposition="6-1">Noisetier</réponse>
      <anecdote>Le noisetier serait une des rares espèces de l'ère secondaire (-70 millions d'années) à avoir survécu jusqu'à nos jours.</anecdote>
    </contenu>
    <contenu id="7">
      <question>De quel arbre connaît-on à ce jour plus de 20 000 variétés de fruits ?</question>
      <propositions>
        <proposition id="7-1">Pommier</proposition>
        <proposition id="7-2">Poirier</proposition>
        <proposition id="7-3">Cerisier</proposition>
        <proposition id="7-4">Pêcher</proposition>
      </propositions>
      <réponse proposition="7-1">Pommier</réponse>
      <anecdote>Les espèces cultivées uniquement à titre ornemental sont souvent appelées de manière générique « pommier à fleurs ».</anecdote>
    </contenu>
    <contenu id="8">
      <question>Quel arbre fruitier produit la reine-claude ou encore la mirabelle de Nancy ?</question>
      <propositions>
        <proposition id="8-1">Cognassier</proposition>
        <proposition id="8-2">Châtaignier</proposition>
        <proposition id="8-3">Cerisier</proposition>
        <proposition id="8-4">Prunier</proposition>
      </propositions>
      <réponse proposition="8-4">Prunier</réponse>
      <anecdote>La reine-claude a été « créée » en France à la suite de la découverte d'une prune verte sur un arbre importé d'Asie.</anecdote>
    </contenu>
    <contenu id="9">
      <question>Quel fruit se mange en dragée, en massepain ou déguisé dans la frangipane ?</question>
      <propositions>
        <proposition id="9-1">Cerise</proposition>
        <proposition id="9-2">Amande</proposition>
        <proposition id="9-3">Mûre</proposition>
        <proposition id="9-4">Noisette</proposition>
      </propositions>
      <réponse proposition="9-2">Amande</réponse>
      <anecdote>L'amande est un fruit à coque ressemblant à une petite pêche verte dont la chair reste mince, dure et sèche.</anecdote>
    </contenu>
    <contenu id="10">
      <question>Quel petit arbre fruitier est cultivé dans les régions méditerranéennes et subtropicales ?</question>
      <propositions>
        <proposition id="10-1">Châtaignier</proposition>
        <proposition id="10-2">Pêcher</proposition>
        <proposition id="10-3">Cerisier</proposition>
        <proposition id="10-4">Citronnier</proposition>
      </propositions>
      <réponse proposition="10-4">Citronnier</réponse>
      <anecdote>En France, la culture du citronnier est principalement cantonnée à la Côte d'Azur (région de Menton) et à la Corse.</anecdote>
    </contenu>
  </débutant>
  <confirmé>
    <contenu id="11">
      <question>Quel arbre propose un fruit renfermé dans une bogue ?</question>
      <propositions>
        <proposition id="11-1">Cerisier</proposition>
        <proposition id="11-2">Prunier</proposition>
        <proposition id="11-3">Noisetier</proposition>
        <proposition id="11-4">Châtaignier</proposition>
      </propositions>
      <réponse proposition="11-4">Châtaignier</réponse>
      <anecdote>Une fois la châtaigne ramassée, le séchoir à châtaignes permettra son séchage à des fins de conservation.</anecdote>
    </contenu>
    <contenu id="12">
      <question>Quelle branche de l'arboriculture est spécialisée dans la culture des arbres fruitiers ?</question>
      <propositions>
        <proposition id="12-1">Floriculture</proposition>
        <proposition id="12-2">Fruviculture</proposition>
        <proposition id="12-3">Graniculture</proposition>
        <proposition id="12-4">Fruiticulture</proposition>
      </propositions>
      <réponse proposition="12-4">Fruiticulture</réponse>
      <anecdote>Au Moyen Âge, les monastères possédaient un verger planté d'arbres  fruitiers sous lesquels les moines étaient ensevelis.</anecdote>
    </contenu>
    <contenu id="13">
      <question>Quelle catégorie de fruits le sorbier permet-il de récolter ?</question>
      <propositions>
        <proposition id="13-1">Secs</proposition>
        <proposition id="13-2">Tempérés</proposition>
        <proposition id="13-3">Forestiers</proposition>
        <proposition id="13-4">Charnus</proposition>
      </propositions>
      <réponse proposition="13-3">Forestiers</réponse>
      <anecdote>Les sorbiers et les alisiers sont des arbustes ou des arbres qui croissent notamment dans les forêts collinéennes et montagnardes.</anecdote>
    </contenu>
    <contenu id="14">
      <question>Quels insectes attaquent principalement les feuilles des arbres fruitiers ?</question>
      <propositions>
        <proposition id="14-1">Scolytes</proposition>
        <proposition id="14-2">Termites</proposition>
        <proposition id="14-3">Criquets</proposition>
        <proposition id="14-4">Pucerons</proposition>
      </propositions>
      <réponse proposition="14-4">Pucerons</réponse>
      <anecdote>L'une des espèces ravageuses les plus connues est le phylloxéra, qui a atteint la quasi-totalité du vignoble français au XIXe siècle.</anecdote>
    </contenu>
    <contenu id="15">
      <question>Quel oiseau est souvent considéré comme ravageur pour les fruits poussant sur nos arbres ?</question>
      <propositions>
        <proposition id="15-1">Buse</proposition>
        <proposition id="15-2">Merle</proposition>
        <proposition id="15-3">Colibri</proposition>
        <proposition id="15-4">Perruche</proposition>
      </propositions>
      <réponse proposition="15-2">Merle</réponse>
      <anecdote>En plus des fruits de nos arbres, les merles se nourrissent aussi d'insectes, de vers et de divers autres petits animaux.</anecdote>
    </contenu>
    <contenu id="16">
      <question>Quel oiseau est réputé pour souvent détruire les bourgeons des arbres fruitiers ?</question>
      <propositions>
        <proposition id="16-1">Coucou</proposition>
        <proposition id="16-2">Héron</proposition>
        <proposition id="16-3">Hibou</proposition>
        <proposition id="16-4">Mésange</proposition>
      </propositions>
      <réponse proposition="16-4">Mésange</réponse>
      <anecdote>Dans nos contrées, les mésanges nichent dans des trous d'arbres, mais utilisent souvent les nichoirs dans les jardins.</anecdote>
    </contenu>
    <contenu id="17">
      <question>Quel arbre propose une drupe comestible à peau veloutée, de couleur jaune orangé ?</question>
      <propositions>
        <proposition id="17-1">Abricotier</proposition>
        <proposition id="17-2">Goyavier</proposition>
        <proposition id="17-3">Cerisier</proposition>
        <proposition id="17-4">Tamarinier</proposition>
      </propositions>
      <réponse proposition="17-1">Abricotier</réponse>
      <anecdote>L'abricotier est une espèce vigoureuse : il peut atteindre plus de six mètres de hauteur en situation naturelle favorable.</anecdote>
    </contenu>
    <contenu id="18">
      <question>Quelle opération botanique consiste à multiplier la production des arbres fruitiers ?</question>
      <propositions>
        <proposition id="18-1">Pollinisation</proposition>
        <proposition id="18-2">Greffe</proposition>
        <proposition id="18-3">Germination</proposition>
        <proposition id="18-4">Bouturage</proposition>
      </propositions>
      <réponse proposition="18-2">Greffe</réponse>
      <anecdote>Le greffage est une opération qui consiste à implanter dans les tissus d'une plante un bourgeon ou un fragment quelconque.</anecdote>
    </contenu>
    <contenu id="19">
      <question>Quel arbre fruitier, dont le bois est utilisé pour les charpentes, a pour nom latin « Castanea » ?</question>
      <propositions>
        <proposition id="19-1">Pommier</proposition>
        <proposition id="19-2">Châtaignier</proposition>
        <proposition id="19-3">Noisetier</proposition>
        <proposition id="19-4">Mûrier</proposition>
      </propositions>
      <réponse proposition="19-2">Châtaignier</réponse>
      <anecdote>Dans la bogue, qui est une sorte de boîte ronde et épineuse, se trouve le fruit : la châtaigne.</anecdote>
    </contenu>
    <contenu id="20">
      <question>Quelle partie extérieure à la coque est spécifique à la noix ?</question>
      <propositions>
        <proposition id="20-1">Brou</proposition>
        <proposition id="20-2">Cramoisi</proposition>
        <proposition id="20-3">Carmin</proposition>
        <proposition id="20-4">Pourpre</proposition>
      </propositions>
      <réponse proposition="20-1">Brou</réponse>
      <anecdote>La partie charnue autour de la coquille émet un jus qui tache, utilisé en teinturerie : le brou de noix.</anecdote>
    </contenu>
  </confirmé>
  <expert>
    <contenu id="21">
      <question>Comment appelle-t-on un arbre fruitier dont le tronc mesure plus de 1.60 m de hauteur ? </question>
      <propositions>
        <proposition id="21-1">Caudex</proposition>
        <proposition id="21-2">Haute-tige</proposition>
        <proposition id="21-3">Mégaphylle</proposition>
        <proposition id="21-4">Rhizome</proposition>
      </propositions>
      <réponse proposition="21-2">Haute-tige</réponse>
      <anecdote>La culture en haute-tige, utilisée en pré-verger, se raréfie au profit des monocultures de vergers basse-tiges.</anecdote>
    </contenu>
    <contenu id="22">
      <question>Quel arbre fruitier de la famille des Bétulacées est aussi appelé « coudrier » ?</question>
      <propositions>
        <proposition id="22-1">Poirier</proposition>
        <proposition id="22-2">Noisetier</proposition>
        <proposition id="22-3">Bananier</proposition>
        <proposition id="22-4">Mûrier</proposition>
      </propositions>
      <réponse proposition="22-2">Noisetier</réponse>
      <anecdote>Le noisetier intéresse beaucoup les trufficulteurs car il peut vivre en symbiose avec la truffe et il enrichit les truffières.</anecdote>
    </contenu>
    <contenu id="23">
      <question>Quels insectes ravageurs se nourrissent de la sève des arbres fruitiers ?</question>
      <propositions>
        <proposition id="23-1">Mineuses</proposition>
        <proposition id="23-2">Bruches</proposition>
        <proposition id="23-3">Teignes</proposition>
        <proposition id="23-4">Scolytes</proposition>
      </propositions>
      <réponse proposition="23-4">Scolytes</réponse>
      <anecdote>Le scolyte ne peut directement digérer le bois en raison de la présence de lignine et de cellulose.</anecdote>
    </contenu>
    <contenu id="24">
      <question>Laquelle de ces propositions ne désigne pas une taille utilisée pour les arbres fruitiers ?</question>
      <propositions>
        <proposition id="24-1">Cordon</proposition>
        <proposition id="24-2">Enveloppe</proposition>
        <proposition id="24-3">Plein vent</proposition>
        <proposition id="24-4">Fuseau</proposition>
      </propositions>
      <réponse proposition="24-2">Enveloppe</réponse>
      <anecdote>Une taille de forme particulière permet d'améliorer considérablement la fructification en optimisant l'exposition à la lumière.</anecdote>
    </contenu>
    <contenu id="25">
      <question>Dans nos contrées, quel est le premier arbre fruitier à fleurir à la fin de l'hiver ?</question>
      <propositions>
        <proposition id="25-1">Noyer</proposition>
        <proposition id="25-2">Poirier</proposition>
        <proposition id="25-3">Pommier</proposition>
        <proposition id="25-4">Amandier</proposition>
      </propositions>
      <réponse proposition="25-4">Amandier</réponse>
      <anecdote>L'amandier, avec ses fleurs d'un blanc rosé, est un des symboles de l'amour et de la virginité.</anecdote>
    </contenu>
    <contenu id="26">
      <question>Quel arbre fruitier doit son nom à une ville espagnole ?</question>
      <propositions>
        <proposition id="26-1">Grenadier</proposition>
        <proposition id="26-2">Figuier</proposition>
        <proposition id="26-3">Bergamotier</proposition>
        <proposition id="26-4">Noyer</proposition>
      </propositions>
      <réponse proposition="26-1">Grenadier</réponse>
      <anecdote>Le grenadier peut vivre jusqu'à 200 ans mais reste le plus productif en fruits seulement dans ses vingt premières années.</anecdote>
    </contenu>
    <contenu id="27">
      <question>Quel arbre fruitier est l'unique représentant du genre Cydonia ?</question>
      <propositions>
        <proposition id="27-1">Pêcher</proposition>
        <proposition id="27-2">Cognassier</proposition>
        <proposition id="27-3">Cerisier</proposition>
        <proposition id="27-4">Châtaignier</proposition>
      </propositions>
      <réponse proposition="27-2">Cognassier</réponse>
      <anecdote>Les fruits du cognassier, du genre Cydonia, sont des coings appelés aussi « pommes d'or » ou « poires de Cydonie ».</anecdote>
    </contenu>
    <contenu id="28">
      <question>Lequel de ces arbres propose un fruit proche cousin du pommier et du poirier ?</question>
      <propositions>
        <proposition id="28-1">Jujubier</proposition>
        <proposition id="28-2">Manguier</proposition>
        <proposition id="28-3">Cocotier</proposition>
        <proposition id="28-4">Cognassier</proposition>
      </propositions>
      <réponse proposition="28-4">Cognassier</réponse>
      <anecdote>La plupart des variétés perdent leur voile cotonneux avant la fin de l'automne, lorsque le fruit devient jaune doré à maturité.</anecdote>
    </contenu>
    <contenu id="29">
      <question>Quel fruit possède la plus forte charge symbolique dans le monde chinois ?</question>
      <propositions>
        <proposition id="29-1">Pêche</proposition>
        <proposition id="29-2">Poire</proposition>
        <proposition id="29-3">Citron</proposition>
        <proposition id="29-4">Pomme</proposition>
      </propositions>
      <réponse proposition="29-1">Pêche</réponse>
      <anecdote>La région de Fenghua, en Chine continentale, est réputée pour ses pêches et en particulier pour la pêche juteuse au miel.</anecdote>
    </contenu>
    <contenu id="30">
      <question>Quel arbre fruitier, composé environ d'une dizaine d'espèces, peut être blanc ou noir ?</question>
      <propositions>
        <proposition id="30-1">Figuier</proposition>
        <proposition id="30-2">Mûrier</proposition>
        <proposition id="30-3">Bergamotier</proposition>
        <proposition id="30-4">Noyer</proposition>
      </propositions>
      <réponse proposition="30-2">Mûrier</réponse>
      <anecdote>Il ne faut pas confondre les mûriers avec les ronces, plantes ligneuses de la famille des Rosacées.</anecdote>
    </contenu>
  </expert>
</quizz>