<?xml version="1.0" encoding="UTF-8" standalone="yes" ?>
<quizz fournisseur="OpenQuizzDB : Fournisseur de contenu libre"
       url="http://www.openquizzdb.org"
       rédacteur="Philippe Bresoux"
       thème="Trouvez le nombre"
       difficulté="2">
  <débutant>
    <contenu id="1">
      <question>Combien de personnes forment le groupe humoristique français Les Inconnus ?</question>
      <propositions>
        <proposition id="1-1">4</proposition>
        <proposition id="1-2">3</proposition>
        <proposition id="1-3">6</proposition>
        <proposition id="1-4">5</proposition>
      </propositions>
      <réponse proposition="1-2">3</réponse>
      <anecdote>Ils étaient initialement cinq, avec Smaïn et Seymour Brussel qui quitteront le groupe après un an.</anecdote>
    </contenu>
    <contenu id="2">
      <question>Au Scrabble, combien de points valent les lettres K, W, X, Y et Z ?</question>
      <propositions>
        <proposition id="2-1">12</proposition>
        <proposition id="2-2">8</proposition>
        <proposition id="2-3">6</proposition>
        <proposition id="2-4">10</proposition>
      </propositions>
      <réponse proposition="2-4">10</réponse>
      <anecdote>Il existe trois championnats du monde de Scrabble : anglophone, francophone et hispanophone.</anecdote>
    </contenu>
    <contenu id="3">
      <question>Complétez ce titre de roman écrit par Ray Bradbury : 'Fahrenheit'...</question>
      <propositions>
        <proposition id="3-1">451</proposition>
        <proposition id="3-2">241</proposition>
        <proposition id="3-3">421</proposition>
        <proposition id="3-4">154</proposition>
      </propositions>
      <réponse proposition="3-1">451</réponse>
      <anecdote>Le titre fait référence au point d'auto-inflammation, en degrés Fahrenheit, du papier.</anecdote>
    </contenu>
    <contenu id="4">
      <question>Quel était le numéro de maillot que portait Michel Platini et Zinédine Zidane en équipe de France ?</question>
      <propositions>
        <proposition id="4-1">9</proposition>
        <proposition id="4-2">10</proposition>
        <proposition id="4-3">8</proposition>
        <proposition id="4-4">11</proposition>
      </propositions>
      <réponse proposition="4-2">10</réponse>
      <anecdote>Lors de l'Euro 1984, Michel Platini a établi un record de neuf buts marqués durant ce seul tournoi.</anecdote>
    </contenu>
    <contenu id="5">
      <question>Traditionnellement, combien y a-t-il de pieds à une table de cuisine ?</question>
      <propositions>
        <proposition id="5-1">5</proposition>
        <proposition id="5-2">3</proposition>
        <proposition id="5-3">6</proposition>
        <proposition id="5-4">4</proposition>
      </propositions>
      <réponse proposition="5-4">4</réponse>
      <anecdote>Initialement destinées à l'usage domestique, les tables ont aujourd'hui pénétré le monde industriel.</anecdote>
    </contenu>
    <contenu id="6">
      <question>Au théâtre, combien de coups sont frappés avec un bâton avant le lever du rideau ?</question>
      <propositions>
        <proposition id="6-1">5</proposition>
        <proposition id="6-2">6</proposition>
        <proposition id="6-3">4</proposition>
        <proposition id="6-4">3</proposition>
      </propositions>
      <réponse proposition="6-4">3</réponse>
      <anecdote>Au théâtre, les trois coups sont frappés avec un bâton appelé « brigadier » sur le plancher de la scène.</anecdote>
    </contenu>
    <contenu id="7">
      <question>Combien de Guerres mondiales eurent lieu au cours du 20e siècle ?</question>
      <propositions>
        <proposition id="7-1">4</proposition>
        <proposition id="7-2">2</proposition>
        <proposition id="7-3">3</proposition>
        <proposition id="7-4">1</proposition>
      </propositions>
      <réponse proposition="7-2">2</réponse>
      <anecdote>Avant la Seconde Guerre mondiale, la Première Guerre mondiale était appelée la « Grande Guerre ».</anecdote>
    </contenu>
    <contenu id="8">
      <question>En Europe, de combien de chiffres se compose le code PIN d'une carte bancaire ?</question>
      <propositions>
        <proposition id="8-1">6</proposition>
        <proposition id="8-2">3</proposition>
        <proposition id="8-3">4</proposition>
        <proposition id="8-4">5</proposition>
      </propositions>
      <réponse proposition="8-3">4</réponse>
      <anecdote>Le code PIN est par exemple utilisé sur un téléphone mobile ou un smartphone équipés d'une carte SIM.</anecdote>
    </contenu>
    <contenu id="9">
      <question>Combien de personnes formaient autrefois le groupe de musique ABBA ?</question>
      <propositions>
        <proposition id="9-1">3</proposition>
        <proposition id="9-2">6</proposition>
        <proposition id="9-3">5</proposition>
        <proposition id="9-4">4</proposition>
      </propositions>
      <réponse proposition="9-4">4</réponse>
      <anecdote>En janvier 2010, une exposition temporaire, baptisée 'ABBA World', a ouvert ses portes à Londres.</anecdote>
    </contenu>
    <contenu id="10">
      <question>En 1998, combien de buts la France a-t-elle marqué en finale de la Coupe du monde de football ?</question>
      <propositions>
        <proposition id="10-1">4</proposition>
        <proposition id="10-2">5</proposition>
        <proposition id="10-3">2</proposition>
        <proposition id="10-4">3</proposition>
      </propositions>
      <réponse proposition="10-4">3</réponse>
      <anecdote>Le début de cette coupe du monde est endeuillé par la disparition du coprésident Fernand Sastre.</anecdote>
    </contenu>
  </débutant>
  <confirmé>
    <contenu id="11">
      <question>Lors de la première saison, combien d'heures a duré l'aventure de l'agent anti-terroriste Jack Bauer ?</question>
      <propositions>
        <proposition id="11-1">22</proposition>
        <proposition id="11-2">20</proposition>
        <proposition id="11-3">18</proposition>
        <proposition id="11-4">24</proposition>
      </propositions>
      <réponse proposition="11-4">24</réponse>
      <anecdote>Les auteurs de '24' ont collaboré avec Sutherland pour créer une « partie » de Jack Bauer.</anecdote>
    </contenu>
    <contenu id="12">
      <question>Combien de minutes réglementaires constituent un match de rugby à XV ?</question>
      <propositions>
        <proposition id="12-1">40</proposition>
        <proposition id="12-2">80</proposition>
        <proposition id="12-3">20</proposition>
        <proposition id="12-4">60</proposition>
      </propositions>
      <réponse proposition="12-2">80</réponse>
      <anecdote>L'International Rugby Board (IRB), créé en 1886, gouverne ce sport et en publie les règles.</anecdote>
    </contenu>
    <contenu id="13">
      <question>À quel âge Jim Morrison, célèbre chanteurs des Doors, a-t-il trouvé la mort ?</question>
      <propositions>
        <proposition id="13-1">57 ans</proposition>
        <proposition id="13-2">37 ans</proposition>
        <proposition id="13-3">47 ans</proposition>
        <proposition id="13-4">27 ans</proposition>
      </propositions>
      <réponse proposition="13-4">27 ans</réponse>
      <anecdote>Jim Morrison était devenu une véritable idole de la musique rock, mais aussi un intellectuel engagé.</anecdote>
    </contenu>
    <contenu id="14">
      <question>Quel est le numéro de maillot que Michael Jordan a porté avec les Chicago Bulls ?</question>
      <propositions>
        <proposition id="14-1">23</proposition>
        <proposition id="14-2">13</proposition>
        <proposition id="14-3">33</proposition>
        <proposition id="14-4">3</proposition>
      </propositions>
      <réponse proposition="14-1">23</réponse>
      <anecdote>Michael Jordan possède aujourd'hui sa propre écurie de superbike ainsi que de nombreux restaurants.</anecdote>
    </contenu>
    <contenu id="15">
      <question>Combien de films la saga 'Retour vers le futur' comporte-t-elle ?</question>
      <propositions>
        <proposition id="15-1">5</proposition>
        <proposition id="15-2">6</proposition>
        <proposition id="15-3">3</proposition>
        <proposition id="15-4">4</proposition>
      </propositions>
      <réponse proposition="15-3">3</réponse>
      <anecdote>Inspirée de l'uvre de René Barjavel, 'le voyageur imprudent', la trilogie met en exergue deux paradoxes.</anecdote>
    </contenu>
    <contenu id="16">
      <question>Lors de la saison 2014 de Formule 1, sur 19 Grand Prix, combien Lewis Hamilton en a-t-il gagné ?</question>
      <propositions>
        <proposition id="16-1">7</proposition>
        <proposition id="16-2">11</proposition>
        <proposition id="16-3">9</proposition>
        <proposition id="16-4">13</proposition>
      </propositions>
      <réponse proposition="16-2">11</réponse>
      <anecdote>Lewis Hamilton est l'un des plus proches amis de Rowan Atkinson, créateur et interprète du personnage de Mr. Bean.</anecdote>
    </contenu>
    <contenu id="17">
      <question>Combien de fois Pamela Anderson est-elle apparu en couverture du 'Playboy' américain ?</question>
      <propositions>
        <proposition id="17-1">13</proposition>
        <proposition id="17-2">9</proposition>
        <proposition id="17-3">11</proposition>
        <proposition id="17-4">7</proposition>
      </propositions>
      <réponse proposition="17-1">13</réponse>
      <anecdote>Pamela Anderson milite également activement pour la défense animale, notamment aux côtés de l'association PETA.</anecdote>
    </contenu>
    <contenu id="18">
      <question>Quel est le numéro de l'adresse qui abrite le Palais de lÉlysée, rue Faubourg Saint-Honoré ?</question>
      <propositions>
        <proposition id="18-1">77</proposition>
        <proposition id="18-2">33</proposition>
        <proposition id="18-3">99</proposition>
        <proposition id="18-4">55</proposition>
      </propositions>
      <réponse proposition="18-4">55</réponse>
      <anecdote>Le palais de l'Élysée est un hôtel particulier parisien construit par l'architecte Armand-Claude Mollet en 1720.</anecdote>
    </contenu>
    <contenu id="19">
      <question>Combien sont les frères Wachowski, devenus surs, réalisateurs de la trilogie 'Matrix' ?</question>
      <propositions>
        <proposition id="19-1">2</proposition>
        <proposition id="19-2">4</proposition>
        <proposition id="19-3">3</proposition>
        <proposition id="19-4">5</proposition>
      </propositions>
      <réponse proposition="19-1">2</réponse>
      <anecdote>Suite à leur changement d'identité de genre, Larry est devenu Lana et Andy est devenu Lilly.</anecdote>
    </contenu>
    <contenu id="20">
      <question>Le 11 septembre 2001, combien d'avions ont percuté les deux tours du World Trade Center ?</question>
      <propositions>
        <proposition id="20-1">5</proposition>
        <proposition id="20-2">4</proposition>
        <proposition id="20-3">3</proposition>
        <proposition id="20-4">2</proposition>
      </propositions>
      <réponse proposition="20-4">2</réponse>
      <anecdote>Les événements du 11 septembre ont été vécus presque en temps réel par des centaines de millions de téléspectateurs.</anecdote>
    </contenu>
  </confirmé>
  <expert>
    <contenu id="21">
      <question>Combien d'épisodes de la série télévisée 'Friends' ont été tournés au total ?</question>
      <propositions>
        <proposition id="21-1">236</proposition>
        <proposition id="21-2">216</proposition>
        <proposition id="21-3">256</proposition>
        <proposition id="21-4">186</proposition>
      </propositions>
      <réponse proposition="21-1">236</réponse>
      <anecdote>La popularité de 'Friends' a attiré vers cette sitcom un nombre important d'apparitions d'acteurs de premier plan.</anecdote>
    </contenu>
    <contenu id="22">
      <question>Combien de romans ont pour protagoniste Fantômas, héros à la silhouette encagoulée ?</question>
      <propositions>
        <proposition id="22-1">22</proposition>
        <proposition id="22-2">12</proposition>
        <proposition id="22-3">42</proposition>
        <proposition id="22-4">32</proposition>
      </propositions>
      <réponse proposition="22-4">32</réponse>
      <anecdote>'Fantômas' demeure un des feuilletons les plus marquants de la littérature populaire en France.</anecdote>
    </contenu>
    <contenu id="23">
      <question>Durant combien d'années John Fitzgerald Kennedy a-t-il été Président des États-Unis ?</question>
      <propositions>
        <proposition id="23-1">3</proposition>
        <proposition id="23-2">4</proposition>
        <proposition id="23-3">5</proposition>
        <proposition id="23-4">2</proposition>
      </propositions>
      <réponse proposition="23-4">2</réponse>
      <anecdote>John Fitzgerald Kennedy reste à ce jour le seul président américain de confession catholique.</anecdote>
    </contenu>
    <contenu id="24">
      <question>Combien de pays sont frontaliers avec la République populaire de Chine ?</question>
      <propositions>
        <proposition id="24-1">16</proposition>
        <proposition id="24-2">12</proposition>
        <proposition id="24-3">14</proposition>
        <proposition id="24-4">10</proposition>
      </propositions>
      <réponse proposition="24-3">14</réponse>
      <anecdote>Ce nombre en fait, à égalité avec la Russie, l'État avec le plus de voisins au monde.</anecdote>
    </contenu>
    <contenu id="25">
      <question>De combien d 'épisodes est composée la série télévisée à succès 'Breaking Bad' ?</question>
      <propositions>
        <proposition id="25-1">42</proposition>
        <proposition id="25-2">62</proposition>
        <proposition id="25-3">32</proposition>
        <proposition id="25-4">52</proposition>
      </propositions>
      <réponse proposition="25-2">62</réponse>
      <anecdote>La série se concentre sur Walter « Walt » White, un professeur de chimie sur-qualifié et père de famille.</anecdote>
    </contenu>
    <contenu id="26">
      <question>Combien de fois le pilote Ayrton Senna a-t-il été champion du monde de Formule 1 ?</question>
      <propositions>
        <proposition id="26-1">3</proposition>
        <proposition id="26-2">4</proposition>
        <proposition id="26-3">2</proposition>
        <proposition id="26-4">5</proposition>
      </propositions>
      <réponse proposition="26-1">3</réponse>
      <anecdote>Ayrton Senna reste une véritable idole au Brésil où son statut a dépassé celui de simple champion sportif.</anecdote>
    </contenu>
    <contenu id="27">
      <question>Véritable icône culturelle, en quelle année le boxeur Mohamed Ali est-il décédé ?</question>
      <propositions>
        <proposition id="27-1">2012</proposition>
        <proposition id="27-2">2016</proposition>
        <proposition id="27-3">2014</proposition>
        <proposition id="27-4">2010</proposition>
      </propositions>
      <réponse proposition="27-2">2016</réponse>
      <anecdote>Mohamed Ali a été décoré en 2005 de la Médaille présidentielle de la Liberté.</anecdote>
    </contenu>
    <contenu id="28">
      <question>Combien de secondes après son décollage la navette spatiale Challenger explosa-t-elle en vol en 1986 ?</question>
      <propositions>
        <proposition id="28-1">73</proposition>
        <proposition id="28-2">93</proposition>
        <proposition id="28-3">53</proposition>
        <proposition id="28-4">113</proposition>
      </propositions>
      <réponse proposition="28-1">73</réponse>
      <anecdote>La navette porte le nom du bateau qui mesura le fond marin le plus profond du globe.</anecdote>
    </contenu>
    <contenu id="29">
      <question>Combien duvres le corpus 'La Comédie humaine' d'Honoré de Balzac comporte-t-il ?</question>
      <propositions>
        <proposition id="29-1">93</proposition>
        <proposition id="29-2">73</proposition>
        <proposition id="29-3">83</proposition>
        <proposition id="29-4">63</proposition>
      </propositions>
      <réponse proposition="29-1">93</réponse>
      <anecdote>Doué du génie de l'observation, Balzac a créé des types humains saisissants de vérité.</anecdote>
    </contenu>
    <contenu id="30">
      <question>Combien de sélections Zinédine Zidane a-t-il reçu en équipe de France de football ?</question>
      <propositions>
        <proposition id="30-1">118</proposition>
        <proposition id="30-2">108</proposition>
        <proposition id="30-3">98</proposition>
        <proposition id="30-4">128</proposition>
      </propositions>
      <réponse proposition="30-2">108</réponse>
      <anecdote>Célèbre numéro 10 des « Bleus », Zidane met un terme à sa carrière à la suite de la Coupe du monde 2006.</anecdote>
    </contenu>
  </expert>
</quizz>