<?xml version="1.0" encoding="UTF-8" standalone="yes" ?>
<quizz fournisseur="OpenQuizzDB : Fournisseur de contenu libre"
       url="http://www.openquizzdb.org"
       rédacteur="Philippe Bresoux"
       thème="Langues de l'amour"
       difficulté="4">
  <débutant>
    <contenu id="1">
      <question>Quel mot signifie « scénario imaginaire représentant des désirs plus ou moins refoulés » ?</question>
      <propositions>
        <proposition id="1-1">Ego</proposition>
        <proposition id="1-2">Fantasme</proposition>
        <proposition id="1-3">Catharsis</proposition>
        <proposition id="1-4">Ambivalence</proposition>
      </propositions>
      <réponse proposition="1-2">Fantasme</réponse>
      <anecdote>Un fantasme sexuel est un exemple de pensées par lequel des perceptions sexuelles sont créées ou mises en valeur.</anecdote>
    </contenu>
    <contenu id="2">
      <question>Au Québec, que désignent "les gosses", qui sont dans la plupart des cas jumelés ?</question>
      <propositions>
        <proposition id="2-1">Les fesses</proposition>
        <proposition id="2-2">Les seins</proposition>
        <proposition id="2-3">Les testicules</proposition>
        <proposition id="2-4">Les yeux</proposition>
      </propositions>
      <réponse proposition="2-3">Les testicules</réponse>
      <anecdote>Chez la plupart des espèces, les testicules migrent et deviennent externes, dans une poche appelée scrotum.</anecdote>
    </contenu>
    <contenu id="3">
      <question>Quelle pratique érotique consiste à rendre captif un corps par des liens ou tout autre objet ?</question>
      <propositions>
        <proposition id="3-1">Fantasme</proposition>
        <proposition id="3-2">Saphisme</proposition>
        <proposition id="3-3">Bondage</proposition>
        <proposition id="3-4">Onanisme</proposition>
      </propositions>
      <réponse proposition="3-3">Bondage</réponse>
      <anecdote>Bondage est un mot anglais qui signifie "esclavage" mais aussi "asservissement sexuel".</anecdote>
    </contenu>
    <contenu id="4">
      <question>Quelle expression désigne un jeune homme utilisé comme objet sexuel par des femmes plus âgées ?</question>
      <propositions>
        <proposition id="4-1">Felching</proposition>
        <proposition id="4-2">Escort</proposition>
        <proposition id="4-3">Toy boy</proposition>
        <proposition id="4-4">Cougar</proposition>
      </propositions>
      <réponse proposition="4-3">Toy boy</réponse>
      <anecdote>Ces hommes sont alors appelés « toy boys », en référence au film 'Toy Boy', « lionceaux ».</anecdote>
    </contenu>
    <contenu id="5">
      <question>Quel acte sexuel appelle-t-on de manière poétique une « feuille de rose » ?</question>
      <propositions>
        <proposition id="5-1">Un doigtage</proposition>
        <proposition id="5-2">Une branlette</proposition>
        <proposition id="5-3">Un anulingus</proposition>
        <proposition id="5-4">Un cunnilingus</proposition>
      </propositions>
      <réponse proposition="5-3">Un anulingus</réponse>
      <anecdote>La région anale est une des zones érogènes du corps, mais l'anus n'est pas aussi spontanément érogène que les organes génitaux.</anecdote>
    </contenu>
    <contenu id="6">
      <question>À quelle partie du corps l'expression « ticket de métro » fait-elle parfois référence ?</question>
      <propositions>
        <proposition id="6-1">Au pubis</proposition>
        <proposition id="6-2">Aux fesses</proposition>
        <proposition id="6-3">Aux seins</proposition>
        <proposition id="6-4">À la langue</proposition>
      </propositions>
      <réponse proposition="6-1">Au pubis</réponse>
      <anecdote>En anatomie humaine, le pubis est la branche antérieure de l'os coxal.</anecdote>
    </contenu>
    <contenu id="7">
      <question>Quelle partie du pubis féminin présente une proéminence qui peut faire penser à une colline ?</question>
      <propositions>
        <proposition id="7-1">Mont de Vénus</proposition>
        <proposition id="7-2">Talus de Jupiter</proposition>
        <proposition id="7-3">Étoffe de Pluton</proposition>
        <proposition id="7-4">Botte de Mars</proposition>
      </propositions>
      <réponse proposition="7-1">Mont de Vénus</réponse>
      <anecdote>Le mont de Vénus comporte un amas de tissu adipeux et une pilosité pubienne qui se développe à partir de la puberté.</anecdote>
    </contenu>
    <contenu id="8">
      <question>Parmi ces mots, quel intrus peut être pratiqué comme un préliminaire ?</question>
      <propositions>
        <proposition id="8-1">Turlutte</proposition>
        <proposition id="8-2">Burette</proposition>
        <proposition id="8-3">Valseuse</proposition>
        <proposition id="8-4">Joyeuse</proposition>
      </propositions>
      <réponse proposition="8-1">Turlutte</réponse>
      <anecdote>« Turlutte » est le seul mot à faire référence à la fellation qui est le symétrique pour un homme du cunnilingus pour une femme.</anecdote>
    </contenu>
    <contenu id="9">
      <question>De quelle expression les mots lupanar, boxon et bouge sont-ils des synonymes ?</question>
      <propositions>
        <proposition id="9-1">Prostituée</proposition>
        <proposition id="9-2">Lubrifiant</proposition>
        <proposition id="9-3">Maison close</proposition>
        <proposition id="9-4">Godemichet</proposition>
      </propositions>
      <réponse proposition="9-3">Maison close</réponse>
      <anecdote>Les prostituées de la Rome antique étaient appelées « lupas », que l'on peut traduire par « louves ».</anecdote>
    </contenu>
    <contenu id="10">
      <question>Quel intrus, typiquement féminin, se cache parmi les mots suivants ?</question>
      <propositions>
        <proposition id="10-1">Petit Jésus</proposition>
        <proposition id="10-2">Biroute</proposition>
        <proposition id="10-3">Braquemard</proposition>
        <proposition id="10-4">Divertissoire</proposition>
      </propositions>
      <réponse proposition="10-4">Divertissoire</réponse>
      <anecdote>Le divertissoire désigne le sexe féminin tandis que les autres mots désignent le sexe masculin.</anecdote>
    </contenu>
  </débutant>
  <confirmé>
    <contenu id="11">
      <question>Dans le Kamasutra, comment est appelé le sexe féminin ?</question>
      <propositions>
        <proposition id="11-1">Yang</proposition>
        <proposition id="11-2">Yoni</proposition>
        <proposition id="11-3">Yin</proposition>
        <proposition id="11-4">Lingam</proposition>
      </propositions>
      <réponse proposition="11-2">Yoni</réponse>
      <anecdote>Le Kamasutra est un recueil indien traitant des diverses activités de ce que recouvre l'expression « vie privée » aujourd'hui.</anecdote>
    </contenu>
    <contenu id="12">
      <question>Le nom de marque Viagra est un mot-valise issu du mot anglais « Vigor » et de quel autre mot ?</question>
      <propositions>
        <proposition id="12-1">Niagara</proposition>
        <proposition id="12-2">Girafe</proposition>
        <proposition id="12-3">Garage</proposition>
        <proposition id="12-4">Grappe</proposition>
      </propositions>
      <réponse proposition="12-1">Niagara</réponse>
      <anecdote>Les créateurs de de nom ont trouvé que les chutes du Niagara étaient un symbole puissant.</anecdote>
    </contenu>
    <contenu id="13">
      <question>Quel nom scientifique provenant d'un personnage de la Genèse désigne la masturbation ?</question>
      <propositions>
        <proposition id="13-1">Onanisme</proposition>
        <proposition id="13-2">Sodurètre</proposition>
        <proposition id="13-3">Tribadisme</proposition>
        <proposition id="13-4">Frigidité</proposition>
      </propositions>
      <réponse proposition="13-1">Onanisme</réponse>
      <anecdote>Le terme est apparu au moment où cette pratique commence à être considérée comme un fléau social et nuisible à la santé.</anecdote>
    </contenu>
    <contenu id="14">
      <question>À quelle partie du corps fait référence le mot « hystérie » ?</question>
      <propositions>
        <proposition id="14-1">L'utérus</proposition>
        <proposition id="14-2">L'anus</proposition>
        <proposition id="14-3">L'hymen</proposition>
        <proposition id="14-4">Le sternum</proposition>
      </propositions>
      <réponse proposition="14-1">L'utérus</réponse>
      <anecdote>Pour Hippocrate, le phénomène hystérique était limité aux femmes, comme l'origine du mot hystérie (utérus en grec) le souligne.</anecdote>
    </contenu>
    <contenu id="15">
      <question>Lequel de ces termes désigne l'homosexualité féminine ?</question>
      <propositions>
        <proposition id="15-1">Nanophilie</proposition>
        <proposition id="15-2">Sadisme</proposition>
        <proposition id="15-3">Saphisme</proposition>
        <proposition id="15-4">Pygmalionisme</proposition>
      </propositions>
      <réponse proposition="15-3">Saphisme</réponse>
      <anecdote>Il est inspiré du nom de la poétesse grecque Sappho, qui vivait entourée de femmes sur l'île de Lesbos.</anecdote>
    </contenu>
    <contenu id="16">
      <question>Dans le Kamasutra, comment est appelé le sexe masculin ?</question>
      <propositions>
        <proposition id="16-1">Yang</proposition>
        <proposition id="16-2">Yoni</proposition>
        <proposition id="16-3">Yin</proposition>
        <proposition id="16-4">Lingam</proposition>
      </propositions>
      <réponse proposition="16-4">Lingam</réponse>
      <anecdote>Le Kamasutra est un recueil indien traitant des diverses activités de ce que recouvre l'expression « vie privée » aujourd'hui.</anecdote>
    </contenu>
    <contenu id="17">
      <question>Lequel de ces mots désigne une sorte de « yoga sexuel » ?</question>
      <propositions>
        <proposition id="17-1">Prema</proposition>
        <proposition id="17-2">Tantrisme</proposition>
        <proposition id="17-3">Siddhi</proposition>
        <proposition id="17-4">Prana</proposition>
      </propositions>
      <réponse proposition="17-2">Tantrisme</réponse>
      <anecdote>Ses pratiquants se concentrent sur leur propre corps et sur celui de leur partenaire.</anecdote>
    </contenu>
    <contenu id="18">
      <question>Quel mot anglais désigne une pratique sexuelle excluant le coït et privilégiant les caresses ?</question>
      <propositions>
        <proposition id="18-1">Blowjob</proposition>
        <proposition id="18-2">Petting</proposition>
        <proposition id="18-3">Handjob</proposition>
        <proposition id="18-4">Fisting</proposition>
      </propositions>
      <réponse proposition="18-2">Petting</réponse>
      <anecdote>Le terme « Petting » définit donc une pratique pleine de baisers, caresses, jeux sexuels, masturbation sans aucune pénétration.</anecdote>
    </contenu>
    <contenu id="19">
      <question>Comment appelle-t-on un lieu ou une pièce dédié(e) aux pratiques sadomasochistes ?</question>
      <propositions>
        <proposition id="19-1">Un dortoir</proposition>
        <proposition id="19-2">Un donjon</proposition>
        <proposition id="19-3">Un parc</proposition>
        <proposition id="19-4">Un cybersexe</proposition>
      </propositions>
      <réponse proposition="19-2">Un donjon</réponse>
      <anecdote>Le sigle BDSM désigne une forme d'échange contractuel utilisant la douleur, la contrainte ou l'humiliation dans un but érogène.</anecdote>
    </contenu>
    <contenu id="20">
      <question>Quel intrus utilisé dans le langage familier se cache parmi les mots suivants ?</question>
      <propositions>
        <proposition id="20-1">Berlingot</proposition>
        <proposition id="20-2">Baigneur</proposition>
        <proposition id="20-3">Salle des fêtes</proposition>
        <proposition id="20-4">Con</proposition>
      </propositions>
      <réponse proposition="20-2">Baigneur</réponse>
      <anecdote>Baigneur est le seul mot parmi les quatre proposés à désigner spécifiquement le sexe masculin.</anecdote>
    </contenu>
  </confirmé>
  <expert>
    <contenu id="21">
      <question>Quel terme désigne, pour un homme, le fait de porter des vêtements de femme ?</question>
      <propositions>
        <proposition id="21-1">Extimité</proposition>
        <proposition id="21-2">Énonisme</proposition>
        <proposition id="21-3">Épochè</proposition>
        <proposition id="21-4">Érogène</proposition>
      </propositions>
      <réponse proposition="21-2">Énonisme</réponse>
      <anecdote>Le terme « énonisme » désigne le besoin irrépressible pour un homme d'adopter les vêtements et le comportement d'une femme.</anecdote>
    </contenu>
    <contenu id="22">
      <question>Trouvez l'intrus qui s'est glissé parmi les quatre mots suivants ?</question>
      <propositions>
        <proposition id="22-1">Laitance</proposition>
        <proposition id="22-2">Foutre</proposition>
        <proposition id="22-3">Semence</proposition>
        <proposition id="22-4">Éjaculat</proposition>
      </propositions>
      <réponse proposition="22-1">Laitance</réponse>
      <anecdote>La laitance est le sperme sécrété par les glandes génitales des poissons mâles, recouvrant les ufs d'une poche blanche.</anecdote>
    </contenu>
    <contenu id="23">
      <question>Un « olisbos », godemichet dont le terme est issu du grec, signifie...</question>
      <propositions>
        <proposition id="23-1">Tube en métal</proposition>
        <proposition id="23-2">Phallus en cuir</proposition>
        <proposition id="23-3">Pointe en fer</proposition>
        <proposition id="23-4">Tige en bois</proposition>
      </propositions>
      <réponse proposition="23-2">Phallus en cuir</réponse>
      <anecdote>Un godemichet est un jouet sexuel destiné à procurer des sensations susceptibles d'approcher celles qui seraient offertes par un pénis.</anecdote>
    </contenu>
    <contenu id="24">
      <question>Comment les sexologues désignent-ils toute pratique sexuelle sortant de l'ordinaire ?</question>
      <propositions>
        <proposition id="24-1">Tricophilie</proposition>
        <proposition id="24-2">Maïeusophilie</proposition>
        <proposition id="24-3">Laitance</proposition>
        <proposition id="24-4">Paraphilie</proposition>
      </propositions>
      <réponse proposition="24-4">Paraphilie</réponse>
      <anecdote>Le terme de « paraphilie » est utilisé par certains milieux psychiatriques aux États-Unis à la place du mot « perversion ».</anecdote>
    </contenu>
    <contenu id="25">
      <question>Que désigne l'expression « la botte Florentine », aujourd'hui fort peu utilisée ?</question>
      <propositions>
        <proposition id="25-1">La fellation</proposition>
        <proposition id="25-2">La sodomie</proposition>
        <proposition id="25-3">Le cunilingus</proposition>
        <proposition id="25-4">La masturbation</proposition>
      </propositions>
      <réponse proposition="25-2">La sodomie</réponse>
      <anecdote>Ce nom proviendrait d'une "botte" secrète utilisée par les bretteurs de Florence.</anecdote>
    </contenu>
    <contenu id="26">
      <question>Comment désigne-t-on le fétichisme des cheveux et des poils ?</question>
      <propositions>
        <proposition id="26-1">Ersatz</proposition>
        <proposition id="26-2">Imago</proposition>
        <proposition id="26-3">Tricophilie</proposition>
        <proposition id="26-4">Homoérotisme</proposition>
      </propositions>
      <réponse proposition="26-3">Tricophilie</réponse>
      <anecdote>La tricophilie est une paraphilie dans laquelle un individu est sexuellement attiré par la pilosité humaine.</anecdote>
    </contenu>
    <contenu id="27">
      <question>Quel terme est utilisé pour désigner l'attirance sexuelle pour les femmes enceintes ?</question>
      <propositions>
        <proposition id="27-1">Sublimation</proposition>
        <proposition id="27-2">Lapsus</proposition>
        <proposition id="27-3">Maïeusophilie</proposition>
        <proposition id="27-4">Masochisme</proposition>
      </propositions>
      <réponse proposition="27-3">Maïeusophilie</réponse>
      <anecdote>Cela peut inclure des relations sexuelles avec une femme enceinte ou qui paraît enceinte, ou une attirance sexuelle pour la lactation.</anecdote>
    </contenu>
    <contenu id="28">
      <question>Comment désigne-t-on le trouble mental résultant de l'absence de vie sexuelle ?</question>
      <propositions>
        <proposition id="28-1">Aphallatosis</proposition>
        <proposition id="28-2">Libido</proposition>
        <proposition id="28-3">Subjectivation</proposition>
        <proposition id="28-4">Irrumation</proposition>
      </propositions>
      <réponse proposition="28-1">Aphallatosis</réponse>
      <anecdote>Ce trouble mental n'est toutefois pas défini dans le manuel diagnostique et statistique des troubles mentaux (DSM).</anecdote>
    </contenu>
    <contenu id="29">
      <question>Quelle expression est parfois utilisée pour désigner le fait d'avoir ses règles ?</question>
      <propositions>
        <proposition id="29-1">Avoir ses coqs</proposition>
        <proposition id="29-2">Avoir ses ours</proposition>
        <proposition id="29-3">Avoir ses poules</proposition>
        <proposition id="29-4">Avoir ses moutons</proposition>
      </propositions>
      <réponse proposition="29-2">Avoir ses ours</réponse>
      <anecdote>La menstruation est la manifestation la plus visible du cycle menstruel de la femme et des femelles de certains primates.</anecdote>
    </contenu>
    <contenu id="30">
      <question>Au Moyen Âge, que désignait-on par l'expression « huile de rein » ?</question>
      <propositions>
        <proposition id="30-1">La cyprine</proposition>
        <proposition id="30-2">La salive</proposition>
        <proposition id="30-3">Le sperme</proposition>
        <proposition id="30-4">La sueur</proposition>
      </propositions>
      <réponse proposition="30-3">Le sperme</réponse>
      <anecdote>Cette expression, aujourd'hui disparue de notre langage quotidien, est aussi imagée qu'anatomiquement inexacte.</anecdote>
    </contenu>
  </expert>
</quizz>