{
  "fournisseur": "OpenQuizzDB - Fournisseur de contenu libre (www.openquizzdb.org)",
  "rédacteur": "Philippe Bresoux",
  "thème": "Langues de l'amour",
  "difficulté": 4,
  "quizz": {
    "débutant": [
      {
        "id": 1,
        "question": "Quel mot signifie « scénario imaginaire représentant des désirs plus ou moins refoulés » ?",
        "propositions": [
          "Catharsis",
          "Ego",
          "Fantasme",
          "Ambivalence"
        ],
        "réponse": "Fantasme",
        "anecdote": "Un fantasme sexuel est un exemple de pensées par lequel des perceptions sexuelles sont créées ou mises en valeur."
      },
      {
        "id": 2,
        "question": "Au Québec, que désignent "les gosses", qui sont dans la plupart des cas jumelés ?",
        "propositions": [
          "Les fesses",
          "Les seins",
          "Les testicules",
          "Les yeux"
        ],
        "réponse": "Les testicules",
        "anecdote": "Chez la plupart des espèces, les testicules migrent et deviennent externes, dans une poche appelée scrotum."
      },
      {
        "id": 3,
        "question": "Quelle pratique érotique consiste à rendre captif un corps par des liens ou tout autre objet ?",
        "propositions": [
          "Fantasme",
          "Bondage",
          "Saphisme",
          "Onanisme"
        ],
        "réponse": "Bondage",
        "anecdote": "Bondage est un mot anglais qui signifie "esclavage" mais aussi "asservissement sexuel"."
      },
      {
        "id": 4,
        "question": "Quelle expression désigne un jeune homme utilisé comme objet sexuel par des femmes plus âgées ?",
        "propositions": [
          "Escort",
          "Felching",
          "Toy boy",
          "Cougar"
        ],
        "réponse": "Toy boy",
        "anecdote": "Ces hommes sont alors appelés « toy boys », en référence au film 'Toy Boy', « lionceaux »."
      },
      {
        "id": 5,
        "question": "Quel acte sexuel appelle-t-on de manière poétique une « feuille de rose » ?",
        "propositions": [
          "Une branlette",
          "Un cunnilingus",
          "Un doigtage",
          "Un anulingus"
        ],
        "réponse": "Un anulingus",
        "anecdote": "La région anale est une des zones érogènes du corps, mais l'anus n'est pas aussi spontanément érogène que les organes génitaux."
      },
      {
        "id": 6,
        "question": "À quelle partie du corps l'expression « ticket de métro » fait-elle parfois référence ?",
        "propositions": [
          "À la langue",
          "Aux seins",
          "Aux fesses",
          "Au pubis"
        ],
        "réponse": "Au pubis",
        "anecdote": "En anatomie humaine, le pubis est la branche antérieure de l'os coxal."
      },
      {
        "id": 7,
        "question": "Quelle partie du pubis féminin présente une proéminence qui peut faire penser à une colline ?",
        "propositions": [
          "Mont de Vénus",
          "Étoffe de Pluton",
          "Botte de Mars",
          "Talus de Jupiter"
        ],
        "réponse": "Mont de Vénus",
        "anecdote": "Le mont de Vénus comporte un amas de tissu adipeux et une pilosité pubienne qui se développe à partir de la puberté."
      },
      {
        "id": 8,
        "question": "Parmi ces mots, quel intrus peut être pratiqué comme un préliminaire ?",
        "propositions": [
          "Joyeuse",
          "Turlutte",
          "Burette",
          "Valseuse"
        ],
        "réponse": "Turlutte",
        "anecdote": "« Turlutte » est le seul mot à faire référence à la fellation qui est le symétrique pour un homme du cunnilingus pour une femme."
      },
      {
        "id": 9,
        "question": "De quelle expression les mots lupanar, boxon et bouge sont-ils des synonymes ?",
        "propositions": [
          "Lubrifiant",
          "Godemichet",
          "Maison close",
          "Prostituée"
        ],
        "réponse": "Maison close",
        "anecdote": "Les prostituées de la Rome antique étaient appelées « lupas », que l'on peut traduire par « louves »."
      },
      {
        "id": 10,
        "question": "Quel intrus, typiquement féminin, se cache parmi les mots suivants ?",
        "propositions": [
          "Divertissoire",
          "Biroute",
          "Braquemard",
          "Petit Jésus"
        ],
        "réponse": "Divertissoire",
        "anecdote": "Le divertissoire désigne le sexe féminin tandis que les autres mots désignent le sexe masculin."
      }
    ],
    "confirmé": [
      {
        "id": 11,
        "question": "Dans le Kamasutra, comment est appelé le sexe féminin ?",
        "propositions": [
          "Yoni",
          "Yang",
          "Lingam",
          "Yin"
        ],
        "réponse": "Yoni",
        "anecdote": "Le Kamasutra est un recueil indien traitant des diverses activités de ce que recouvre l'expression « vie privée » aujourd'hui."
      },
      {
        "id": 12,
        "question": "Le nom de marque Viagra est un mot-valise issu du mot anglais « Vigor » et de quel autre mot ?",
        "propositions": [
          "Niagara",
          "Grappe",
          "Garage",
          "Girafe"
        ],
        "réponse": "Niagara",
        "anecdote": "Les créateurs de de nom ont trouvé que les chutes du Niagara étaient un symbole puissant."
      },
      {
        "id": 13,
        "question": "Quel nom scientifique provenant d'un personnage de la Genèse désigne la masturbation ?",
        "propositions": [
          "Frigidité",
          "Sodurètre",
          "Onanisme",
          "Tribadisme"
        ],
        "réponse": "Onanisme",
        "anecdote": "Le terme est apparu au moment où cette pratique commence à être considérée comme un fléau social et nuisible à la santé."
      },
      {
        "id": 14,
        "question": "À quelle partie du corps fait référence le mot « hystérie » ?",
        "propositions": [
          "L'anus",
          "L'hymen",
          "Le sternum",
          "L'utérus"
        ],
        "réponse": "L'utérus",
        "anecdote": "Pour Hippocrate, le phénomène hystérique était limité aux femmes, comme l'origine du mot hystérie (utérus en grec) le souligne."
      },
      {
        "id": 15,
        "question": "Lequel de ces termes désigne l'homosexualité féminine ?",
        "propositions": [
          "Nanophilie",
          "Pygmalionisme",
          "Sadisme",
          "Saphisme"
        ],
        "réponse": "Saphisme",
        "anecdote": "Il est inspiré du nom de la poétesse grecque Sappho, qui vivait entourée de femmes sur l'île de Lesbos."
      },
      {
        "id": 16,
        "question": "Dans le Kamasutra, comment est appelé le sexe masculin ?",
        "propositions": [
          "Yoni",
          "Lingam",
          "Yang",
          "Yin"
        ],
        "réponse": "Lingam",
        "anecdote": "Le Kamasutra est un recueil indien traitant des diverses activités de ce que recouvre l'expression « vie privée » aujourd'hui."
      },
      {
        "id": 17,
        "question": "Lequel de ces mots désigne une sorte de « yoga sexuel » ?",
        "propositions": [
          "Prana",
          "Siddhi",
          "Tantrisme",
          "Prema"
        ],
        "réponse": "Tantrisme",
        "anecdote": "Ses pratiquants se concentrent sur leur propre corps et sur celui de leur partenaire."
      },
      {
        "id": 18,
        "question": "Quel mot anglais désigne une pratique sexuelle excluant le coït et privilégiant les caresses ?",
        "propositions": [
          "Fisting",
          "Handjob",
          "Petting",
          "Blowjob"
        ],
        "réponse": "Petting",
        "anecdote": "Le terme « Petting » définit donc une pratique pleine de baisers, caresses, jeux sexuels, masturbation sans aucune pénétration."
      },
      {
        "id": 19,
        "question": "Comment appelle-t-on un lieu ou une pièce dédié(e) aux pratiques sadomasochistes ?",
        "propositions": [
          "Un parc",
          "Un donjon",
          "Un dortoir",
          "Un cybersexe"
        ],
        "réponse": "Un donjon",
        "anecdote": "Le sigle BDSM désigne une forme d'échange contractuel utilisant la douleur, la contrainte ou l'humiliation dans un but érogène."
      },
      {
        "id": 20,
        "question": "Quel intrus utilisé dans le langage familier se cache parmi les mots suivants ?",
        "propositions": [
          "Berlingot",
          "Baigneur",
          "Salle des fêtes",
          "Con"
        ],
        "réponse": "Baigneur",
        "anecdote": "Baigneur est le seul mot parmi les quatre proposés à désigner spécifiquement le sexe masculin."
      }
    ],
    "expert": [
      {
        "id": 21,
        "question": "Quel terme désigne, pour un homme, le fait de porter des vêtements de femme ?",
        "propositions": [
          "Épochè",
          "Érogène",
          "Énonisme",
          "Extimité"
        ],
        "réponse": "Énonisme",
        "anecdote": "Le terme « énonisme » désigne le besoin irrépressible pour un homme d'adopter les vêtements et le comportement d'une femme."
      },
      {
        "id": 22,
        "question": "Trouvez l'intrus qui s'est glissé parmi les quatre mots suivants ?",
        "propositions": [
          "Foutre",
          "Laitance",
          "Éjaculat",
          "Semence"
        ],
        "réponse": "Laitance",
        "anecdote": "La laitance est le sperme sécrété par les glandes génitales des poissons mâles, recouvrant les ufs d'une poche blanche."
      },
      {
        "id": 23,
        "question": "Un « olisbos », godemichet dont le terme est issu du grec, signifie...",
        "propositions": [
          "Pointe en fer",
          "Tube en métal",
          "Phallus en cuir",
          "Tige en bois"
        ],
        "réponse": "Phallus en cuir",
        "anecdote": "Un godemichet est un jouet sexuel destiné à procurer des sensations susceptibles d'approcher celles qui seraient offertes par un pénis."
      },
      {
        "id": 24,
        "question": "Comment les sexologues désignent-ils toute pratique sexuelle sortant de l'ordinaire ?",
        "propositions": [
          "Laitance",
          "Paraphilie",
          "Tricophilie",
          "Maïeusophilie"
        ],
        "réponse": "Paraphilie",
        "anecdote": "Le terme de « paraphilie » est utilisé par certains milieux psychiatriques aux États-Unis à la place du mot « perversion »."
      },
      {
        "id": 25,
        "question": "Que désigne l'expression « la botte Florentine », aujourd'hui fort peu utilisée ?",
        "propositions": [
          "La masturbation",
          "Le cunilingus",
          "La fellation",
          "La sodomie"
        ],
        "réponse": "La sodomie",
        "anecdote": "Ce nom proviendrait d'une "botte" secrète utilisée par les bretteurs de Florence."
      },
      {
        "id": 26,
        "question": "Comment désigne-t-on le fétichisme des cheveux et des poils ?",
        "propositions": [
          "Tricophilie",
          "Homoérotisme",
          "Ersatz",
          "Imago"
        ],
        "réponse": "Tricophilie",
        "anecdote": "La tricophilie est une paraphilie dans laquelle un individu est sexuellement attiré par la pilosité humaine."
      },
      {
        "id": 27,
        "question": "Quel terme est utilisé pour désigner l'attirance sexuelle pour les femmes enceintes ?",
        "propositions": [
          "Sublimation",
          "Masochisme",
          "Maïeusophilie",
          "Lapsus"
        ],
        "réponse": "Maïeusophilie",
        "anecdote": "Cela peut inclure des relations sexuelles avec une femme enceinte ou qui paraît enceinte, ou une attirance sexuelle pour la lactation."
      },
      {
        "id": 28,
        "question": "Comment désigne-t-on le trouble mental résultant de l'absence de vie sexuelle ?",
        "propositions": [
          "Subjectivation",
          "Irrumation",
          "Aphallatosis",
          "Libido"
        ],
        "réponse": "Aphallatosis",
        "anecdote": "Ce trouble mental n'est toutefois pas défini dans le manuel diagnostique et statistique des troubles mentaux (DSM)."
      },
      {
        "id": 29,
        "question": "Quelle expression est parfois utilisée pour désigner le fait d'avoir ses règles ?",
        "propositions": [
          "Avoir ses ours",
          "Avoir ses poules",
          "Avoir ses coqs",
          "Avoir ses moutons"
        ],
        "réponse": "Avoir ses ours",
        "anecdote": "La menstruation est la manifestation la plus visible du cycle menstruel de la femme et des femelles de certains primates."
      },
      {
        "id": 30,
        "question": "Au Moyen Âge, que désignait-on par l'expression « huile de rein » ?",
        "propositions": [
          "La salive",
          "La cyprine",
          "Le sperme",
          "La sueur"
        ],
        "réponse": "Le sperme",
        "anecdote": "Cette expression, aujourd'hui disparue de notre langage quotidien, est aussi imagée qu'anatomiquement inexacte."
      }
    ]
  }
}