1;fr;Combien de temps dure en moyenne la gestation d'une éléphante ?;21 mois;17 mois;13 mois;9 mois;Débutant;Une éléphante peut être en gestation jusqu'à l'âge de cinquante ans, où un seul éléphant est porté dans la plupart des cas.;https://fr.wikipedia.org/wiki/Éléphant
2;fr;À combien de pulsations par minute bat le cœur d'un hérisson en hibernation ?;18;28;38;8;Débutant;Il ne faut pas confondre les hérissons avec d'autres mammifères porteurs de piquants, comme par exemple les porcs-épics.;https://fr.wikipedia.org/wiki/Hérisson
3;fr;Jusqu'à combien de kilomètres le cri du singe hurleur est-il audible ?;3 km;6 km;9 km;12 km;Débutant;Ce singe hurle chaque matin, et quand il combat avec d'autres singes hurleurs, ils se battent également à coups de hurlements.;https://fr.wikipedia.org/wiki/Alouate
4;fr;En quelle année le dernier dodo vivant a-t-il été vu à l'île Maurice ?;1681;1723;1832;1908;Débutant;En plus de son incapacité à voler, le dodo n'avait développé aucune peur à l'encontre des êtres humains, faisant de lui une proie facile.;https://fr.wikipedia.org/wiki/Dodo_(oiseau)
5;fr;Combien de bisons environ Buffalo Bill a-t-il abattus en 18 mois seulement ?;4 000;3 000;2 000;1 000;Débutant;Le chapeau stetson ainsi que le bandana ont été popularisés par Buffalo Bill alors que tous les cow-boys n'en portaient pas forcément.;https://fr.wikipedia.org/wiki/Buffalo_Bill
6;fr;Jusqu'à quelle altitude vivent en général les bouquetins des Alpes ?;3 500 m;2 300 m;1 900 m;4 600 m;Débutant;Le milieu de prédilection du bouquetin des Alpes comprend des murailles abruptes, des falaises à pics ou des parois escarpées.;https://fr.wikipedia.org/wiki/Bouquetin_des_Alpes
7;fr;Combien de minutes une otarie peut-elle nager sous l'eau sans respirer ?;5 min;7 min;9 min;11 min;Débutant;Contrairement aux phoques, les otaries pourvuent de nageoires se servent à terre de leurs postérieurs pour marcher.;https://fr.wikipedia.org/wiki/Otariidae
8;fr;Quelle est, en centimètres, la longueur de la langue d'un fourmilier adulte ?;60 cm;50 cm;70 cm;80 cm;Débutant;Le plus grand représentant du groupe est le fourmilier géant ou grand tamanoir, un animal mesurant plus d'un mètre de longueur.;https://fr.wikipedia.org/wiki/Fourmilier
9;fr;Quel est le pourcentage de rongeurs parmi les mammifères ?;40 %;30 %;20 %;10 %;Débutant;Ces animaux se caractérisent par leur unique paire d'incisives qui leur servent à ronger, à creuser des galeries ou à se défendre.;https://fr.wikipedia.org/wiki/Rodentia
10;fr;Combien de fois par minute un fourmilier peut-il sortir la langue de sa gueule ?;160 fois;120 fois;80 fois;40 fois;Débutant;Le fourmilier mange surtout des fourmis, mais il aime aussi les termites et d'autres insectes comme la coccinelle.;https://fr.wikipedia.org/wiki/Fourmilier
11;fr;Jusqu'à combien de kilos de viande une hyène peut-elle manger au cours d'un repas ?;14 kg;4 kg;24 kg;34 kg;Confirmé;Il est impossible de discerner par la simple observation un mâle hyène d'une femelle tant l'un et l'autre se ressemblent.;https://fr.wikipedia.org/wiki/Hyaenidae
12;fr;Quel est le poids moyen de la langue d'une baleine bleue adulte ?;2,7 tonnes;880 kg;1,3 tonne;2,2 tonnes;Confirmé;Quand la gueule de la baleine bleue est complètement ouverte, elle est assez grande pour contenir 90 tonnes d'eau et de nourriture.;https://fr.wikipedia.org/wiki/Baleine_bleue
13;fr;Combien une reine termite pond-elle d'œufs en moyenne par jour ?;30;60;90;120;Confirmé;D'un couple de termites naissent des larves qui donnent des ouvriers stériles ou des nymphes qui donneront des adultes sexués.;https://fr.wikipedia.org/wiki/Termite
14;fr;Quelle vitesse un léopard au repos peut-il atteindre en seulement deux secondes ?;60 km/h;80 km/h;100 km/h;40 km/h;Confirmé;Le léopard tient une place importante dans certaines cultures africaines où ce roi des animaux est l'attribut des chefs.;https://fr.wikipedia.org/wiki/Léopard
15;fr;Combien de minutes un cachalot peut-il rester sous l'eau sans respirer ?;90 min;70 min;50 min;30 min;Confirmé;La chasse au cachalot permettait de récolter le spermaceti, substance blanche et cireuse issue de la tête de l'animale.;https://fr.wikipedia.org/wiki/Physeteroidea
16;fr;Quelle vitesse un faucon pèlerin peut-il atteindre lorsqu'il fond sur sa proie ?;240 km/h;200 km/h;160 km/h;120 km/h;Confirmé;Ses proies sont souvent des oiseaux, mais certains individus peuvent également s'attaquer à de petits animaux terrestres.;https://fr.wikipedia.org/wiki/Faucon_pèlerin
17;fr;Combien de millilitres de sang une chauve-souris vampire peut-elle boire en une nuit ?;20 ml;40 ml;60 ml;80 ml;Confirmé;La chauve-souris vampire est originaire des zones tropicales du continent américain (Mexique, Chili, Brésil et Argentine).;https://fr.wikipedia.org/wiki/Desmodontinae
18;fr;Par quel facteur le poids d'un ours blanc est-il multiplié deux mois après sa naissance ?;25;35;45;55;Confirmé;Parfaitement adapté à son habitat, l'ours blanc possède une épaisse couche de graisse et une fourrure qui l'isolent du froid.;https://fr.wikipedia.org/wiki/Ours_blanc
19;fr;Combien de fois compte-t-on plus de serpents non venimeux que venimeux ?;1 700 fois;1 500 fois;1 300 fois;1 100 fois;Confirmé;La plupart des serpents possèdent une langue bifide, des yeux sans paupière, un crâne articulé et des mâchoires mobiles.;https://fr.wikipedia.org/wiki/Serpentes
20;fr;Combien d'œufs pond en moyenne un crocodile du Nil en bonne santé ?;100;70;40;130;Confirmé;À l'éclosion des œufs, le bébé crocodile mesure environ 30 cm et a le même corps que sa mère, qu'il soit mâle ou femelle.;https://fr.wikipedia.org/wiki/Crocodile_du_Nil
21;fr;Quelle est la longueur maximale du bond que peut effectuer un puma ?;12 m;10 m;8 m;6 m;Expert;Pour les besoins de la chasse ou en cas de menace, il est capable de grimper aux arbres et de faire preuve d'une grande agilité.;https://fr.wikipedia.org/wiki/Puma
22;fr;Combien un moustique normalement constitué a-t-il de dents ?;47;34;29;11;Expert;Les adultes se nourrissent de nectar de fleurs et participent à la pollinisation des plantes, au même titre que les papillons.;https://fr.wikipedia.org/wiki/Moustique
23;fr;Quelle est la longueur en centimètres d'un intestin de koala ?;300 cm;200 cm;100 cm;400 cm;Expert;Le koala est étroitement lié à l'eucalyptus ou gommier, dont il ne mange que les feuilles de certaines espèces.;https://fr.wikipedia.org/wiki/Koala
24;fr;Combien de jours dure l'hibernation d'un écureuil d'Alaska ?;270 jours;180 jours;320 jours;410 jours;Expert;La queue en panache de l'écureuil et son acharnement à faire des provisions pour l'hiver ont contribué à sa popularité.;https://fr.wikipedia.org/wiki/Écureuil
25;fr;Quelle est la vitesse maximale déjà atteinte par l'espadon-voilier ?;109 km/h;99 km/h;89 km/h;119 km/h;Expert;Possédant des stries verticales sur les flancs, l'espadon-voilier est considéré comme étant le plus rapide des poissons.;https://fr.wikipedia.org/wiki/Voilier_de_l'Indo-Pacifique
26;fr;Combien d'animaux du zoo de Berlin survécurent à la Seconde Guerre mondiale ?;91;344;892;1 712;Expert;Les premiers dons d'animaux au zoo de Berlin, fondé en 1844, furent effectués par Frédéric-Guillaume IV, roi de Prusse.;https://fr.wikipedia.org/wiki/Jardin_zoologique_de_Berlin
27;fr;Sur mille tortues marines, combien seulement atteignent l'âge de se reproduire ?;15;100;250;640;Expert;Les tortues marines, bien que vulnérables, sont présentes dans tous les océans du monde, à l'exception de l'océan Arctique.;https://fr.wikipedia.org/wiki/Tortue_marine
28;fr;Combien de fois par seconde un colibri peut-il battre des ailes ?;78 fois;58 fois;38 fois;18 fois;Expert;Les colibris sont également surnommés oiseaux-mouches à cause de leur petite taille et de leurs battements d'ailes rapides.;https://fr.wikipedia.org/wiki/Trochilidae
29;fr;Au sens large du terme, combien existe-t-il d'espèces de kangourous ?;63;51;44;37;Expert;Animal emblématique de l'Australie, le grand kangourou y est plus populaire dans les campagnes que dans les villes.;https://fr.wikipedia.org/wiki/Kangourou
30;fr;Combien a-t-on découvert jusqu'ici d'espèces de coléoptères ?;9 600;8 700;7 200;6 400;Expert;Les scarabées, les coccinelles, les lucanes, les chrysomèles, les hannetons et les charançons sont des coléoptères.;https://fr.wikipedia.org/wiki/Coleoptera
31;en;How long does the average gestation of an elephant last ?;21 months;17 months;13 months;9 months;Beginner;An elephant can be pregnant up to the age of fifty, where only one elephant is carried in most cases.;https://en.wikipedia.org/wiki/Elephant
32;en;How many pulses per minute does the heart of a hibernating hedgehog have ?;18;28;38;8;Beginner;Do not confuse the hedgehogs with other mammals carrying quills, such as porcupines.;
33;en;How many kilometers is the howling monkey scream audible ?;3 km;6 km;9 km;12 km;Beginner;This monkey screams every morning, and when it fights with other howler monkeys, they also scream with screams.;https://en.wikipedia.org/wiki/Howler monkey
34;en;In which year was the last living dodo seen in Mauritius ?;1681;1723;1832;1908;Beginner;In addition to its inability to fly, the dodo had developed no fear of humans, making him an easy prey.;https://en.wikipedia.org/wiki/Dodo
35;en;How many bison did Buffalo Bill slaughter in just 18 months ?;4,000;3000;2,000;1,000;Beginner;The stetson hat and the bandana were popularized by Buffalo Bill while not all cowboys wore it.;https://en.wikipedia.org/wiki/Buffalo_Bill
36;en;At what altitude do alpine ibex live in general ?;3,500 m;2,300 m;1,900 m;4,600 m;Beginner;The Alpine ibex prey includes steep walls, steep cliffs or steep walls.;https://en.wikipedia.org/wiki/Alpine_ibex
37;en;How many minutes can a sea lion swim underwater without breathing ?;5 min;7 min;9 min;11 min;Beginner;Unlike seals, fur seals use their fins on the ground to walk.;https://en.wikipedia.org/wiki/Eared seal
38;en;What is, in centimeters, the length of the tongue of an adult anteater ?;60 cm;50 cm;70 cm;80 cm;Beginner;The largest representative of the group is the giant anteater or large anteater, an animal measuring more than one meter in length.;https://en.wikipedia.org/wiki/Anteater
39;en;What is the percentage of rodents among mammals ?;40%;30%;20%;10%;Beginner;These animals are characterized by their unique pair of incisors which serve them to gnaw, dig galleries or defend themselves.;https://en.wikipedia.org/wiki/Rodent
40;en;How many times a minute can an anteater get its tongue out of its mouth ?;160 times;120 times;80 times;40 times;Beginner;The anteater eats mostly ants, but it also likes termites and other insects such as ladybugs.;https://en.wikipedia.org/wiki/Anteater
41;en;How many pounds of meat can a hyena eat during a meal ?;14 kg;4 kg;24 kg;34 kg;Confirmed;It is impossible to discern, by simple observation, a hyena from a female, since both are alike.;https://en.wikipedia.org/wiki/Hyena
42;en;What is the average weight of the tongue of an adult blue whale ?;2.7 tons;880 kg;1.3 tons;2.2 tons;Confirmed;When the mouth of the blue whale is completely open, it is big enough to hold 90 tons of water and food.;https://en.wikipedia.org/wiki/Blue_whale
43;en;How much does a termite queen lay eggs on average per day ?;30;60;90;120;Confirmed;From a termite couple are born larvae that give sterile workers or pupae that will give sexed adults.;https://en.wikipedia.org/wiki/Termite
44;en;How fast can a leopard at rest reach in just two seconds ?;60 km / h;80 km / h;100 km / h;40 km / h;Confirmed;Leopard holds an important place in some African cultures where this king of animals is the attribute of the chiefs.;https://en.wikipedia.org/wiki/Leopard
45;en;How many minutes can a sperm whale stay underwater without breathing ?;90 min;70 min;50 min;30 min;Confirmed;Spermaceti, a white and waxy substance from the head of the animal, was harvested by the sperm whale.;https://en.wikipedia.org/wiki/Physeteroidea
46;en;How fast can a peregrine falcon reach when it is on its prey ?;240 km / h;200 km / h;160 km / h;120 km / h;Confirmed;Its prey is often birds, but some individuals can also attack small land animals.;https://en.wikipedia.org/wiki/Peregrine_falcon
47;en;How many milliliters of blood can a vampire bat drink in one night ?;20 ml;40 ml;60 ml;80 ml;Confirmed;The vampire bat is native to the tropical areas of the American continent (Mexico, Chile, Brazil and Argentina).;https://en.wikipedia.org/wiki/Vampire bat
48;en;By what factor is the weight of a polar bear multiplied two months after birth ?;25;35;45;55;Confirmed;Perfectly adapted to its habitat, the polar bear has a thick layer of fat and a fur that isolates it from the cold.;https://en.wikipedia.org/wiki/Polar_bear
49;en;How many times are there more non-venomous snakes than venomous ?;1,700 times;1500 times;1,300 times;1,100 times;Confirmed;Most snakes have a bifid tongue, eyes without eyelids, articulated skulls and mobile jaws.;https://en.wikipedia.org/wiki/Snake
50;en;How many eggs does the average Nile crocodile produce in good health ?;100;70;40;130;Confirmed;At the eggs' closing, the baby crocodile is approximately 30 cm and has the same body as his mother, whether male or female.;https://en.wikipedia.org/wiki/Nile_crocodile
51;en;What is the maximum length of the jump that a cougar can make ?;12 m;10 m;8 m;6 m;Expert;For the purposes of hunting or in case of threat, he is able to climb trees and be very agile.;https://en.wikipedia.org/wiki/Cougar
52;en;How much does a normally formed mosquito have teeth ?;47;34;29;11;Expert;Adults feed on flower nectar and participate in the pollination of plants, just like butterflies.;https://en.wikipedia.org/wiki/Mosquito
53;en;What is the length in centimeters of a koala intestine ?;300 cm;200 cm;100 cm;400 cm;Expert;The koala is closely related to the eucalyptus or gum tree, from which it only eats the leaves of certain species.;https://en.wikipedia.org/wiki/Koala
54;en;How many days does an Alaskan squirrel hibernate ?;270 days;180 days;320 days;410 days;Expert;The squirrel's plume tail and its relentless winter provisions have contributed to its popularity.;https://en.wikipedia.org/wiki/Tree_squirrel
55;en;What is the maximum speed already reached by the sailing swordfish ?;109 km / h;99 km / h;89 km / h;119 km / h;Expert;Possessing vertical streaks on the flanks, the sailfish is considered to be the fastest fish.;https://en.wikipedia.org/wiki/Indo-Pacific_sailfish
56;en;How many animals from the Berlin Zoo survived in the Second World War ?;91;344;892;1,712;Expert;The first animal donations to the Berlin Zoo, founded in 1844, were made by Frederick William IV, King of Prussia.;https://en.wikipedia.org/wiki/Berlin_Zoological_Garden
57;en;Out of a thousand marine turtles, how many only reach the age to reproduce ?;15;100;250;640;Expert;Sea turtles, although vulnerable, are present in all the oceans of the world, with the exception of the Arctic Ocean.;https://en.wikipedia.org/wiki/Sea_turtle
58;en;How many times a second can a hummingbird flap its wings ?;78 times;58 times;38 times;18 times;Expert;Hummingbirds are also known as hummingbirds because of their small size and fast wing beats.;https://en.wikipedia.org/wiki/Hummingbird
59;en;In the broad sense of the term, how many species of kangaroos are there ?;63;51;44;37;Expert;An emblematic animal of Australia, the big kangaroo is more popular in the countryside than in the cities.;https://en.wikipedia.org/wiki/Kangaroo
60;en;How many species have been discovered so far ?;9 600;8 700;7,200;6 400;Expert;Beetles, ladybugs, lucans, beetles, cockchafers and charanceps are allopoei.;https://en.wikipedia.org/wiki/Beetle
61;de;Wie lange dauert die durchschnittliche Schwangerschaft eines Elefanten ?;21 Monate;17 Monate;13 Monate;9 Monate;Newbie;Ein Elefant kann bis zum Alter von fünfzig Jahren schwanger sein, wobei in den meisten Fällen nur ein Elefant getragen wird.;
62;de;Wie viele Impulse pro Minute hat das Herz eines Winterschlafigels ?;18;28;38;8;Newbie;Verwechseln Sie die Igel nicht mit anderen Säugetieren, die Stacheln wie Stachelschweine tragen.;
63;de;Wie viele Kilometer ist der schreiende Affe hörbar ?;3 km;6 km;9 km;12 km;Newbie;Dieser Affe schreit jeden Morgen, und wenn er mit anderen Brüllaffen kämpft, schreien sie auch mit Schreien.;https://de.wikipedia.org/wiki/Brüllaffen
64;de;In welchem Jahr wurde der letzte lebende Dodo auf Mauritius gesehen ?;1681;1723;1832;1908;Newbie;Neben seiner Flugunfähigkeit hatte der Dodo keine Angst vor Menschen entwickelt, was ihn zu einer leichten Beute machte.;https://de.wikipedia.org/wiki/Dodo
65;de;Wie viele Bisons hat Buffalo Bill in nur 18 Monaten geschlachtet ?;4.000;3000;2.000;1.000;Newbie;Der Stetson-Hut und das Bandana wurden von Buffalo Bill populär gemacht, während nicht alle Cowboys ihn trugen.;https://de.wikipedia.org/wiki/Buffalo_Bill
66;de;In welcher Höhe leben die Steinböcke im Allgemeinen ?;3.500 m;2.300 m;1.900 m;4.600 m;Newbie;Die alpine Steinbockbeute umfasst steile Wände, steile Klippen oder steile Wände.;https://de.wikipedia.org/wiki/Alpensteinbock
67;de;Wie viele Minuten kann ein Seelöwe ohne zu atmen unter Wasser schwimmen ?;5 min;7 min;9 min;11 min;Newbie;Im Gegensatz zu Robben benutzen Pelzrobben ihre Flossen am Boden zum Gehen.;https://de.wikipedia.org/wiki/Ohrenrobben
68;de;Wie lang ist die Zunge eines erwachsenen Ameisenbären in Zentimetern ?;60 cm;50 cm;70 cm;80 cm;Newbie;Der größte Vertreter der Gruppe ist der riesige Ameisenbär oder ein großer Ameisenbär, ein Tier mit einer Länge von mehr als einem Meter.;https://de.wikipedia.org/wiki/Ameisenbären
69;de;Wie hoch ist der Anteil der Nagetiere bei Säugetieren ?;40%;30%;20%;10%;Newbie;Diese Tiere zeichnen sich durch ihr einzigartiges Schneidezahnpaar aus, mit dem sie nagen, Galerien graben oder sich verteidigen können.;https://de.wikipedia.org/wiki/Nagetiere
70;de;Wie oft pro Minute kann ein Ameisenbär seine Zunge aus dem Mund nehmen ?;160 mal;120 mal;80 mal;40 mal;Newbie;Der Ameisenbär isst meistens Ameisen, aber auch Termiten und andere Insekten wie Marienkäfer.;https://de.wikipedia.org/wiki/Ameisenbären
71;de;Wie viele Pfund Fleisch kann eine Hyäne während einer Mahlzeit essen ?;14 kg;4 kg;24 kg;34 kg;Bestätigt;Es ist unmöglich, durch einfache Beobachtung eine Hyäne von einer Frau zu unterscheiden, da beide gleich sind.;https://de.wikipedia.org/wiki/Hyänen
72;de;Was ist das durchschnittliche Gewicht der Zunge eines erwachsenen Blauwals ?;2,7 Tonnen;880 kg;1,3 Tonnen;2,2 Tonnen;Bestätigt;Wenn der Mund des Blauwals vollständig geöffnet ist, ist er groß genug, um 90 Tonnen Wasser und Nahrung aufzunehmen.;https://de.wikipedia.org/wiki/Blauwal
73;de;Wie viel legt eine Termitenkönigin durchschnittlich pro Tag Eier ?;30;60;90;120;Bestätigt;Aus einem Termitenpaar werden Larven geboren, die sterilen Arbeitern oder Puppen geben, die geschlechtsspezifische Erwachsene geben.;https://de.wikipedia.org/wiki/Termiten
74;de;Wie schnell kann ein Leopard in Ruhe in nur zwei Sekunden erreicht werden ?;60 km / h;80 km / h;100 km / h;40 km / h;Bestätigt;Leopard nimmt in einigen afrikanischen Kulturen einen wichtigen Platz ein, wo dieser Tierkönig das Attribut der Häuptlinge ist.;https://de.wikipedia.org/wiki/Leopard
75;de;Wie viele Minuten kann ein Pottwal unter Wasser bleiben, ohne zu atmen ?;90 min;70 min;50 min;30 min;Bestätigt;Spermaceti, eine weiße und wachsartige Substanz aus dem Kopf des Tieres, wurde vom Pottwal geerntet.;
76;de;Wie schnell kann ein Wanderfalke erreichen, wenn er auf Beute ist ?;240 km / h;200 km / h;160 km / h;120 km / h;Bestätigt;Seine Beute sind oft Vögel, aber manche Menschen können auch kleine Landtiere angreifen.;https://de.wikipedia.org/wiki/Wanderfalke
77;de;Wie viele Milliliter Blut kann ein Vampirschläger in einer Nacht trinken ?;20 ml;40 ml;60 ml;80 ml;Bestätigt;Die Vampirfledermaus stammt aus den tropischen Gebieten des amerikanischen Kontinents (Mexiko, Chile, Brasilien und Argentinien).;https://de.wikipedia.org/wiki/Vampirfledermäuse
78;de;Um welchen Faktor wird das Gewicht eines Eisbären zwei Monate nach der Geburt multipliziert ?;25;35;45;55;Bestätigt;Der Eisbär ist perfekt an seinen Lebensraum angepasst und hat eine dicke Fettschicht und ein Fell, das ihn vor der Kälte isoliert.;https://de.wikipedia.org/wiki/Eisbär
79;de;Wie oft gibt es mehr nicht giftige Schlangen als giftige ?;1700 mal;1500 mal;1.300 mal;1.100 mal;Bestätigt;Die meisten Schlangen haben eine bifide Zunge, Augen ohne Augenlider, gegliederte Schädel und bewegliche Kiefer.;https://de.wikipedia.org/wiki/Schlangen
80;de;Wie viele Eier produziert ein durchschnittliches Nilkrokodil bei guter Gesundheit ?;100;70;40;130;Bestätigt;Beim Schließen der Eier ist das Babykrokodil etwa 30 cm groß und hat den gleichen Körper wie seine Mutter, egal ob männlich oder weiblich.;https://de.wikipedia.org/wiki/Nilkrokodil
81;de;Was ist die maximale Sprunglänge, die ein Puma machen kann ?;12 m;10 m;8 m;6 m;Expert;Für die Jagd oder im Falle einer Bedrohung kann er auf Bäume klettern und sehr wendig sein.;https://de.wikipedia.org/wiki/Puma
82;de;Wie viel hat eine normal geformte Mücke Zähne ?;47;34;29;11;Expert;Erwachsene ernähren sich von Blumennektar und beteiligen sich wie Schmetterlinge an der Bestäubung von Pflanzen.;https://de.wikipedia.org/wiki/Stechmücken
83;de;Wie lang ist ein Koaladarm in Zentimetern ?;300 cm;200 cm;100 cm;400 cm;Expert;Der Koala ist eng mit dem Eukalyptus oder Gummibaum verwandt, von dem er nur die Blätter bestimmter Arten frisst.;https://de.wikipedia.org/wiki/Koala
84;de;Wie viele Tage überwinkt ein alaskisches Eichhörnchen ?;270 Tage;180 Tage;320 Tage;410 Tage;Expert;Der Eichhörnchenschwanz und seine unnachgiebigen Wintervorräte haben zu seiner Popularität beigetragen.;
85;de;Was ist die Höchstgeschwindigkeit, die der Schwertfisch schon erreicht hat ?;109 km / h;99 km / h;89 km / h;119 km / h;Expert;Der Segelfisch besitzt senkrechte Streifen an den Flanken und gilt als der schnellste Fisch.;https://de.wikipedia.org/wiki/Fächerfisch
86;de;Wie viele Tiere aus dem Berliner Zoo haben im Zweiten Weltkrieg überlebt ?;91;344;892;1,712;Expert;Die ersten Tierspenden für den 1844 gegründeten Berliner Zoo wurden von Friedrich Wilhelm IV., König von Preußen, gemacht.;https://de.wikipedia.org/wiki/Zoologischer_Garten_Berlin
87;de;Wie viele von tausend Meeresschildkröten erreichen nur das Alter, um sich fortpflanzen zu können ?;15;100;250;640;Expert;Obwohl Meeresschildkröten anfällig sind, sind sie in allen Ozeanen der Welt mit Ausnahme des Arktischen Ozeans vertreten.;
88;de;Wie oft pro Sekunde kann ein Kolibri seine Flügel schlagen ?;78 mal;58 mal;38 mal;18 mal;Expert;Kolibris sind wegen ihrer geringen Größe und ihrer schnellen Flügelschläge auch als Kolibris bekannt.;https://de.wikipedia.org/wiki/Kolibris
89;de;Wie viele Kängurusarten gibt es im weitesten Sinne des Wortes ?;63;51;44;37;Expert;Das große Känguru ist ein symbolträchtiges Tier Australiens und auf dem Land beliebter als in den Städten.;
90;de;Wie viele Arten wurden bisher entdeckt ?;9 600;8 700;7.200;6 400;Expert;Käfer, Marienkäfer, Lucans, Käfer, Cockchafers und Charanceps sind Allopoei.;https://de.wikipedia.org/wiki/Käfer
91;es;¿Cuánto dura la gestación media de un elefante ?;21 meses;17 meses;13 meses;9 meses;Novato;Un elefante puede estar embarazada hasta la edad de cincuenta años, donde solo se lleva un elefante en la mayoría de los casos.;
92;es;¿Cuántos pulsos por minuto tiene el corazón de un erizo en hibernación ?;18;28;38;8;Novato;No confunda los erizos con otros mamíferos que llevan plumas, como los puercoespines.;
93;es;¿Cuántos kilómetros es audible el grito del mono aullador ?;3 km;6 km;9 km;12 km;Novato;Este mono grita todas las mañanas, y cuando pelea con otros monos aulladores, también gritan con gritos.;https://es.wikipedia.org/wiki/Alouatta
94;es;¿En qué año se vio el último dodo viviente en Mauricio ?;1681;1723;1832;1908;Novato;Además de su incapacidad para volar, el dodo no había desarrollado ningún temor a los humanos, lo que lo convertía en una presa fácil.;https://es.wikipedia.org/wiki/Raphus_cucullatus
95;es;¿Cuántos bisontes mató Buffalo Bill en solo 18 meses ?;4,000;3000;2,000;1,000;Novato;El sombrero stetson y el pañuelo fueron popularizados por Buffalo Bill, mientras que no todos los vaqueros lo usaban.;https://es.wikipedia.org/wiki/Buffalo_Bill
96;es;¿A qué altitud vive el ibex alpino en general ?;3,500 m;2,300 m;1,900 m;4,600 m;Novato;La presa ibex alpina incluye paredes escarpadas, acantilados o paredes empinadas.;https://es.wikipedia.org/wiki/Capra_ibex
97;es;¿Cuántos minutos puede un león marino nadar bajo el agua sin respirar ?;5 min;7 min;9 min;11 min;Novato;A diferencia de las focas, las focas usan sus aletas en el suelo para caminar.;https://es.wikipedia.org/wiki/Otariidae
98;es;¿Cuál es, en centímetros, la longitud de la lengua de un oso hormiguero adulto ?;60 cm;50 cm;70 cm;80 cm;Novato;El mayor representante del grupo es el oso hormiguero gigante o oso hormiguero grande, un animal que mide más de un metro de longitud.;https://es.wikipedia.org/wiki/Vermilingua
99;es;¿Cuál es el porcentaje de roedores entre los mamíferos ?;40%;30%;20%;10%;Novato;Estos animales se caracterizan por su par único de incisivos que les sirven para roer, cavar galerías o defenderse.;https://es.wikipedia.org/wiki/Rodentia
100;es;¿Cuántas veces por minuto puede un oso hormiguero sacarse la lengua de la boca ?;160 veces;120 veces;80 veces;40 veces;Novato;El oso hormiguero come principalmente hormigas, pero también le gustan las termitas y otros insectos como las mariquitas.;https://es.wikipedia.org/wiki/Vermilingua
101;es;¿Cuántas libras de carne puede comer una hiena durante una comida ?;14 kg;4 kg;24 kg;34 kg;Confirmado;Es imposible discernir, por simple observación, una hiena de una hembra, ya que ambas son iguales.;https://es.wikipedia.org/wiki/Hyaenidae
102;es;¿Cuál es el peso promedio de la lengua de una ballena azul adulta ?;2,7 toneladas;880 kg;1.3 toneladas;2,2 toneladas;Confirmado;Cuando la boca de la ballena azul está completamente abierta, es lo suficientemente grande como para contener 90 toneladas de agua y alimentos.;https://es.wikipedia.org/wiki/Balaenoptera_musculus
103;es;¿Cuánto cuesta en promedio una reina de termitas por día ?;30;60;90;120;Confirmado;De una pareja de termitas nacen larvas que dan trabajadores estériles o pupas que darán adultos sexuados.;https://es.wikipedia.org/wiki/Isoptera
104;es;¿Qué tan rápido puede alcanzar un leopardo en reposo en solo dos segundos ?;60 km / h;80 km / h;100 km / h;40 km / h;Confirmado;El leopardo ocupa un lugar importante en algunas culturas africanas donde este rey de los animales es el atributo de los jefes.;https://es.wikipedia.org/wiki/Panthera_pardus
105;es;¿Cuántos minutos puede una ballena de esperma permanecer bajo el agua sin respirar ?;90 min;70 min;50 min;30 min;Confirmado;El espermatozoide, una sustancia blanca y cerosa de la cabeza del animal, fue cosechado por el cachalote.;https://es.wikipedia.org/wiki/Physeteroidea
106;es;¿Qué tan rápido puede llegar un halcón peregrino cuando está en su presa ?;240 km / h;200 km / h;160 km / h;120 km / h;Confirmado;Su presa es a menudo aves, pero algunos individuos también pueden atacar pequeños animales terrestres.;https://es.wikipedia.org/wiki/Falco_peregrinus
107;es;¿Cuántos mililitros de sangre puede beber un murciélago vampiro en una noche ?;20 ml;40 ml;60 ml;80 ml;Confirmado;El murciélago vampiro es nativo de las áreas tropicales del continente americano (México, Chile, Brasil y Argentina).;https://es.wikipedia.org/wiki/Desmodontinae
108;es;¿Por qué factor se multiplica el peso de un oso polar dos meses después del nacimiento ?;25;35;45;55;Confirmado;Perfectamente adaptado a su hábitat, el oso polar tiene una gruesa capa de grasa y un pelaje que lo aísla del frío.;https://es.wikipedia.org/wiki/Ursus_maritimus
109;es;¿Cuántas veces hay más serpientes no venenosas que venenosas ?;1,700 veces;1500 veces;1,300 veces;1,100 veces;Confirmado;La mayoría de las serpientes tienen una lengua bífida, ojos sin párpados, cráneos articulados y mandíbulas móviles.;https://es.wikipedia.org/wiki/Serpentes
110;es;¿Cuántos huevos produce el cocodrilo promedio del Nilo en buena salud ?;100;70;40;130;Confirmado;Al cierre de los huevos, el cocodrilo del bebé mide aproximadamente 30 cm y tiene el mismo cuerpo que su madre, ya sea macho o hembra.;https://es.wikipedia.org/wiki/Crocodylus_niloticus
111;es;¿Cuál es la longitud máxima del salto que puede hacer un puma ?;12 m;10 m;8 m;6 m;Experto;A los efectos de la caza o en caso de amenaza, puede trepar árboles y ser muy ágil.;https://es.wikipedia.org/wiki/Puma concolor
112;es;¿Cuánto tienen los dientes un mosquito normalmente formado ?;47;34;29;11;Experto;Los adultos se alimentan de néctar de flores y participan en la polinización de las plantas, al igual que las mariposas.;https://es.wikipedia.org/wiki/Culicidae
113;es;¿Cuál es la longitud en centímetros de un intestino koala ?;300 cm;200 cm;100 cm;400 cm;Experto;El koala está estrechamente relacionado con el eucalipto o el árbol de las encías, del cual solo come las hojas de ciertas especies.;https://es.wikipedia.org/wiki/Phascolarctos cinereus
114;es;¿Cuántos días hiberna una ardilla de Alaska ?;270 días;180 dias;320 días;410 dias;Experto;La cola de la pluma de la ardilla y sus implacables disposiciones de invierno han contribuido a su popularidad.;https://es.wikipedia.org/wiki/Ardilla
115;es;¿Cuál es la velocidad máxima ya alcanzada por el pez espada navegante ?;109 km / h;99 km / h;89 km / h;119 km / h;Experto;Poseiendo rayas verticales en los flancos, el pez vela se considera el pez más rápido.;https://es.wikipedia.org/wiki/Istiophorus_platypterus
116;es;¿Cuántos animales del zoológico de Berlín sobrevivieron en la Segunda Guerra Mundial ?;91;344;892;1,712;Experto;Las primeras donaciones de animales al zoológico de Berlín, fundado en 1844, fueron hechas por Frederick William IV, rey de Prusia.;https://es.wikipedia.org/wiki/Jardín_zoológico_de_Berlín
117;es;De las mil tortugas marinas, ¿cuántas solo llegan a la edad para reproducirse ?;15;100;250;640;Experto;Las tortugas marinas, aunque vulnerables, están presentes en todos los océanos del mundo, con la excepción del Océano Ártico.;https://es.wikipedia.org/wiki/Chelonioidea
118;es;¿Cuántas veces por segundo puede un colibrí batir sus alas ?;78 veces;58 veces;38 veces;18 veces;Experto;Los colibríes también son conocidos como colibríes debido a su pequeño tamaño y sus rápidos alerones.;https://es.wikipedia.org/wiki/Trochilidae
119;es;En el sentido amplio del término, ¿cuántas especies de canguros hay ?;63;51;44;37;Experto;Un animal emblemático de Australia, el gran canguro es más popular en el campo que en las ciudades.;https://es.wikipedia.org/wiki/Canguro
120;es;¿Cuántas especies se han descubierto hasta ahora ?;9 600;8 700;7,200;6 400;Experto;Escarabajos, mariquitas, lucans, escarabajos, cockchafers y charanceps.;https://es.wikipedia.org/wiki/Coleoptera
121;it;Quanto dura la gestazione media di un elefante ?;21 mesi;17 mesi;13 mesi;9 mesi;Newbie;Un elefante può essere incinta fino ai cinquant'anni, dove nella maggior parte dei casi viene trasportato un solo elefante.;
122;it;Quanti impulsi al minuto ha il cuore di un riccio in letargo ?;18;28;38;8;Newbie;Non confondere i ricci con altri mammiferi che trasportano le penne, come i porcospini.;
123;it;Quanti chilometri è udibile la scimmia urlante ?;3 km;6 km;9 km;12 km;Newbie;Questa scimmia urla ogni mattina, e quando combatte con altre scimmie urlatrici, urlano anche con urla.;https://it.wikipedia.org/wiki/Alouatta
124;it;In quale anno è stato l'ultimo dodo vivente visto a Mauritius ?;1681;1723;1832;1908;Newbie;Oltre alla sua incapacità di volare, il dodo non aveva sviluppato alcuna paura per gli umani, rendendolo una facile preda.;https://it.wikipedia.org/wiki/Raphus_cucullatus
125;it;Quanti bisonti ha macellato Buffalo Bill in soli 18 mesi ?;4.000;3000;2.000;1.000;Newbie;Il cappello stetson e la bandana furono resi popolari da Buffalo Bill mentre non tutti i cowboy lo indossavano.;https://it.wikipedia.org/wiki/Buffalo_Bill
126;it;A che altezza vivono gli stambecchi alpini in generale ?;3.500 m;2.300 m;1900 m;4.600 m;Newbie;La preda dello stambecco alpino comprende pareti ripide, pareti rocciose ripide o pareti ripide.;https://it.wikipedia.org/wiki/Capra_ibex
127;it;Quanti minuti può un leone marino nuotare sott'acqua senza respirare ?;5 minuti;7 minuti;9 minuti;11 minuti;Newbie;A differenza delle foche, le foche usano le pinne a terra per camminare.;https://it.wikipedia.org/wiki/Otariidae
128;it;Qual è, in centimetri, la lunghezza della lingua di un formichiere adulto ?;60 cm;50 cm;70 cm;80 cm;Newbie;Il più grande rappresentante del gruppo è il formichiere gigante o grande formichiere, un animale che misura più di un metro di lunghezza.;https://it.wikipedia.org/wiki/Vermilingua
129;it;Qual è la percentuale di roditori tra i mammiferi ?;40%;30%;20%;10%;Newbie;Questi animali sono caratterizzati dalla loro coppia unica di incisivi che li servono a rosicchiare, scavare gallerie o difendersi.;https://it.wikipedia.org/wiki/Rodentia
130;it;Quante volte al minuto un formichiere può togliersi la lingua dalla bocca ?;160 volte;120 volte;80 volte;40 volte;Newbie;Il formichiere mangia principalmente le formiche, ma ama anche le termiti e altri insetti come le coccinelle.;https://it.wikipedia.org/wiki/Vermilingua
131;it;Quanti chili di carne può mangiare una iena durante un pasto ?;14 kg;4 kg;24 kg;34 kg;Confermato;È impossibile distinguere, per semplice osservazione, una iena da una femmina, poiché entrambi sono simili.;https://it.wikipedia.org/wiki/Hyaenidae
132;it;Qual è il peso medio della lingua di una balena blu adulta ?;2,7 tonnellate;880 kg;1,3 tonnellate;2,2 tonnellate;Confermato;Quando la bocca della balena blu è completamente aperta, è abbastanza grande da contenere 90 tonnellate di acqua e cibo.;https://it.wikipedia.org/wiki/Balaenoptera_musculus
133;it;Quanto costa in media una regina di termiti al giorno ?;30;60;90;120;Confermato;Da una coppia di termiti nascono larve che danno sterili lavoratori o pupe che daranno adulti sessuati.;https://it.wikipedia.org/wiki/Isoptera
134;it;Quanto velocemente può raggiungere un leopardo in pace in soli due secondi ?;60 km / h;80 km / h;100 km / h;40 km / h;Confermato;Il leopardo occupa un posto importante in alcune culture africane in cui questo re degli animali è l'attributo dei capi.;https://it.wikipedia.org/wiki/Panthera_pardus
135;it;Quanti minuti può un capodoglio rimanere sott'acqua senza respirare ?;90 minuti;70 minuti;50 minuti;30 minuti;Confermato;Spermaceti, una sostanza bianca e cerosa dalla testa dell'animale, è stata raccolta dal capodoglio.;
136;it;Quanto velocemente può raggiungere un falco pellegrino quando è in preda ?;240 km / h;200 km / h;160 km / h;120 km / h;Confermato;Le sue prede sono spesso uccelli, ma alcuni individui possono anche attaccare piccoli animali terrestri.;https://it.wikipedia.org/wiki/Falco_peregrinus
137;it;Quanti millilitri di sangue può bere un pipistrello vampiro in una notte ?;20 ml;40 ml;60 ml;80 ml;Confermato;Il pipistrello vampiro è originario delle zone tropicali del continente americano (Messico, Cile, Brasile e Argentina).;
138;it;Con quale fattore il peso di un orso polare si moltiplica due mesi dopo la nascita ?;25;35;45;55;Confermato;Perfettamente adattato al suo habitat, l'orso polare ha uno spesso strato di grasso e una pelliccia che lo isola dal freddo.;https://it.wikipedia.org/wiki/Ursus_maritimus
139;it;Quante volte ci sono più serpenti non velenosi che velenosi ?;1.700 volte;1500 volte;1.300 volte;1.100 volte;Confermato;La maggior parte dei serpenti ha una lingua bifida, occhi senza palpebre, crani articolati e mascelle mobili.;https://it.wikipedia.org/wiki/Serpentes
140;it;Quante uova produce il coccodrillo del Nilo in buona salute ?;100;70;40;130;Confermato;Alla chiusura delle uova, il coccodrillo del bambino è di circa 30 cm e ha lo stesso corpo di sua madre, maschio o femmina.;https://it.wikipedia.org/wiki/Crocodylus_niloticus
141;it;Qual è la lunghezza massima del salto che può fare un puma ?;12 m;10 m;8 m;6 m;Expert;Ai fini della caccia o in caso di minaccia, è in grado di arrampicarsi sugli alberi ed essere molto agile.;https://it.wikipedia.org/wiki/Puma concolor
142;it;Quanto fa una zanzara formata normalmente con i denti ?;47;34;29;11;Expert;Gli adulti si nutrono di nettare di fiori e partecipano all'impollinazione delle piante, proprio come le farfalle.;https://it.wikipedia.org/wiki/Culicidae
143;it;Qual è la lunghezza in centimetri di un intestino di koala ?;300 cm;200 cm;100 cm;400 cm;Expert;Il koala è strettamente correlato all'eucalipto o albero della gomma, dal quale mangia solo le foglie di alcune specie.;https://it.wikipedia.org/wiki/Phascolarctos cinereus
144;it;Quanti giorni ha uno scoiattolo dell'Alaska in letargo ?;270 giorni;180 giorni;320 giorni;410 giorni;Expert;La coda del pennacchio dello scoiattolo e le sue implacabili disposizioni invernali hanno contribuito alla sua popolarità.;https://it.wikipedia.org/wiki/Scoiattolo
145;it;Qual è la velocità massima raggiunta dal pesce spada a vela ?;109 km / h;99 km / h;89 km / h;119 km / h;Expert;Possedendo strisce verticali sui fianchi, il pesce vela è considerato il pesce più veloce.;https://it.wikipedia.org/wiki/Istiophorus_platypterus
146;it;Quanti animali dello zoo di Berlino sono sopravvissuti durante la seconda guerra mondiale ?;91;344;892;1,712;Expert;Le prime donazioni di animali allo Zoo di Berlino, fondato nel 1844, furono realizzate da Federico Guglielmo IV, re di Prussia.;https://it.wikipedia.org/wiki/Zoologischer_Garten
147;it;Su un migliaio di tartarughe marine, quanti riescono a raggiungere l'età per riprodursi ?;15;100;250;640;Expert;Le tartarughe marine, sebbene vulnerabili, sono presenti in tutti gli oceani del mondo, ad eccezione dell'Oceano Artico.;https://it.wikipedia.org/wiki/Chelonioidea
148;it;Quante volte un secondo può un colibrì sbattere le ali ?;78 volte;58 volte;38 volte;18 volte;Expert;I colibrì sono anche conosciuti come colibrì a causa delle loro piccole dimensioni e veloci battiti d'ali.;https://it.wikipedia.org/wiki/Trochilidae
149;it;Nel senso più ampio del termine, quante specie di canguri ci sono ?;63;51;44;37;Expert;Un animale emblematico dell'Australia, il grande canguro è più popolare nelle campagne che nelle città.;
150;it;Quante specie sono state scoperte finora ?;9 600;8 700;7.200;6 400;Expert;Coleotteri, coccinelle, lucani, scarafaggi, cacari e charanges sono allopoei.;https://it.wikipedia.org/wiki/Coleoptera
151;nl;Hoe lang duurt de gemiddelde draagtijd van een olifant ?;21 maanden;17 maanden;13 maanden;9 maanden;Newbie;Een olifant kan zwanger zijn tot de leeftijd van vijftig, waarbij in de meeste gevallen slechts één olifant wordt gedragen.;https://nl.wikipedia.org/wiki/Olifanten
152;nl;Hoeveel pulsen per minuut heeft het hart van een winterslapende egel ?;18;28;38;8;Newbie;Verwar egels niet met andere zoogdieren die spillen dragen, zoals stekelvarkens.;
153;nl;Hoeveel kilometer is de schreeuwende aap schreeuw hoorbaar ?;3 km;6 km;9 km;12 km;Newbie;Deze aap schreeuwt elke ochtend, en wanneer het vecht met andere brulapen, schreeuwen ze ook met geschreeuw.;https://nl.wikipedia.org/wiki/Brulapen
154;nl;In welk jaar was de laatste levende dodo te zien op Mauritius ?;1681;1723;1832;1908;Newbie;Naast zijn onvermogen om te vliegen, had de dodo geen angst voor mensen ontwikkeld, waardoor hij een gemakkelijke prooi was.;https://nl.wikipedia.org/wiki/Dodo
155;nl;Hoeveel bizons heeft Buffalo Bill in slechts 18 maanden tijd afgemaakt ?;4.000;3000;2.000;1.000;Newbie;De stetson-hoed en de bandana werden gepopulariseerd door Buffalo Bill, terwijl niet alle cowboys het droegen.;https://nl.wikipedia.org/wiki/Buffalo_Bill
156;nl;Op welke hoogte leven alpine steenbokken in het algemeen ?;3.500 m;2300 m;1900 m;4.600 m;Newbie;De Alpine-steenbok prooi omvat steile wanden, steile kliffen of steile wanden.;https://nl.wikipedia.org/wiki/Alpensteenbok
157;nl;Hoeveel minuten kan een zeeleeuw onderwater zwemmen zonder te ademen ?;5 min;7 min;9 min;11 min;Newbie;In tegenstelling tot zeehonden gebruiken pelsrobben hun vinnen op de grond om te lopen.;https://nl.wikipedia.org/wiki/Oorrobben
158;nl;Wat is, in centimeters, de lengte van de tong van een volwassen miereneter ?;60 cm;50 cm;70 cm;80 cm;Newbie;De grootste vertegenwoordiger van de groep is de reusachtige miereneter of grote miereneter, een dier van meer dan een meter lang.;https://nl.wikipedia.org/wiki/Miereneters
159;nl;Hoe groot is het percentage knaagdieren onder zoogdieren ?;40%;30%;20%;10%;Newbie;Deze dieren worden gekenmerkt door hun unieke paar snijtanden die hen dienen om te knagen, galerijen te graven of zichzelf te verdedigen.;https://nl.wikipedia.org/wiki/Knaagdieren
160;nl;Hoeveel keer per minuut kan een miereneter zijn tong uit zijn mond halen ?;160 keer;120 keer;80 keer;40 keer;Newbie;De miereneter eet voornamelijk mieren, maar houdt ook van termieten en andere insecten zoals lieveheersbeestjes.;https://nl.wikipedia.org/wiki/Miereneters
161;nl;Hoeveel kilo vlees kan een hyena tijdens een maaltijd eten ?;14 kg;4 kg;24 kg;34 kg;Bevestigd;Het is onmogelijk om, door eenvoudige waarneming, een hyena van een vrouw te onderscheiden, omdat beide gelijk zijn.;https://nl.wikipedia.org/wiki/Hyena's
162;nl;Wat is het gemiddelde gewicht van de tong van een volwassen blauwe vinvis ?;2,7 ton;880 kg;1,3 ton;2,2 ton;Bevestigd;Wanneer de mond van de blauwe vinvis helemaal open is, is deze groot genoeg om 90 ton water en voedsel te bevatten.;https://nl.wikipedia.org/wiki/Blauwe_vinvis
163;nl;Hoeveel kost een termietenkoningin gemiddeld per dag eieren ?;30;60;90;120;Bevestigd;Van een termietenkoppel worden larven geboren die steriele werkers of poppen geven die gesekste volwassenen geven.;https://nl.wikipedia.org/wiki/Termieten
164;nl;Hoe snel kan een luipaard in rust in slechts twee seconden reiken ?;60 km / h;80 km / h;100 km / h;40 km / h;Bevestigd;Luipaard heeft een belangrijke plaats in sommige Afrikaanse culturen waar deze koning van dieren het attribuut is van de leiders.;https://nl.wikipedia.org/wiki/Luipaard
165;nl;Hoeveel minuten kan een potvis onderwater blijven zonder te ademen ?;90 min;70 min;50 min;30 min;Bevestigd;Spermaceti, een witte en wasachtige substantie van het hoofd van het dier, werd geoogst door de potvis.;
166;nl;Hoe snel kan een slechtvalken reiken wanneer hij op zijn prooi zit ?;240 km / h;200 km / h;160 km / h;120 km / h;Bevestigd;Zijn prooi is vaak vogels, maar sommige individuen kunnen ook kleine landdieren aanvallen.;https://nl.wikipedia.org/wiki/Slechtvalk
167;nl;Hoeveel milliliter bloed kan een vampirebat drinken in een nacht ?;20 ml;40 ml;60 ml;80 ml;Bevestigd;De vampire-vleermuis is afkomstig uit de tropische gebieden van het Amerikaanse continent (Mexico, Chili, Brazilië en Argentinië).;https://nl.wikipedia.org/wiki/Vampiervleermuizen
168;nl;Door welke factor wordt het gewicht van een ijsbeer vermenigvuldigd twee maanden na de geboorte ?;25;35;45;55;Bevestigd;De ijsbeer is perfect aangepast aan zijn habitat en heeft een dikke laag vet en een vacht die het isoleert tegen de kou.;https://nl.wikipedia.org/wiki/IJsbeer
169;nl;Hoe vaak zijn er meer niet-giftige slangen dan giftig ?;1700 keer;1500 keer;1.300 keer;1.100 keer;Bevestigd;De meeste slangen hebben een gespleten tong, ogen zonder oogleden, gelede schedels en mobiele kaken.;https://nl.wikipedia.org/wiki/Slangen
170;nl;Hoeveel eieren produceert de gemiddelde Nijlkrokodil in goede gezondheid ?;100;70;40;130;Bevestigd;Bij het sluiten van de eieren is de krokodil ongeveer 30 cm lang en heeft hij hetzelfde lichaam als zijn moeder, mannelijk of vrouwelijk.;https://nl.wikipedia.org/wiki/Nijlkrokodil
171;nl;Wat is de maximale lengte van de sprong die een cougar kan maken ?;12 m;10 m;8 m;6 m;Expert;Voor jachtdoeleinden of in geval van dreiging, kan hij in bomen klimmen en zeer behendig zijn.;https://nl.wikipedia.org/wiki/Poema
172;nl;Hoeveel kost een normaal gevormde mug tanden ?;47;34;29;11;Expert;Volwassenen voeden zich met bloemnectar en nemen deel aan de bestuiving van planten, net als vlinders.;https://nl.wikipedia.org/wiki/Steekmuggen
173;nl;Wat is de lengte in centimeters van een koaladarm ?;300 cm;200 cm;100 cm;400 cm;Expert;De koala is nauw verwant aan de eucalyptus of gomboom, waarvan het alleen de bladeren van bepaalde soorten eet.;https://nl.wikipedia.org/wiki/Koala
174;nl;Hoeveel dagen overwintert een Alaskeleekhoorn ?;270 dagen;180 dagen;320 dagen;410 dagen;Expert;De pluimstaart van de eekhoorn en de niet-aflatende wintervoorzieningen hebben bijgedragen aan zijn populariteit.;
175;nl;Wat is de maximale snelheid die al wordt bereikt door de zwaardvis te zeilen ?;109 km / h;99 km / h;89 km / h;119 km / h;Expert;Het bezit van verticale strepen op de flanken, de sailfish wordt beschouwd als de snelste vis.;https://nl.wikipedia.org/wiki/Pacifische_zeilvis
176;nl;Hoeveel dieren uit de dierentuin van Berlijn hebben het overleefd in de Tweede Wereldoorlog ?;91;344;892;1,712;Expert;De eerste dierenoffers aan de dierentuin van Berlijn, gesticht in 1844, zijn gemaakt door Frederik Willem IV, koning van Pruisen.;https://nl.wikipedia.org/wiki/Zoologischer_Garten_Berlin
177;nl;Van de duizend zeeschildpadden, hoeveel bereiken ze de leeftijd om zich te reproduceren ?;15;100;250;640;Expert;Zeeschildpadden, hoewel kwetsbaar, zijn aanwezig in alle oceanen van de wereld, met uitzondering van de Noordelijke IJszee.;https://nl.wikipedia.org/wiki/Chelonioidea
178;nl;Hoe vaak een seconde kan een kolibrie met zijn vleugels klapperen ?;78 keer;58 keer;38 keer;18 keer;Expert;Kolibries zijn ook bekend als kolibries vanwege hun kleine formaat en snelle vleugelslagen.;https://nl.wikipedia.org/wiki/Kolibries
179;nl;In de brede betekenis van het woord, hoeveel soorten kangoeroes zijn er daar ?;63;51;44;37;Expert;Een emblematisch dier van Australië, de grote kangoeroe is populairder op het platteland dan in de steden.;
180;nl;Hoeveel soorten zijn er tot nu toe ontdekt ?;9 600;8 700;7.200;6 400;Expert;Kevers, lieveheersbeestjes, lucans, kevers, cockchafers en charanceps zijn allopoei.;https://nl.wikipedia.org/wiki/Kevers