<?xml version="1.0" encoding="UTF-8" standalone="yes" ?>
<quizz fournisseur="OpenQuizzDB : Fournisseur de contenu libre"
       url="http://www.openquizzdb.org"
       rédacteur="Philippe Bresoux"
       thème="Méditerranée"
       difficulté="2">
  <débutant>
    <contenu id="1">
      <question>Quelle ville longeant la Méditerranée accueille un Grand Prix de Formule 1 depuis 1929 ?</question>
      <propositions>
        <proposition id="1-1">Split</proposition>
        <proposition id="1-2">Venise</proposition>
        <proposition id="1-3">Monaco</proposition>
        <proposition id="1-4">Marseille</proposition>
      </propositions>
      <réponse proposition="1-3">Monaco</réponse>
      <anecdote>La course inaugurale fut remportée le 14 avril 1929 par William Grover-Williams, au volant d'une Bugatti.</anecdote>
    </contenu>
    <contenu id="2">
      <question>Quel écrivain a rédigé le roman 'Le Tour du Monde en 80 jours' dans sa villa au cap dAntibes ?</question>
      <propositions>
        <proposition id="2-1">Jules Verne</proposition>
        <proposition id="2-2">Victor Hugo</proposition>
        <proposition id="2-3">Marcel Proust</proposition>
        <proposition id="2-4">Stendhal</proposition>
      </propositions>
      <réponse proposition="2-1">Jules Verne</réponse>
      <anecdote>Le roman raconte la course autour du monde de Phileas Fogg, accompagné de son serviteur français.</anecdote>
    </contenu>
    <contenu id="3">
      <question>Quelle ville méditerranéenne accueille depuis 1946 un festival international du film ?</question>
      <propositions>
        <proposition id="3-1">Saint-Raphaël</proposition>
        <proposition id="3-2">Cannes</proposition>
        <proposition id="3-3">Saint-Tropez</proposition>
        <proposition id="3-4">Nice</proposition>
      </propositions>
      <réponse proposition="3-2">Cannes</réponse>
      <anecdote>Les producteurs et distributeurs y trouvent des partenaires pour le financement de leurs projets de films.</anecdote>
    </contenu>
    <contenu id="4">
      <question>Quel vent froid et parfois violent souffle en direction du sud, principalement en Provence ?</question>
      <propositions>
        <proposition id="4-1">L'aquilons</proposition>
        <proposition id="4-2">Le noroît</proposition>
        <proposition id="4-3">Le zéphyr</proposition>
        <proposition id="4-4">Le mistral</proposition>
      </propositions>
      <réponse proposition="4-4">Le mistral</réponse>
      <anecdote>Le caractère dominant du Mistral lui confère un rôle important dans l'originalité du climat provençal.</anecdote>
    </contenu>
    <contenu id="5">
      <question>Dans quelle ville de la Côte d'Azur peut-on marcher sur la promenade des Anglais ?</question>
      <propositions>
        <proposition id="5-1">Cannes</proposition>
        <proposition id="5-2">Marseille</proposition>
        <proposition id="5-3">Monaco</proposition>
        <proposition id="5-4">Nice</proposition>
      </propositions>
      <réponse proposition="5-4">Nice</réponse>
      <anecdote>De nos jours, la promenade des Anglais est un des lieux de visite incontournables à Nice.</anecdote>
    </contenu>
    <contenu id="6">
      <question>Quelle série télévisée française a pour quartier fictif principal 'Le Mistral' ?</question>
      <propositions>
        <proposition id="6-1">Julie Lescaut</proposition>
        <proposition id="6-2">Plus belle la vie</proposition>
        <proposition id="6-3">Braquo</proposition>
        <proposition id="6-4">Nerdz</proposition>
      </propositions>
      <réponse proposition="6-2">Plus belle la vie</réponse>
      <anecdote>Le 11 juillet 2008, 'Plus belle la vie' a atteint la barre du millième épisode, une première en France.</anecdote>
    </contenu>
    <contenu id="7">
      <question>Laquelle de ces îles ne se situe pas en Méditerranée mais bien en Afrique ?</question>
      <propositions>
        <proposition id="7-1">Chios</proposition>
        <proposition id="7-2">Sardaigne</proposition>
        <proposition id="7-3">Eubée</proposition>
        <proposition id="7-4">Madagascar</proposition>
      </propositions>
      <réponse proposition="7-4">Madagascar</réponse>
      <anecdote>Cest la cinquième plus grande île du monde après l'Australie, le Groenland, la Nouvelle-Guinée et Bornéo.</anecdote>
    </contenu>
    <contenu id="8">
      <question>Quel est le nom du littoral méditerranéen qui englobe notamment Nice et Monaco ?</question>
      <propositions>
        <proposition id="8-1">Côte Vermeille</proposition>
        <proposition id="8-2">Côte Camarguaise</proposition>
        <proposition id="8-3">Côte Bleue</proposition>
        <proposition id="8-4">Côte d'Azur</proposition>
      </propositions>
      <réponse proposition="8-4">Côte d'Azur</réponse>
      <anecdote>L'adjectif correspondant à Côte d'Azur est « azuréen » et ses habitants sont appelés les Azuréens.</anecdote>
    </contenu>
    <contenu id="9">
      <question>Quelle principauté se trouve sur le Côte d'Azur, au bord de la mer Méditerranée ?</question>
      <propositions>
        <proposition id="9-1">Monaco</proposition>
        <proposition id="9-2">Liechtenstein</proposition>
        <proposition id="9-3">Vatican</proposition>
        <proposition id="9-4">Arménie</proposition>
      </propositions>
      <réponse proposition="9-1">Monaco</réponse>
      <anecdote>Monaco n'est pas une enclave en territoire français comme Saint-Marin et le Vatican en Italie.</anecdote>
    </contenu>
    <contenu id="10">
      <question>De quelle ville longeant la Méditerranée Brice provient-il dans une comédie française ?</question>
      <propositions>
        <proposition id="10-1">De Nice</proposition>
        <proposition id="10-2">De Monaco</proposition>
        <proposition id="10-3">De Cannes</proposition>
        <proposition id="10-4">De Marseille</proposition>
      </propositions>
      <réponse proposition="10-1">De Nice</réponse>
      <anecdote>Apparu tout d'abord dans les sketches de Jean Dujardin, le personnage est apparu dans des films.</anecdote>
    </contenu>
  </débutant>
  <confirmé>
    <contenu id="11">
      <question>Quelle île grecque de l'archipel des Cyclades a subi la venue des Ch'tis en télévision ?</question>
      <propositions>
        <proposition id="11-1">Andros</proposition>
        <proposition id="11-2">Mykonos</proposition>
        <proposition id="11-3">Naxos</proposition>
        <proposition id="11-4">Syros</proposition>
      </propositions>
      <réponse proposition="11-2">Mykonos</réponse>
      <anecdote>Un total de 36 épisodes a été tourné pour une diffusion du 3 septembre 2012 au 19 octobre 2012.</anecdote>
    </contenu>
    <contenu id="12">
      <question>Quelle ville méditerranéenne du Sud-Est de la France est connue pour ses calanques ?</question>
      <propositions>
        <proposition id="12-1">Marseille</proposition>
        <proposition id="12-2">Béziers</proposition>
        <proposition id="12-3">Perpignan</proposition>
        <proposition id="12-4">Montpellier</proposition>
      </propositions>
      <réponse proposition="12-1">Marseille</réponse>
      <anecdote>Le mot calanque désigne une vallée creusée par une rivière, puis récupérée par la mer.</anecdote>
    </contenu>
    <contenu id="13">
      <question>Laquelle de ces mers ne se situe pas dans le bassin méditerranéen ?</question>
      <propositions>
        <proposition id="13-1">Mer de Crète</proposition>
        <proposition id="13-2">Mer du Groenland</proposition>
        <proposition id="13-3">Mer des Baléares</proposition>
        <proposition id="13-4">Mer de Ligurie</proposition>
      </propositions>
      <réponse proposition="13-2">Mer du Groenland</réponse>
      <anecdote>La mer du Groenland est riche de microrganismes, base de la chaîne alimentaire marine.</anecdote>
    </contenu>
    <contenu id="14">
      <question>Dans quelle mer se situe le golfe de Venise, d'une profondeur moyenne de 34 mètres ?</question>
      <propositions>
        <proposition id="14-1">Mer d'Alboran</proposition>
        <proposition id="14-2">Mer Ionienne</proposition>
        <proposition id="14-3">Mer Égée</proposition>
        <proposition id="14-4">Mer Adriatique</proposition>
      </propositions>
      <réponse proposition="14-4">Mer Adriatique</réponse>
      <anecdote>Le golfe de Venise reçoit les eaux du Tagliamento, du Piave, de l'Adige et de la Brenta.</anecdote>
    </contenu>
    <contenu id="15">
      <question>Laquelle de ces villes de France ne situe pas sur la Côte d'Azur ?</question>
      <propositions>
        <proposition id="15-1">Marseille</proposition>
        <proposition id="15-2">Le Lavandou</proposition>
        <proposition id="15-3">Fréjus</proposition>
        <proposition id="15-4">Narbonne</proposition>
      </propositions>
      <réponse proposition="15-4">Narbonne</réponse>
      <anecdote>Narbonne est la commune la plus grande et la plus peuplée du département de l'Aude.</anecdote>
    </contenu>
    <contenu id="16">
      <question>À quel pays appartient l'archipel des Cyclades, formé d'environ 250 îles ?</question>
      <propositions>
        <proposition id="16-1">La Libye</proposition>
        <proposition id="16-2">La Grèce</proposition>
        <proposition id="16-3">La Turquie</proposition>
        <proposition id="16-4">La Bulgarie</proposition>
      </propositions>
      <réponse proposition="16-2">La Grèce</réponse>
      <anecdote>On les appelle Cyclades car elles forment un cercle autour de lîle sacrée de Délos.</anecdote>
    </contenu>
    <contenu id="17">
      <question>Dans 'L'Odyssée' d'Homère, qui traverse la Méditerranée dans un long périple ?</question>
      <propositions>
        <proposition id="17-1">Hercule</proposition>
        <proposition id="17-2">Jason</proposition>
        <proposition id="17-3">Ulysse</proposition>
        <proposition id="17-4">Thésée</proposition>
      </propositions>
      <réponse proposition="17-3">Ulysse</réponse>
      <anecdote>'L'Odyssée' est considérée comme lun des plus grands chefs-duvre de la littérature.</anecdote>
    </contenu>
    <contenu id="18">
      <question>Où se trouve le canal de Suez qui relie la mer Rouge à la mer Méditerranée ?</question>
      <propositions>
        <proposition id="18-1">En Algérie</proposition>
        <proposition id="18-2">En Libye</proposition>
        <proposition id="18-3">En Égypte</proposition>
        <proposition id="18-4">En Tunisie</proposition>
      </propositions>
      <réponse proposition="18-3">En Égypte</réponse>
      <anecdote>Il permet aux navires d'aller d'Europe en Asie sans devoir contourner l'Afrique par le cap de Bonne-Espérance.</anecdote>
    </contenu>
    <contenu id="19">
      <question>À quel pays les golfes de Messénie, Corinthe et Laconie sont-ils rattachés ?</question>
      <propositions>
        <proposition id="19-1">L'Italie</proposition>
        <proposition id="19-2">La France</proposition>
        <proposition id="19-3">La Turquie</proposition>
        <proposition id="19-4">La Grèce</proposition>
      </propositions>
      <réponse proposition="19-4">La Grèce</réponse>
      <anecdote>Le golfe de Corinthe est un profond bras de mer qui sépare le Péloponnèse de la Grèce continentale occidentale.</anecdote>
    </contenu>
    <contenu id="20">
      <question>Quel océan est relié à la mer Méditerranée par le détroit de Gibraltar ?</question>
      <propositions>
        <proposition id="20-1">Arctique</proposition>
        <proposition id="20-2">Atlantique</proposition>
        <proposition id="20-3">Pacifique</proposition>
        <proposition id="20-4">Indien</proposition>
      </propositions>
      <réponse proposition="20-2">Atlantique</réponse>
      <anecdote>Le détroit de Gibraltar est le seul passage maritime entre l'océan Atlantique et la mer Méditerranée.</anecdote>
    </contenu>
  </confirmé>
  <expert>
    <contenu id="21">
      <question>Quelle île tunisienne délimite au sud le golfe de Gabès, situé en Méditerranée ?</question>
      <propositions>
        <proposition id="21-1">Gharbi</proposition>
        <proposition id="21-2">Djerba</proposition>
        <proposition id="21-3">Zembra</proposition>
        <proposition id="21-4">Chergui</proposition>
      </propositions>
      <réponse proposition="21-2">Djerba</réponse>
      <anecdote>Le 17 février 2012, Djerba fut proposée pour un futur classement à lUnesco.</anecdote>
    </contenu>
    <contenu id="22">
      <question>En quelle année un Airbus A320-232 de Airways Germany s'est-il crashé en Méditerranée ?</question>
      <propositions>
        <proposition id="22-1">2008</proposition>
        <proposition id="22-2">2000</proposition>
        <proposition id="22-3">2004</proposition>
        <proposition id="22-4">2012</proposition>
      </propositions>
      <réponse proposition="22-1">2008</réponse>
      <anecdote>Des sept personnes qui se trouvaient à bord, six sont mortes et une est portée disparue.</anecdote>
    </contenu>
    <contenu id="23">
      <question>En 1998, quel objet ayant appartenu à Antoine de Saint-Exupéry a été repêché en Méditerranée ?</question>
      <propositions>
        <proposition id="23-1">Une gourmette</proposition>
        <proposition id="23-2">Des lunettes</proposition>
        <proposition id="23-3">Une bague</proposition>
        <proposition id="23-4">Une montre</proposition>
      </propositions>
      <réponse proposition="23-1">Une gourmette</réponse>
      <anecdote>C'est un patron pêcheur marseillais, Jean-Claude Bianco, assisté de son second, qui fit la découverte.</anecdote>
    </contenu>
    <contenu id="24">
      <question>En quelle année fut créée la Mission Racine pour le développement du littoral de la Méditerranée ?</question>
      <propositions>
        <proposition id="24-1">1993</proposition>
        <proposition id="24-2">1973</proposition>
        <proposition id="24-3">1983</proposition>
        <proposition id="24-4">1963</proposition>
      </propositions>
      <réponse proposition="24-4">1963</réponse>
      <anecdote>La Grande-Motte, l'une des stations balnéaires créées par la mission Racine.</anecdote>
    </contenu>
    <contenu id="25">
      <question>Dans quelle ville méditerranéenne la chanteuse française Jenifer est-elle née ?</question>
      <propositions>
        <proposition id="25-1">Marseille</proposition>
        <proposition id="25-2">Sète</proposition>
        <proposition id="25-3">Nice</proposition>
        <proposition id="25-4">Cannes</proposition>
      </propositions>
      <réponse proposition="25-3">Nice</réponse>
      <anecdote>Jenifer est connue pour avoir fait partie du jury des quatre premières saisons de 'The Voice '.</anecdote>
    </contenu>
    <contenu id="26">
      <question>Comment se nomme la baie niçoise où se trouve la promenade des Anglais ?</question>
      <propositions>
        <proposition id="26-1">Baie des Anges</proposition>
        <proposition id="26-2">Baie des Sirènes</proposition>
        <proposition id="26-3">Baie des Dieux</proposition>
        <proposition id="26-4">Baie des Ancres</proposition>
      </propositions>
      <réponse proposition="26-1">Baie des Anges</réponse>
      <anecdote>De nombreux récits et légendes font intervenir des anges du ciel à propos de cette baie.</anecdote>
    </contenu>
    <contenu id="27">
      <question>Du nord au sud, quelle est environ la longueur de la mer Égée, en Méditerranée ?</question>
      <propositions>
        <proposition id="27-1">600 km</proposition>
        <proposition id="27-2">200 km</proposition>
        <proposition id="27-3">400 km</proposition>
        <proposition id="27-4">800 km</proposition>
      </propositions>
      <réponse proposition="27-1">600 km</réponse>
      <anecdote>La mer Égée baigne une très grande quantité d'îles dont la principale est la Crète.</anecdote>
    </contenu>
    <contenu id="28">
      <question>Dans quel pays se situe le secrétariat général de l'Union pour la Méditerranée, créé en 2008 ?</question>
      <propositions>
        <proposition id="28-1">Algérie</proposition>
        <proposition id="28-2">Israël</proposition>
        <proposition id="28-3">Espagne</proposition>
        <proposition id="28-4">Grèce</proposition>
      </propositions>
      <réponse proposition="28-3">Espagne</réponse>
      <anecdote>L'organisation est destinée à renforcer les acquis du Partenariat euro-méditerranéen (Euromed) mis en place en 1995.</anecdote>
    </contenu>
    <contenu id="29">
      <question>En quelle année l'expression « Côte d'Azur » est-elle apparue par le biais de Stéphen Liégeard ?</question>
      <propositions>
        <proposition id="29-1">1917</proposition>
        <proposition id="29-2">1857</proposition>
        <proposition id="29-3">1887</proposition>
        <proposition id="29-4">1947</proposition>
      </propositions>
      <réponse proposition="29-3">1887</réponse>
      <anecdote>Écrivain et poète français, Stéphen Liégeard remplaça ainsi l'ancienne dénomination « Riviera ».</anecdote>
    </contenu>
    <contenu id="30">
      <question>Qui est l'auteur de la chanson 'Supplique pour être enterré à la plage de Sète' ?</question>
      <propositions>
        <proposition id="30-1">Gilbert Bécaud</proposition>
        <proposition id="30-2">Charles Trenet</proposition>
        <proposition id="30-3">Georges Brassens</proposition>
        <proposition id="30-4">Serge Gainsbourg</proposition>
      </propositions>
      <réponse proposition="30-3">Georges Brassens</réponse>
      <anecdote>Maxime Le Forestier a fréquemment repris le titre dans plusieurs albums en hommage à Brassens.</anecdote>
    </contenu>
  </expert>
</quizz>