<?xml version="1.0" encoding="UTF-8" standalone="yes" ?>
<quizz fournisseur="OpenQuizzDB : Fournisseur de contenu libre"
       url="http://www.openquizzdb.org"
       rédacteur="Philippe Bresoux"
       thème="Sports pour tous"
       difficulté="3">
  <débutant>
    <contenu id="1">
      <question>De quel petit objet se munit le golfeur pour surélever sa balle avant de la frapper ?</question>
      <propositions>
        <proposition id="1-1">Un putter</proposition>
        <proposition id="1-2">Un pitch</proposition>
        <proposition id="1-3">Un tee</proposition>
        <proposition id="1-4">Un caddie</proposition>
      </propositions>
      <réponse proposition="1-3">Un tee</réponse>
      <anecdote>Le joueur peut poser sa balle sur une cheville de bois ou de plastique qui ne peut pas être utilisée en dehors des départs.</anecdote>
    </contenu>
    <contenu id="2">
      <question>Quel sport de raquette porte le nom de la ville anglaise où il fut inventé ?</question>
      <propositions>
        <proposition id="2-1">Le tennis</proposition>
        <proposition id="2-2">Le squash</proposition>
        <proposition id="2-3">Le padel</proposition>
        <proposition id="2-4">Le badminton</proposition>
      </propositions>
      <réponse proposition="2-4">Le badminton</réponse>
      <anecdote>Le badminton est toujours pratiqué en intérieur car avec le vent, en extérieur, le volant peut changer de direction.</anecdote>
    </contenu>
    <contenu id="3">
      <question>Combien y a-t-il de joueurs sur le terrain dans une équipe de football ?</question>
      <propositions>
        <proposition id="3-1">Quatorze</proposition>
        <proposition id="3-2">Onze</proposition>
        <proposition id="3-3">Neuf</proposition>
        <proposition id="3-4">Dix</proposition>
      </propositions>
      <réponse proposition="3-2">Onze</réponse>
      <anecdote>Codifié par les Britanniques à la fin du XIXe siècle, le football s'est doté en 1904 d'une fédération internationale, la FIFA.</anecdote>
    </contenu>
    <contenu id="4">
      <question>Quel tapis à ressorts sert au gymnaste à faire toutes sortes de figures ?</question>
      <propositions>
        <proposition id="4-1">L'espalier</proposition>
        <proposition id="4-2">Le ruban</proposition>
        <proposition id="4-3">Le cheval d'arçons</proposition>
        <proposition id="4-4">Le trampoline</proposition>
      </propositions>
      <réponse proposition="4-4">Le trampoline</réponse>
      <anecdote>Le terme générique de « trampoline » englobe trois disciplines : le trampoline, le tumbling et le double mini trampoline.</anecdote>
    </contenu>
    <contenu id="5">
      <question>Que réussit une équipe de rugby qui remporte les quatre matches du Tournoi des Six Nations ?</question>
      <propositions>
        <proposition id="5-1">Le chardon</proposition>
        <proposition id="5-2">La rose rouge</proposition>
        <proposition id="5-3">Les trois plumes</proposition>
        <proposition id="5-4">Le grand chelem</proposition>
      </propositions>
      <réponse proposition="5-4">Le grand chelem</réponse>
      <anecdote>Pour des raisons de sponsoring, ce tournoi est officiellement appelé « RBS Six Nations » (RBS pour Royal Bank of Scotland).</anecdote>
    </contenu>
    <contenu id="6">
      <question>Que signale le drapeau à damiers noir et jaune dans une station de sports d'hiver ?</question>
      <propositions>
        <proposition id="6-1">Risque d'avalanche</proposition>
        <proposition id="6-2">Fin de journée</proposition>
        <proposition id="6-3">Ouverture des pistes</proposition>
        <proposition id="6-4">Télésiège en panne</proposition>
      </propositions>
      <réponse proposition="6-1">Risque d'avalanche</réponse>
      <anecdote>La puissance des avalanches est telle qu'elles emportent facilement tout élément mobile rencontré (hommes, animaux, rochers).</anecdote>
    </contenu>
    <contenu id="7">
      <question>Au golf, au milieu de quoi le trou est-il généralement placé ?</question>
      <propositions>
        <proposition id="7-1">Le spleen</proposition>
        <proposition id="7-2">Le spin</proposition>
        <proposition id="7-3">Le gin</proposition>
        <proposition id="7-4">Le green</proposition>
      </propositions>
      <réponse proposition="7-4">Le green</réponse>
      <anecdote>Le golf est un sport moins pratiqué par les femmes que par les hommes qui souffre d'un traitement médiatique et financier inégal.</anecdote>
    </contenu>
    <contenu id="8">
      <question>Laquelle de ces propositions ne retrouve-t-on pas sur un vélo de sprinter sur piste ?</question>
      <propositions>
        <proposition id="8-1">Des freins</proposition>
        <proposition id="8-2">Un cadre</proposition>
        <proposition id="8-3">Un guidon</proposition>
        <proposition id="8-4">Une selle</proposition>
      </propositions>
      <réponse proposition="8-1">Des freins</réponse>
      <anecdote>Le pratiquant de ce sport est donc obligé de pédaler en permanence jusqu'à l'arrêt complet de son vélo (pignons fixes).</anecdote>
    </contenu>
    <contenu id="9">
      <question>Comment appelle-t-on une descente rapide en ski alpin  ?</question>
      <propositions>
        <proposition id="9-1">Un freestyle</proposition>
        <proposition id="9-2">Un combiné</proposition>
        <proposition id="9-3">Un schuss</proposition>
        <proposition id="9-4">Un slalom</proposition>
      </propositions>
      <réponse proposition="9-3">Un schuss</réponse>
      <anecdote>En compétition, durant les épreuves de vitesse, le bâton est profilé pour épouser la forme du corps du skieur lors du schuss.</anecdote>
    </contenu>
    <contenu id="10">
      <question>Quel nombre de jeux chaque set de tennis comporte-t-il ?</question>
      <propositions>
        <proposition id="10-1">Onze</proposition>
        <proposition id="10-2">Sept</proposition>
        <proposition id="10-3">Au moins six</proposition>
        <proposition id="10-4">Cinq</proposition>
      </propositions>
      <réponse proposition="10-3">Au moins six</réponse>
      <anecdote>Le mot « tennis » provient du français « tenez », mot que l'on adressait à l'adversaire au moment de servir.</anecdote>
    </contenu>
  </débutant>
  <confirmé>
    <contenu id="11">
      <question>Dans une épreuve de saut en longueur, à combien d'essais chaque concurrent a-t-il droit ?</question>
      <propositions>
        <proposition id="11-1">Quatre</proposition>
        <proposition id="11-2">Deux</proposition>
        <proposition id="11-3">Cinq</proposition>
        <proposition id="11-4">Trois</proposition>
      </propositions>
      <réponse proposition="11-4">Trois</réponse>
      <anecdote>Le record du monde masculin de saut en longueur est détenu depuis 1991 par Mike Powell avec un saut à 8,95 mètres.</anecdote>
    </contenu>
    <contenu id="12">
      <question>En kayak, de quel type de pagaie se sert-on pour avancer ou reculer ?</question>
      <propositions>
        <proposition id="12-1">Triple</proposition>
        <proposition id="12-2">Simple</proposition>
        <proposition id="12-3">Double</proposition>
        <proposition id="12-4">Quadruple</proposition>
      </propositions>
      <réponse proposition="12-3">Double</réponse>
      <anecdote>Le kayak est parfois confondu avec le canoë, la pratique sportive étant désignée par le terme général « canoë-kayak ».</anecdote>
    </contenu>
    <contenu id="13">
      <question>Quel était le nom de la navigatrice en solitaire française, skipper du Biotherm ?</question>
      <propositions>
        <proposition id="13-1">Florence Artaud</proposition>
        <proposition id="13-2">Mathilde Géron</proposition>
        <proposition id="13-3">Maud Fontenoy</proposition>
        <proposition id="13-4">Isabelle Autissier</proposition>
      </propositions>
      <réponse proposition="13-1">Florence Artaud</réponse>
      <anecdote>Elle a perdu la vie dans un accident d'hélicoptère alors qu'elle participait au tournage de l'émission 'Dropped' de TF1.</anecdote>
    </contenu>
    <contenu id="14">
      <question>Dans le jargon de l'alpinisme, que fait un alpiniste qui « dévisse » ?</question>
      <propositions>
        <proposition id="14-1">Il dort</proposition>
        <proposition id="14-2">Il tombe</proposition>
        <proposition id="14-3">Il mange</proposition>
        <proposition id="14-4">Il ôte un piton</proposition>
      </propositions>
      <réponse proposition="14-2">Il tombe</réponse>
      <anecdote>L'alpinisme est une pratique sportive d'ascension en haute montagne qui repose sur différentes techniques de progression.</anecdote>
    </contenu>
    <contenu id="15">
      <question>En escrime, quelle est la troisième arme blanche avec l'épée et le fleuret ?</question>
      <propositions>
        <proposition id="15-1">Le sabre</proposition>
        <proposition id="15-2">Le couteau</proposition>
        <proposition id="15-3">La hache</proposition>
        <proposition id="15-4">Le poignard</proposition>
      </propositions>
      <réponse proposition="15-1">Le sabre</réponse>
      <anecdote>Ces trois armes sont sexuées : épée féminine et masculine, fleuret féminin et masculin et sabre féminin et masculin.</anecdote>
    </contenu>
    <contenu id="16">
      <question>À quelle grande gymnaste roumaine Ecaterina Szabo e-t-elle succédé ?</question>
      <propositions>
        <proposition id="16-1">Yelena Davydova</proposition>
        <proposition id="16-2">Vera Caslavska</proposition>
        <proposition id="16-3">Nadia Comaneci</proposition>
        <proposition id="16-4">Larissa Latynina</proposition>
      </propositions>
      <réponse proposition="16-3">Nadia Comaneci</réponse>
      <anecdote>Nadia Comaneci est souvent présentée, à tort, comme la première gymnaste de tous les temps à obtenir la note parfaite de 10.</anecdote>
    </contenu>
    <contenu id="17">
      <question>Avec quel entraîneur la France a-t-elle remporté la Coupe d'Europe de football de 1984 ?</question>
      <propositions>
        <proposition id="17-1">Guy Roux</proposition>
        <proposition id="17-2">Aimé Jacquet</proposition>
        <proposition id="17-3">Michel Hidalgo</proposition>
        <proposition id="17-4">Luis Fernandez</proposition>
      </propositions>
      <réponse proposition="17-3">Michel Hidalgo</réponse>
      <anecdote>En 1986, Michel Hidalgo a rejoint Bernard Tapie à l'Olympique de Marseille pour en devenir le manager général jusqu'en 1991.</anecdote>
    </contenu>
    <contenu id="18">
      <question>Dans quel sport est-il préférable d'avoir un bon « coup de pelle » ?</question>
      <propositions>
        <proposition id="18-1">Le cricket</proposition>
        <proposition id="18-2">L'aviron</proposition>
        <proposition id="18-3">L'escrime</proposition>
        <proposition id="18-4">Le golf</proposition>
      </propositions>
      <réponse proposition="18-2">L'aviron</réponse>
      <anecdote>L'aviron est un sport olympique depuis la création des JO modernes en 1896 sous l'impulsion du Baron Pierre de Coubertin.</anecdote>
    </contenu>
    <contenu id="19">
      <question>Quel sport reste à ce jour le sport préféré des collégiens anglais ?</question>
      <propositions>
        <proposition id="19-1">Le hanball</proposition>
        <proposition id="19-2">Le football</proposition>
        <proposition id="19-3">Le cricket</proposition>
        <proposition id="19-4">Le tennis</proposition>
      </propositions>
      <réponse proposition="19-3">Le cricket</réponse>
      <anecdote>Plus de cent pays sont affiliés à l'International Cricket Council, qui organise notamment la Coupe du monde de cricket.</anecdote>
    </contenu>
    <contenu id="20">
      <question>Comment le barreur dirige-t-il ses coéquipiers en aviron ?</question>
      <propositions>
        <proposition id="20-1">Au porte-voix</proposition>
        <proposition id="20-2">Au sifflet</proposition>
        <proposition id="20-3">En musique</proposition>
        <proposition id="20-4">Au tambour</proposition>
      </propositions>
      <réponse proposition="20-1">Au porte-voix</réponse>
      <anecdote>Dans un équipage d'aviron, le barreur est le membre qui s'assoit sur la poupe, se mettant face à la proue.</anecdote>
    </contenu>
  </confirmé>
  <expert>
    <contenu id="21">
      <question>En baseball, combien de joueurs se trouvent sur le terrain en défense ?</question>
      <propositions>
        <proposition id="21-1">Onze</proposition>
        <proposition id="21-2">Sept</proposition>
        <proposition id="21-3">Treize</proposition>
        <proposition id="21-4">Neuf</proposition>
      </propositions>
      <réponse proposition="21-4">Neuf</réponse>
      <anecdote>La première référence au rounders est faite dans un livre anglais de John Newbery en 1744 : 'A Little Pretty Pocket-Book'.</anecdote>
    </contenu>
    <contenu id="22">
      <question>En ski, le christiana est une technique permettant d'effectuer quelle manuvre ?</question>
      <propositions>
        <proposition id="22-1">Un virage</proposition>
        <proposition id="22-2">Un freinage</proposition>
        <proposition id="22-3">Un arrêt</proposition>
        <proposition id="22-4">Un saut</proposition>
      </propositions>
      <réponse proposition="22-1">Un virage</réponse>
      <anecdote>Cette technique est née à la Belle Époque sur les longues pistes de ski très fréquentées de la ville de Christiania.</anecdote>
    </contenu>
    <contenu id="23">
      <question>Combien les Américains ont-ils gagné de médailles aux JO d'été de 1984 ?</question>
      <propositions>
        <proposition id="23-1">61</proposition>
        <proposition id="23-2">174</proposition>
        <proposition id="23-3">30</proposition>
        <proposition id="23-4">83</proposition>
      </propositions>
      <réponse proposition="23-2">174</réponse>
      <anecdote>En l'absence de grandes nations sportives comme l'URSS et la RDA, les États-Unis ont dominé ces jeux de Los Angeles.</anecdote>
    </contenu>
    <contenu id="24">
      <question>Quelle équipe de rugby possède comme emblème une antilope sur maillot vert et sombre ?</question>
      <propositions>
        <proposition id="24-1">Afrique du Sud</proposition>
        <proposition id="24-2">Nouvelle-Zélande</proposition>
        <proposition id="24-3">Écosse</proposition>
        <proposition id="24-4">Irlande</proposition>
      </propositions>
      <réponse proposition="24-1">Afrique du Sud</réponse>
      <anecdote>En raison de son palmarès, cette équipe est considérée comme l'une des meilleures sélections nationales au monde.</anecdote>
    </contenu>
    <contenu id="25">
      <question>Quelle moto possède la cylindrée la plus adaptée au trial ?</question>
      <propositions>
        <proposition id="25-1">200 cm³</proposition>
        <proposition id="25-2">150 cm³</proposition>
        <proposition id="25-3">100 cm³</proposition>
        <proposition id="25-4">250 cm³</proposition>
      </propositions>
      <réponse proposition="25-4">250 cm³</réponse>
      <anecdote>Le trial, qui consiste à franchir des obstacles naturels ou artificiels, est un sport où la notion de vitesse n'intervient pas.</anecdote>
    </contenu>
    <contenu id="26">
      <question>Combien d'heures la course cycliste des Six Jours de Paris durait-elle ?</question>
      <propositions>
        <proposition id="26-1">124 heures</proposition>
        <proposition id="26-2">144 heures</proposition>
        <proposition id="26-3">104 heures</proposition>
        <proposition id="26-4">84 heures</proposition>
      </propositions>
      <réponse proposition="26-2">144 heures</réponse>
      <anecdote>Richement dotée, elle était très populaire avant la Seconde Guerre mondiale et était la principale compétition de ce type en France.</anecdote>
    </contenu>
    <contenu id="27">
      <question>En croquet, que devient une boule qui franchit tous les arceaux sans toucher le piquet ?</question>
      <propositions>
        <proposition id="27-1">Corsaire</proposition>
        <proposition id="27-2">Matelot</proposition>
        <proposition id="27-3">Capitaine</proposition>
        <proposition id="27-4">Pirate</proposition>
      </propositions>
      <réponse proposition="27-1">Corsaire</réponse>
      <anecdote>Une fois le dernier anneau passé, un joueur peut empêcher ses adversaires de gagner en prenant soin de ne pas toucher le piquet.</anecdote>
    </contenu>
    <contenu id="28">
      <question>Quelle course de fond suédoise emprunte le piste des Dalécarliens ?</question>
      <propositions>
        <proposition id="28-1">Marcialonga</proposition>
        <proposition id="28-2">Dolomitenlauf</proposition>
        <proposition id="28-3">Tartu Maraton</proposition>
        <proposition id="28-4">Vasaloppet</proposition>
      </propositions>
      <réponse proposition="28-4">Vasaloppet</réponse>
      <anecdote>La course se tient le premier dimanche de mars et près de 15 000 skieurs prennent le départ en 10 vagues successives.</anecdote>
    </contenu>
    <contenu id="29">
      <question>Quelle planche de surf pour grosses vagues permet de démarrer très tôt sur la vague ?</question>
      <propositions>
        <proposition id="29-1">Malibu</proposition>
        <proposition id="29-2">Fishes</proposition>
        <proposition id="29-3">Eggs</proposition>
        <proposition id="29-4">Gun</proposition>
      </propositions>
      <réponse proposition="29-4">Gun</réponse>
      <anecdote>En fonction du temps, des préférences et de la manière de surfer, il existe différentes type de planches (appelées shape).</anecdote>
    </contenu>
    <contenu id="30">
      <question>Où les premiers jeux Olympiques d'hiver ont-ils eu lieu en 1924 ?</question>
      <propositions>
        <proposition id="30-1">Innsbruck</proposition>
        <proposition id="30-2">Chamonix</proposition>
        <proposition id="30-3">Grenoble</proposition>
        <proposition id="30-4">Oslo</proposition>
      </propositions>
      <réponse proposition="30-2">Chamonix</réponse>
      <anecdote>La compétition rassembla 258 athlètes de 16 pays qui disputèrent un total de 16 épreuves dans 6 sports différents.</anecdote>
    </contenu>
  </expert>
</quizz>