<?xml version="1.0" encoding="UTF-8" standalone="yes" ?>
<quizz fournisseur="OpenQuizzDB : Fournisseur de contenu libre"
       url="http://www.openquizzdb.org"
       rédacteur="Philippe Bresoux"
       thème="Auteurs classiques"
       difficulté="3">
  <débutant>
    <contenu id="1">
      <question>Qui Arthur Raimbaud appelait-il son « compagnon denfer » ?</question>
      <propositions>
        <proposition id="1-1">Gérard de Nerval</proposition>
        <proposition id="1-2">André Malraux</proposition>
        <proposition id="1-3">Paul Verlaine</proposition>
        <proposition id="1-4">Henri Michaux</proposition>
      </propositions>
      <réponse proposition="1-3">Paul Verlaine</réponse>
      <anecdote>Arthur Rimbaud écrit ses premiers poèmes à 15 ans et entretient une aventure amoureuse tumultueuse avec le poète Paul Verlaine.</anecdote>
    </contenu>
    <contenu id="2">
      <question>Quel poète chilien a reçu le prix Nobel de littérature en 1971 ?</question>
      <propositions>
        <proposition id="2-1">Gabriela Mistral</proposition>
        <proposition id="2-2">Pablo Neruda</proposition>
        <proposition id="2-3">Pablo de Rokha</proposition>
        <proposition id="2-4">Vicente Huidobro</proposition>
      </propositions>
      <réponse proposition="2-2">Pablo Neruda</réponse>
      <anecdote>Il est considéré comme l'un des quatre grands de la poésie chilienne (avec Gabriela Mistral, Pablo de Rokha et Vicente Huidobro).</anecdote>
    </contenu>
    <contenu id="3">
      <question>Quel poète et écrivain français était surnommé « le pape » du surréalisme ?</question>
      <propositions>
        <proposition id="3-1">Paul Éluard</proposition>
        <proposition id="3-2">René Char</proposition>
        <proposition id="3-3">Alain Jouffroy</proposition>
        <proposition id="3-4">André Breton</proposition>
      </propositions>
      <réponse proposition="3-4">André Breton</réponse>
      <anecdote>Les uvres complètes d'André Breton ont été publiées par Gallimard en quatre tomes dans la Bibliothèque de la Pléiade.</anecdote>
    </contenu>
    <contenu id="4">
      <question>Quel était le prénom du poète Du Bellay, né vers 1522 à Liré en Anjou ?</question>
      <propositions>
        <proposition id="4-1">Honoré</proposition>
        <proposition id="4-2">Edgar</proposition>
        <proposition id="4-3">Henri</proposition>
        <proposition id="4-4">Joachim</proposition>
      </propositions>
      <réponse proposition="4-4">Joachim</réponse>
      <anecdote>Sa rencontre avec Pierre de Ronsard fut à l'origine de la formation de la Pléiade, pour lequel du Bellay rédigea un manifeste.</anecdote>
    </contenu>
    <contenu id="5">
      <question>Quel écrivain homosexuel du XXe siècle a épousé sa cousine Madeleine ?</question>
      <propositions>
        <proposition id="5-1">André Breton</proposition>
        <proposition id="5-2">Edgar Allan Poe</proposition>
        <proposition id="5-3">André Gide</proposition>
        <proposition id="5-4">Paul Verlaine</proposition>
      </propositions>
      <réponse proposition="5-3">André Gide</réponse>
      <anecdote>André Gide est fasciné par la jeune fille, par sa conscience du mal, son sens rigide et conformiste de ce qu'il faut faire.</anecdote>
    </contenu>
    <contenu id="6">
      <question>Quel écrivain, mort en 1814, a parfois été surnommé le « divin marquis » ?</question>
      <propositions>
        <proposition id="6-1">Rimbaud</proposition>
        <proposition id="6-2">Sade</proposition>
        <proposition id="6-3">Joyce</proposition>
        <proposition id="6-4">Montesquieu</proposition>
      </propositions>
      <réponse proposition="6-2">Sade</réponse>
      <anecdote>Il fut surnommé le « divin marquis », en référence au « divin Arétin », premier auteur érotique des temps modernes.</anecdote>
    </contenu>
    <contenu id="7">
      <question>Quel écrivain allemand a travaillé et repris pendant 60 ans son livre 'Faust' ?</question>
      <propositions>
        <proposition id="7-1">Becker</proposition>
        <proposition id="7-2">Goethe</proposition>
        <proposition id="7-3">Lingg</proposition>
        <proposition id="7-4">Jacoby</proposition>
      </propositions>
      <réponse proposition="7-2">Goethe</réponse>
      <anecdote>Goethe est l'auteur d'une uvre abondante aux accents encyclopédiques qui le rattache à deux mouvements littéraires.</anecdote>
    </contenu>
    <contenu id="8">
      <question>Quel romancier du XIXe siècle sest lui-même baptisé « le Napoléon des lettres » ?</question>
      <propositions>
        <proposition id="8-1">Goethe</proposition>
        <proposition id="8-2">Montesquieu</proposition>
        <proposition id="8-3">Verlaine</proposition>
        <proposition id="8-4">Balzac</proposition>
      </propositions>
      <réponse proposition="8-4">Balzac</réponse>
      <anecdote>Comme il l'explique dans 'La Comédie humaine', il a pour projet d'identifier les « Espèces sociales » de son époque.</anecdote>
    </contenu>
    <contenu id="9">
      <question>Quel poète, auteur d'Alcools', a aussi écrit des romans libertins ?</question>
      <propositions>
        <proposition id="9-1">Apollinaire</proposition>
        <proposition id="9-2">Montaigne</proposition>
        <proposition id="9-3">Balzac</proposition>
        <proposition id="9-4">Mauriac</proposition>
      </propositions>
      <réponse proposition="9-1">Apollinaire</réponse>
      <anecdote>Apollinaire est également l'auteur de poèmes tels que 'Zone', 'La Chanson du mal-aimé' ou encore 'Le Pont Mirabeau'.</anecdote>
    </contenu>
    <contenu id="10">
      <question>Quel moraliste, célèbre pour ses 'Maximes', est mort dans le bras de Bossuet ?</question>
      <propositions>
        <proposition id="10-1">La Luzerne</proposition>
        <proposition id="10-2">La Bruyère</proposition>
        <proposition id="10-3">La Fontaine</proposition>
        <proposition id="10-4">La Rochefoucauld</proposition>
      </propositions>
      <réponse proposition="10-4">La Rochefoucauld</réponse>
      <anecdote>Bien qu'il n'ait publié que ses 'Mémoires' et ses 'Maximes', la production littéraire de François de La Rochefoucauld est dense.</anecdote>
    </contenu>
  </débutant>
  <confirmé>
    <contenu id="11">
      <question>Quel écrivain russe a été excommunié par l'Église orthodoxe ?</question>
      <propositions>
        <proposition id="11-1">Léon Tolstoï</proposition>
        <proposition id="11-2">Roman Goul</proposition>
        <proposition id="11-3">Vladimir Charov</proposition>
        <proposition id="11-4">Leonid Andreïev</proposition>
      </propositions>
      <réponse proposition="11-1">Léon Tolstoï</réponse>
      <anecdote>'Résurrection', écrit en 1899, est une uvre regroupant la majorité des arguments de la philosophie de Léon Tolstoï.</anecdote>
    </contenu>
    <contenu id="12">
      <question>Quel écrivain américain du XIXe siècle a été traduit en France par Baudelaire ?</question>
      <propositions>
        <proposition id="12-1">Henry James</proposition>
        <proposition id="12-2">Chuck Wendig</proposition>
        <proposition id="12-3">Edgar Allan Poe</proposition>
        <proposition id="12-4">Mark Frost</proposition>
      </propositions>
      <réponse proposition="12-3">Edgar Allan Poe</réponse>
      <anecdote>Connu surtout pour ses contes, il a donné à la nouvelle ses lettres de noblesse et est considéré comme l'inventeur du roman policier.</anecdote>
    </contenu>
    <contenu id="13">
      <question>Quel écrivain, mort fou en 1893, a suivi les cours du psychiatre Charcot ?</question>
      <propositions>
        <proposition id="13-1">Anatole France</proposition>
        <proposition id="13-2">Honoré de Balzac</proposition>
        <proposition id="13-3">Jules Verne</proposition>
        <proposition id="13-4">Guy de Maupassant</proposition>
      </propositions>
      <réponse proposition="13-4">Guy de Maupassant</réponse>
      <anecdote>La carrière littéraire de Maupassant se limite à une décennie (de 1880 à 1890) avant qu'il ne sombre peu à peu dans la folie.</anecdote>
    </contenu>
    <contenu id="14">
      <question>Quelle était la nationalité du romancier et essayiste Aldous Huxley ?</question>
      <propositions>
        <proposition id="14-1">Anglaise</proposition>
        <proposition id="14-2">Hongroise</proposition>
        <proposition id="14-3">Grecque</proposition>
        <proposition id="14-4">Russe</proposition>
      </propositions>
      <réponse proposition="14-1">Anglaise</réponse>
      <anecdote>Le courant de pensée dit du « New Age » se réfère fréquemment à ses écrits mystiques et d'étude des hallucinogènes.</anecdote>
    </contenu>
    <contenu id="15">
      <question>Quel poète du XIXe siècle a été surnommé « lhomme aux semelles de vent » ?</question>
      <propositions>
        <proposition id="15-1">Édouard Dujardin</proposition>
        <proposition id="15-2">Charles Baudelaire</proposition>
        <proposition id="15-3">Antoine Jofre</proposition>
        <proposition id="15-4">Arthur Rimbaud</proposition>
      </propositions>
      <réponse proposition="15-4">Arthur Rimbaud</réponse>
      <anecdote>Arthur Rimbaud abandonnera assez vite l'écriture pour se consacrer aux voyages et à l'étude des langues étrangères.</anecdote>
    </contenu>
    <contenu id="16">
      <question>Qui a séjourné en Angleterre avant de rédiger 'De l'Esprit des lois' ?</question>
      <propositions>
        <proposition id="16-1">Montesquieu</proposition>
        <proposition id="16-2">Mauriac</proposition>
        <proposition id="16-3">Mirabeau</proposition>
        <proposition id="16-4">Montaigne</proposition>
      </propositions>
      <réponse proposition="16-1">Montesquieu</réponse>
      <anecdote>Cette uvre majeure, qui a demandé à Montesquieu quatorze ans de travail, a fait l'objet d'une mise à l'Index en 1751.</anecdote>
    </contenu>
    <contenu id="17">
      <question>Quel prix Simone de Beauvoir a-t-elle obtenu pour 'Les Mandarins' ?</question>
      <propositions>
        <proposition id="17-1">Prix Femina</proposition>
        <proposition id="17-2">Prix Renaudot</proposition>
        <proposition id="17-3">Prix Goncourt</proposition>
        <proposition id="17-4">Prix Nobel</proposition>
      </propositions>
      <réponse proposition="17-3">Prix Goncourt</réponse>
      <anecdote>Il est dédié à Nelson Algren, un écrivain communiste américain avec lequel Beauvoir entretenait une intense relation depuis 1947.</anecdote>
    </contenu>
    <contenu id="18">
      <question>Quel écrivain, auteur du 'Hussard sur le toit', est né en Provence ?</question>
      <propositions>
        <proposition id="18-1">Henri Bosco</proposition>
        <proposition id="18-2">Jean Giono</proposition>
        <proposition id="18-3">Jean Garcin</proposition>
        <proposition id="18-4">Auguste Lacour</proposition>
      </propositions>
      <réponse proposition="18-2">Jean Giono</réponse>
      <anecdote>Inspirée par son imagination et ses visions de la Grèce antique, son uvre romanesque dépeint la condition de l'homme dans le monde.</anecdote>
    </contenu>
    <contenu id="19">
      <question>Quelle est la nationalité de l'écrivain et scénariste Dashiell Hammett ?</question>
      <propositions>
        <proposition id="19-1">Écossaise</proposition>
        <proposition id="19-2">Anglaise</proposition>
        <proposition id="19-3">Américaine</proposition>
        <proposition id="19-4">Irlandaise</proposition>
      </propositions>
      <réponse proposition="19-3">Américaine</réponse>
      <anecdote>Considéré comme le fondateur du roman noir, la contribution de Hammett à la littérature américaine est d'une importance capitale.</anecdote>
    </contenu>
    <contenu id="20">
      <question>Quel écrivain a fait publier les uvres de son ami La Boétie ?</question>
      <propositions>
        <proposition id="20-1">Montesquieu</proposition>
        <proposition id="20-2">Mirabeau</proposition>
        <proposition id="20-3">Montaigne</proposition>
        <proposition id="20-4">Mallarmé</proposition>
      </propositions>
      <réponse proposition="20-3">Montaigne</réponse>
      <anecdote>Le plus souvent souffrant ou maladif, Michel de Montaigne essaya de guérir en voyageant vers des lieux de cure.</anecdote>
    </contenu>
  </confirmé>
  <expert>
    <contenu id="21">
      <question>Près de quelle ville du sud-ouest Montaigne et Montesquieu ont-ils vécu ?</question>
      <propositions>
        <proposition id="21-1">Lyon</proposition>
        <proposition id="21-2">Toulouse</proposition>
        <proposition id="21-3">Marseille</proposition>
        <proposition id="21-4">Bordeaux</proposition>
      </propositions>
      <réponse proposition="21-4">Bordeaux</réponse>
      <anecdote>Prenant une part active à la vie politique en Aquitaine, Montaigne sera par deux fois maire de Bordeaux, de 1581 à 1585.</anecdote>
    </contenu>
    <contenu id="22">
      <question>Quel dramaturge a confié la mise en scène du 'Soulier de satin' à Jean-Louis Barrault ?</question>
      <propositions>
        <proposition id="22-1">Paul Claudel</proposition>
        <proposition id="22-2">René Char</proposition>
        <proposition id="22-3">François Mauriac</proposition>
        <proposition id="22-4">Jean Giono</proposition>
      </propositions>
      <réponse proposition="22-1">Paul Claudel</réponse>
      <anecdote>'Le Soulier de satin' est rarement joué en raison de sa durée et des effets que nécessite la mise en scène.</anecdote>
    </contenu>
    <contenu id="23">
      <question>Quel écrivain américain a été ramasseur de quilles dans un bowling ?</question>
      <propositions>
        <proposition id="23-1">Lester Dent</proposition>
        <proposition id="23-2">William Ard</proposition>
        <proposition id="23-3">Harlan Coben</proposition>
        <proposition id="23-4">Jack London</proposition>
      </propositions>
      <réponse proposition="23-4">Jack London</réponse>
      <anecdote>Il tire de ses lectures et de sa propre vie de misère linspiration pour de nombreux ouvrages très engagés et à coloration socialiste.</anecdote>
    </contenu>
    <contenu id="24">
      <question>Près de quel fleuve William Faulkner est-il né et mort ?</question>
      <propositions>
        <proposition id="24-1">Le Colorado</proposition>
        <proposition id="24-2">Le Rio Grande</proposition>
        <proposition id="24-3">Le Mississipi</proposition>
        <proposition id="24-4">Le Potomac</proposition>
      </propositions>
      <réponse proposition="24-3">Le Mississipi</réponse>
      <anecdote>William Faulkner a reçu le Prix Nobel de littérature en 1949, alors qu'il est encore relativement peu connu.</anecdote>
    </contenu>
    <contenu id="25">
      <question>Dans quel pays Louis Hémon est-il mort écrasé par un train ?</question>
      <propositions>
        <proposition id="25-1">Suisse</proposition>
        <proposition id="25-2">Inde</proposition>
        <proposition id="25-3">Allemagne</proposition>
        <proposition id="25-4">Canada</proposition>
      </propositions>
      <réponse proposition="25-4">Canada</réponse>
      <anecdote>Il doit sa célébrité à son principal roman, 'Maria Chapdelaine', écrit en 1912-1913 au Québec et publié après sa mort.</anecdote>
    </contenu>
    <contenu id="26">
      <question>Quel écrivain irlandais a vu son livre 'Ulysse' jugé « matière obscène » ?</question>
      <propositions>
        <proposition id="26-1">James Joyce</proposition>
        <proposition id="26-2">Mat Coward</proposition>
        <proposition id="26-3">Graham Greene</proposition>
        <proposition id="26-4">Chris Beckett</proposition>
      </propositions>
      <réponse proposition="26-1">James Joyce</réponse>
      <anecdote>Dans un premier temps, il fut publié sous forme de feuilleton dans le magazine américain 'The Little Review' entre 1918 et 1920.</anecdote>
    </contenu>
    <contenu id="27">
      <question>Quelle romancière du début du XXe siècle a été danseuse et mime ?</question>
      <propositions>
        <proposition id="27-1">Cardeline</proposition>
        <proposition id="27-2">Colette</proposition>
        <proposition id="27-3">Calouan</proposition>
        <proposition id="27-4">Champol</proposition>
      </propositions>
      <réponse proposition="27-2">Colette</réponse>
      <anecdote>Après Judith Gautier en 1910, Sidonie-Gabrielle Colette est la deuxième femme élue membre de l'académie Goncourt en 1945.</anecdote>
    </contenu>
    <contenu id="28">
      <question>Dans quel pays dAsie Paul Claudel a-t-il passé 14 ans comme consul ?</question>
      <propositions>
        <proposition id="28-1">Japon</proposition>
        <proposition id="28-2">Corée du Sud</proposition>
        <proposition id="28-3">Chine</proposition>
        <proposition id="28-4">Corée du Nord</proposition>
      </propositions>
      <réponse proposition="28-3">Chine</réponse>
      <anecdote>Claudel a passé plusieurs années en Chine et au Japon grâce à sa carrière, la culture orientale l'ayant beaucoup impressionné.</anecdote>
    </contenu>
    <contenu id="29">
      <question>Quel romancier évoque son domaine de Malagar en Aquitaine ?</question>
      <propositions>
        <proposition id="29-1">André Gide</proposition>
        <proposition id="29-2">Jean Giono</proposition>
        <proposition id="29-3">Guy de Maupassant</proposition>
        <proposition id="29-4">François Mauriac</proposition>
      </propositions>
      <réponse proposition="29-4">François Mauriac</réponse>
      <anecdote>L'histoire de Malagar est intimement liée à l'écrivain François Mauriac dont ce fut l'une des demeures familiales.</anecdote>
    </contenu>
    <contenu id="30">
      <question>Quel romancier a reçu le prix Nobel de littérature en 1952 ?</question>
      <propositions>
        <proposition id="30-1">François Mauriac</proposition>
        <proposition id="30-2">Paul Claudel</proposition>
        <proposition id="30-3">Jean Giono</proposition>
        <proposition id="30-4">André Breton</proposition>
      </propositions>
      <réponse proposition="30-1">François Mauriac</réponse>
      <anecdote>Il fut salué pour « limprégnation spirituelle et l'intensité artistique avec laquelle ses romans ont pénétré le drame de la vie humaine ».</anecdote>
    </contenu>
  </expert>
</quizz>