<?xml version="1.0" encoding="UTF-8" standalone="yes" ?>
<quizz fournisseur="OpenQuizzDB : Fournisseur de contenu libre"
       url="http://www.openquizzdb.org"
       rédacteur="Philippe Bresoux"
       thème="Chanteurs internationaux"
       difficulté="2">
  <débutant>
    <contenu id="1">
      <question>Quel gagnant de la 'Nouvelle Star', diffusée sur M6, est surnommé « La Tortue » ?</question>
      <propositions>
        <proposition id="1-1">Steeve Estatof</proposition>
        <proposition id="1-2">Julien Doré</proposition>
        <proposition id="1-3">Jonatan Cerrada</proposition>
        <proposition id="1-4">Christophe Willem</proposition>
      </propositions>
      <réponse proposition="1-4">Christophe Willem</réponse>
      <anecdote>Christophe est devenu Christophe Willem en référence au prénom William que ses parents avaient failli lui donner.</anecdote>
    </contenu>
    <contenu id="2">
      <question>En 1991, quel tube Yannick Noah a-t-il associé à la victoire de la France en coupe Davis ?</question>
      <propositions>
        <proposition id="2-1">Les Lionnes</proposition>
        <proposition id="2-2">Saga Africa</proposition>
        <proposition id="2-3">Vagabond</proposition>
        <proposition id="2-4">Ose</proposition>
      </propositions>
      <réponse proposition="2-2">Saga Africa</réponse>
      <anecdote>Yannick Noah signe lui-même les paroles, mélange de français et d'expressions camerounaises.</anecdote>
    </contenu>
    <contenu id="3">
      <question>Quel chanteur prénommé Mathieu a émergé du succès remporté par les Linkup ?</question>
      <propositions>
        <proposition id="3-1">Keen'V</proposition>
        <proposition id="3-2">M. Pokora</proposition>
        <proposition id="3-3">Corneille</proposition>
        <proposition id="3-4">Raphaël</proposition>
      </propositions>
      <réponse proposition="3-2">M. Pokora</réponse>
      <anecdote>Linkup est un boys band français, aujourd'hui dissous, vainqueur de la troisième saison de 'Popstars'.</anecdote>
    </contenu>
    <contenu id="4">
      <question>Quel est le style musical de l'album de Rohff, 'La fierté des années' ?</question>
      <propositions>
        <proposition id="4-1">Le tango</proposition>
        <proposition id="4-2">Le rap</proposition>
        <proposition id="4-3">Le disco</proposition>
        <proposition id="4-4">La techno</proposition>
      </propositions>
      <réponse proposition="4-2">Le rap</réponse>
      <anecdote>Rohff est le rappeur français qui a vendu le plus d'album solo parmi les rappeurs toujours en activité.</anecdote>
    </contenu>
    <contenu id="5">
      <question>Quel Américano-Libanais est entré dans les charts avec 'Life in Cartoon Motion' ?</question>
      <propositions>
        <proposition id="5-1">Iwan</proposition>
        <proposition id="5-2">K. Maro</proposition>
        <proposition id="5-3">Mika</proposition>
        <proposition id="5-4">Rida</proposition>
      </propositions>
      <réponse proposition="5-3">Mika</réponse>
      <anecdote>'Life in Cartoon Motion' a été certifié disque de diamant en France avec plus de 1 200 000 exemplaires écoulés.</anecdote>
    </contenu>
    <contenu id="6">
      <question>Quel jeune chanteur a charmé le public avec 'Vivo per lei', en duo avec Hélène Ségara ?</question>
      <propositions>
        <proposition id="6-1">Matthieu Chedid</proposition>
        <proposition id="6-2">Pierre Vassiliu</proposition>
        <proposition id="6-3">M. Pokora</proposition>
        <proposition id="6-4">Grégory Lemarchal</proposition>
      </propositions>
      <réponse proposition="6-4">Grégory Lemarchal</réponse>
      <anecdote>Il sera hospitalisé d'urgence trois jours plus tard dans l'attente d'une greffe des poumons.</anecdote>
    </contenu>
    <contenu id="7">
      <question>Quel DJ, grand animateur des soirées d'Ibiza, a livré au public 'Pop Life' en 2007 ?</question>
      <propositions>
        <proposition id="7-1">Quentin Mosimann</proposition>
        <proposition id="7-2">Claude Challe</proposition>
        <proposition id="7-3">David Guetta</proposition>
        <proposition id="7-4">Bob Sinclar</proposition>
      </propositions>
      <réponse proposition="7-3">David Guetta</réponse>
      <anecdote>En 2011, David Guetta est élu meilleur DJ du monde par le classement TOP 100 du magazine DJ Mag.</anecdote>
    </contenu>
    <contenu id="8">
      <question>Qui a chanté au pied de la Tour Eiffel devant plus de 800 000 personnes le 10 juin 2000 ?</question>
      <propositions>
        <proposition id="8-1">Patrick Bruel</proposition>
        <proposition id="8-2">Christophe Maé</proposition>
        <proposition id="8-3">Eddy Mitchell</proposition>
        <proposition id="8-4">Johnny Hallyday</proposition>
      </propositions>
      <réponse proposition="8-4">Johnny Hallyday</réponse>
      <anecdote>Plus de 2 100 couvertures de magazines ont déjà été consacrées à Johnny Hallyday.</anecdote>
    </contenu>
    <contenu id="9">
      <question>Sous quel nom le rappeur et homme d'affaires américain Curtis Jackson fait-il carrière ?</question>
      <propositions>
        <proposition id="9-1">Mike D</proposition>
        <proposition id="9-2">50 cent</proposition>
        <proposition id="9-3">Fat Joe</proposition>
        <proposition id="9-4">Big Sean</proposition>
      </propositions>
      <réponse proposition="9-2">50 cent</réponse>
      <anecdote>Avec l'aide d'Eminem et de Dr. Dre, Curtis Jackson est devenu le rappeur le plus populaire du moment.</anecdote>
    </contenu>
    <contenu id="10">
      <question>Avec quel chanteur le top model Heidi Klum a-t-elle été mariée durant sept ans ?</question>
      <propositions>
        <proposition id="10-1">Seal</proposition>
        <proposition id="10-2">Sean Paul</proposition>
        <proposition id="10-3">Robbie Williams</proposition>
        <proposition id="10-4">Paul McCartney</proposition>
      </propositions>
      <réponse proposition="10-1">Seal</réponse>
      <anecdote>Heidi Klum a conçu sa propre ligne de vêtements qui a été incluse dans le catalogue de mode allemand 'Otto'.</anecdote>
    </contenu>
  </débutant>
  <confirmé>
    <contenu id="11">
      <question>Quel chanteur a interprété Andy Warhol dans le film 'Basquiat', en 1996 ?</question>
      <propositions>
        <proposition id="11-1">Murray Head</proposition>
        <proposition id="11-2">Peter Gabriel</proposition>
        <proposition id="11-3">Bryan Ferry</proposition>
        <proposition id="11-4">David Bowie</proposition>
      </propositions>
      <réponse proposition="11-4">David Bowie</réponse>
      <anecdote>David Bowie avait déjà dédié une chanson à Andy Warhol dans son album 'Hunky Dory'.</anecdote>
    </contenu>
    <contenu id="12">
      <question>De quel nom le rappeur Curtis Jackson a-t-il signé une autobiographie de son enfance ?</question>
      <propositions>
        <proposition id="12-1">Flo Rida</proposition>
        <proposition id="12-2">Eminem</proposition>
        <proposition id="12-3">Bugz</proposition>
        <proposition id="12-4">50 cent</proposition>
      </propositions>
      <réponse proposition="12-4">50 cent</réponse>
      <anecdote>Samuel L. Jackson s'était vu offrir dans le film le rôle de Levar, mais celui-ci déclina la proposition.</anecdote>
    </contenu>
    <contenu id="13">
      <question>Quel « amiral » de la chanson a été invité par Nicolas Sarkozy pour chanter un 14 juillet ?</question>
      <propositions>
        <proposition id="13-1">Patrick Hernandez</proposition>
        <proposition id="13-2">Alain Chamfort</proposition>
        <proposition id="13-3">Michel Polnareff</proposition>
        <proposition id="13-4">Michel Fugain</proposition>
      </propositions>
      <réponse proposition="13-3">Michel Polnareff</réponse>
      <anecdote>« la France déroule le tapis rouge à Michel Polnareff, l'exilé fiscal, puis exilé tout court ».</anecdote>
    </contenu>
    <contenu id="14">
      <question>Quel DJ a repris un titre des années 80 pour faire un tube avec 'Living On Video' ?</question>
      <propositions>
        <proposition id="14-1">Madeon</proposition>
        <proposition id="14-2">Pakito</proposition>
        <proposition id="14-3">Brodinski</proposition>
        <proposition id="14-4">Vitalic</proposition>
      </propositions>
      <réponse proposition="14-2">Pakito</réponse>
      <anecdote>Le pseudo de Julien Ranouil vient de 'Paquito el Chocolatero', une musique festive populaire en Espagne.</anecdote>
    </contenu>
    <contenu id="15">
      <question>Quel chanteur, prénommé Philippe, a débuté en 1989 avec le groupe de rap marseillais IAM ?</question>
      <propositions>
        <proposition id="15-1">Kheops</proposition>
        <proposition id="15-2">Imhotep</proposition>
        <proposition id="15-3">Akhenaton</proposition>
        <proposition id="15-4">Kephren</proposition>
      </propositions>
      <réponse proposition="15-3">Akhenaton</réponse>
      <anecdote>Philippe Fragione est reconnu pour son maniement des figures de style et de la rime dans la tradition de la poésie arabe.</anecdote>
    </contenu>
    <contenu id="16">
      <question>Avec quel premier single le jeune Sean Kingston a-t-il connu un succès international ?</question>
      <propositions>
        <proposition id="16-1">Beautiful Songs</proposition>
        <proposition id="16-2">Beautiful Cars</proposition>
        <proposition id="16-3">Beautiful Girls</proposition>
        <proposition id="16-4">Beautiful Birds</proposition>
      </propositions>
      <réponse proposition="16-3">Beautiful Girls</réponse>
      <anecdote>Le style musical de cet  auteur-compositeur-interprète jamaïco-américain est un mélange de reggae et de pop.</anecdote>
    </contenu>
    <contenu id="17">
      <question>Quel chanteur a sorti 'Musicology' puis '3121' deux ans plus tard ?</question>
      <propositions>
        <proposition id="17-1">Bob James</proposition>
        <proposition id="17-2">Al Jarreau</proposition>
        <proposition id="17-3">James Brown</proposition>
        <proposition id="17-4">Prince</proposition>
      </propositions>
      <réponse proposition="17-4">Prince</réponse>
      <anecdote>La carrière de Prince Rogers Nelson, entamée en 1978, est l'une des plus denses dans l'univers de la pop.</anecdote>
    </contenu>
    <contenu id="18">
      <question>Quel membre des Rolling Stones a été opéré du cerveau après être tombé du haut d'un cocotier ?</question>
      <propositions>
        <proposition id="18-1">Mick Jagger</proposition>
        <proposition id="18-2">Ron Wood</proposition>
        <proposition id="18-3">Charlie Watts</proposition>
        <proposition id="18-4">Keith Richards</proposition>
      </propositions>
      <réponse proposition="18-4">Keith Richards</réponse>
      <anecdote>Keith Richardsest l'auteur de la grande majorité du répertoire original dues Rolling Stones.</anecdote>
    </contenu>
    <contenu id="19">
      <question>Qui a sorti 'Soldats de fortune', presque dix ans après 'Métèque et mat' ?</question>
      <propositions>
        <proposition id="19-1">Soprano</proposition>
        <proposition id="19-2">Brasco</proposition>
        <proposition id="19-3">Mokobé</proposition>
        <proposition id="19-4">Akhenaton</proposition>
      </propositions>
      <réponse proposition="19-4">Akhenaton</réponse>
      <anecdote>Sa reconnaissance artistique s'étend au-delà de la scène rap française dans laquelle il est l'un des plus influents.</anecdote>
    </contenu>
    <contenu id="20">
      <question>Sous quel nom Christophe Willem a-t-il dressé la liste des chansons de son premier album ?</question>
      <propositions>
        <proposition id="20-1">Cool</proposition>
        <proposition id="20-2">Double je</proposition>
        <proposition id="20-3">Heartbox</proposition>
        <proposition id="20-4">Inventaire</proposition>
      </propositions>
      <réponse proposition="20-4">Inventaire</réponse>
      <anecdote>Christophe Willem a participé à l'album 'Sol En Si - Le concert des Grands Gamins au Zénith'.</anecdote>
    </contenu>
  </confirmé>
  <expert>
    <contenu id="21">
      <question>Quel auteur de 'Dutty Rock' a auparavant représenté la Jamaïque en water-polo ?</question>
      <propositions>
        <proposition id="21-1">Sean Paul</proposition>
        <proposition id="21-2">Shabba Ranks</proposition>
        <proposition id="21-3">Johnny Osbourne</proposition>
        <proposition id="21-4">Carl Douglas</proposition>
      </propositions>
      <réponse proposition="21-1">Sean Paul</réponse>
      <anecdote>À ce jour, Sean Paul a vendu plus de dix millions de disques à travers le monde.</anecdote>
    </contenu>
    <contenu id="22">
      <question>Qui montre qu'il a toujours de la ressource malgré un album intitulé 'Memory almost full' ?</question>
      <propositions>
        <proposition id="22-1">Billy Joel</proposition>
        <proposition id="22-2">Cliff Richard</proposition>
        <proposition id="22-3">Paul McCartney</proposition>
        <proposition id="22-4">Elton John</proposition>
      </propositions>
      <réponse proposition="22-3">Paul McCartney</réponse>
      <anecdote>Paul McCartney est l'unique détenteur d'un disque de rhodium décerné en octobre 1979 par le Livre Guinness des records.</anecdote>
    </contenu>
    <contenu id="23">
      <question>Quelle star du rock, appelée « l'Iguane de Détroit », a été sorti de son lit dans une pub ?</question>
      <propositions>
        <proposition id="23-1">James Williamson</proposition>
        <proposition id="23-2">Iggy Pop</proposition>
        <proposition id="23-3">Mike Watt</proposition>
        <proposition id="23-4">Dave Alexander</proposition>
      </propositions>
      <réponse proposition="23-2">Iggy Pop</réponse>
      <anecdote>The Stooges est historiquement un des premiers groupes précurseurs du mouvement punk.</anecdote>
    </contenu>
    <contenu id="24">
      <question>Sous quel nom le père de M a-t-il fait carrière bien avant lui ?</question>
      <propositions>
        <proposition id="24-1">Alain Bashung</proposition>
        <proposition id="24-2">Louis Chedid</proposition>
        <proposition id="24-3">Michel Fugain</proposition>
        <proposition id="24-4">Patrick Juvet</proposition>
      </propositions>
      <réponse proposition="24-2">Louis Chedid</réponse>
      <anecdote>Louis Chedid est également le compositeur du conte musical 'Le Soldat rose' créé en 2006.</anecdote>
    </contenu>
    <contenu id="25">
      <question>Quel est le véritable prénom du rappeur et comédien français JoeyStarr ?</question>
      <propositions>
        <proposition id="25-1">Patrick</proposition>
        <proposition id="25-2">Didier</proposition>
        <proposition id="25-3">Alain</proposition>
        <proposition id="25-4">Michel</proposition>
      </propositions>
      <réponse proposition="25-2">Didier</réponse>
      <anecdote>Son manager, Sébastien Farran, lui reconnaît une qualité première, celle de « l'authenticité ».</anecdote>
    </contenu>
    <contenu id="26">
      <question>Dans quel pays Cornelius Nyungura, dit Corneille, a-t-il passé son enfance ?</question>
      <propositions>
        <proposition id="26-1">Le Cameroun</proposition>
        <proposition id="26-2">Le Burundi</proposition>
        <proposition id="26-3">Le Kenya</proposition>
        <proposition id="26-4">Le Rwanda</proposition>
      </propositions>
      <réponse proposition="26-4">Le Rwanda</réponse>
      <anecdote>Son premier album, 'Parce qu'on vient de loin', a été écrit, composé, arrangé et réalisé par lui-même.</anecdote>
    </contenu>
    <contenu id="27">
      <question>Qui est l'auteur-compositeur-interprète et guitariste du groupe Louise Attaque ?</question>
      <propositions>
        <proposition id="27-1">Pascal Auriat</proposition>
        <proposition id="27-2">Stephan Eicher</proposition>
        <proposition id="27-3">Gaëtan Roussel</proposition>
        <proposition id="27-4">Jean Constantin</proposition>
      </propositions>
      <réponse proposition="27-3">Gaëtan Roussel</réponse>
      <anecdote>Louise attaque est un groupe de rock français formé en 1994, dont le premier album est sorti en 1997.</anecdote>
    </contenu>
    <contenu id="28">
      <question>Quel chanteur sensuel prête sa voix au chef cuisiner dans 'South Park' ?</question>
      <propositions>
        <proposition id="28-1">Barry White</proposition>
        <proposition id="28-2">James Brown</proposition>
        <proposition id="28-3">Al Green</proposition>
        <proposition id="28-4">Issac Hayes</proposition>
      </propositions>
      <réponse proposition="28-4">Issac Hayes</réponse>
      <anecdote>L'humour de la série 'South park'se veut parodique, graveleux, raciste et scatologique.</anecdote>
    </contenu>
    <contenu id="29">
      <question>Avec quel groupe Justin Timberlake et Timbaland ont-ils enregistré 'Falling Down' ?</question>
      <propositions>
        <proposition id="29-1">Queen</proposition>
        <proposition id="29-2">A-Ha</proposition>
        <proposition id="29-3">The Police</proposition>
        <proposition id="29-4">Duran Duran</proposition>
      </propositions>
      <réponse proposition="29-4">Duran Duran</réponse>
      <anecdote>Le clip de 'Falling Down' met en scène des mannequins dans un centre de désintoxication.</anecdote>
    </contenu>
    <contenu id="30">
      <question>Qui a commencé pâtissier avant de sortir un album solo intitulé 'Mon paradis' ?</question>
      <propositions>
        <proposition id="30-1">Florent Pagny</proposition>
        <proposition id="30-2">Christophe Maé</proposition>
        <proposition id="30-3">Dany Brillant</proposition>
        <proposition id="30-4">Patrick Fiori</proposition>
      </propositions>
      <réponse proposition="30-2">Christophe Maé</réponse>
      <anecdote>L'album 'Mon paradis' (en référence à la Corse) est devenu disque de diamant avec 1 600 000 ventes.</anecdote>
    </contenu>
  </expert>
</quizz>