<?xml version="1.0" encoding="UTF-8" standalone="yes" ?>
<quizz fournisseur="OpenQuizzDB : Fournisseur de contenu libre"
       url="http://www.openquizzdb.org"
       rédacteur="Philippe Bresoux"
       thème="Grandes dates du 20e siècle"
       difficulté="4">
  <débutant>
    <contenu id="1">
      <question>En France, de quand datent les congés payés ainsi que la semaine de quarante heures ?</question>
      <propositions>
        <proposition id="1-1">1956</proposition>
        <proposition id="1-2">1936</proposition>
        <proposition id="1-3">1926</proposition>
        <proposition id="1-4">1946</proposition>
      </propositions>
      <réponse proposition="1-2">1936</réponse>
      <anecdote>Les congés payés sont une innovation sociale majeure dont certaines prémices étaient apparues en Allemagne.</anecdote>
    </contenu>
    <contenu id="2">
      <question>Quand a débuté la Cinquième République en France, succédant à la Quatrième République ?</question>
      <propositions>
        <proposition id="2-1">1948</proposition>
        <proposition id="2-2">1958</proposition>
        <proposition id="2-3">1938</proposition>
        <proposition id="2-4">1968</proposition>
      </propositions>
      <réponse proposition="2-2">1958</réponse>
      <anecdote>Elle marque une rupture par rapport à la tradition parlementaire de la République française.</anecdote>
    </contenu>
    <contenu id="3">
      <question>Quelle est l'année du début de la Seconde Guerre mondiale, conflit armé à l'échelle planétaire ?</question>
      <propositions>
        <proposition id="3-1">1938</proposition>
        <proposition id="3-2">1940</proposition>
        <proposition id="3-3">1914</proposition>
        <proposition id="3-4">1939</proposition>
      </propositions>
      <réponse proposition="3-4">1939</réponse>
      <anecdote>Ce conflit planétaire opposa schématiquement deux camps : les Alliés et l'Axe.</anecdote>
    </contenu>
    <contenu id="4">
      <question>En quelle année a eu lieu la Bataille de Verdun du 21 février au 19 décembre ?</question>
      <propositions>
        <proposition id="4-1">1916</proposition>
        <proposition id="4-2">1926</proposition>
        <proposition id="4-3">1946</proposition>
        <proposition id="4-4">1936</proposition>
      </propositions>
      <réponse proposition="4-1">1916</réponse>
      <anecdote>Cette bataille a vu une moyenne de 70 000 victimes pour chacun des dix mois du conflit.</anecdote>
    </contenu>
    <contenu id="5">
      <question>En quelle année a eu lieu la première Bataille de la Marne, mettant en échec le plan Schlieffen ?</question>
      <propositions>
        <proposition id="5-1">1940</proposition>
        <proposition id="5-2">1916</proposition>
        <proposition id="5-3">1914</proposition>
        <proposition id="5-4">1942</proposition>
      </propositions>
      <réponse proposition="5-3">1914</réponse>
      <anecdote>Cette bataille doit être distinguée de la seconde bataille de la Marne, qui se déroula en juillet 1918.</anecdote>
    </contenu>
    <contenu id="6">
      <question>En quelle année Kennedy, souvent désigné par ses initiales JFK, a-t-il été assassiné ?</question>
      <propositions>
        <proposition id="6-1">1963</proposition>
        <proposition id="6-2">1983</proposition>
        <proposition id="6-3">1953</proposition>
        <proposition id="6-4">1973</proposition>
      </propositions>
      <réponse proposition="6-1">1963</réponse>
      <anecdote>Son assassinat reste à ce jour, pour beaucoup, non résolu, alimentant les rumeurs et les hypothèses les plus folles.</anecdote>
    </contenu>
    <contenu id="7">
      <question>En quelle année est mort Charles de Gaulle, grand homme dÉtat français ?</question>
      <propositions>
        <proposition id="7-1">1970</proposition>
        <proposition id="7-2">1960</proposition>
        <proposition id="7-3">1950</proposition>
        <proposition id="7-4">1980</proposition>
      </propositions>
      <réponse proposition="7-1">1970</réponse>
      <anecdote>Charles de Gaulle est le premier à occuper la magistrature suprême sous la Cinquième République.</anecdote>
    </contenu>
    <contenu id="8">
      <question>En quelle année les Accords de Genève ont-ils marqué la fin de la guerre d'Indochine ?</question>
      <propositions>
        <proposition id="8-1">1974</proposition>
        <proposition id="8-2">1954</proposition>
        <proposition id="8-3">1944</proposition>
        <proposition id="8-4">1964</proposition>
      </propositions>
      <réponse proposition="8-2">1954</réponse>
      <anecdote>Depuis 1946, la guerre d'Indochine opposait principalement la France au Viet Minh dirigé par Ho Chi Minh.</anecdote>
    </contenu>
    <contenu id="9">
      <question>En quelle année Charles De Gaulle a-t-il été élu au suffrage universel ?</question>
      <propositions>
        <proposition id="9-1">1955</proposition>
        <proposition id="9-2">1945</proposition>
        <proposition id="9-3">1975</proposition>
        <proposition id="9-4">1965</proposition>
      </propositions>
      <réponse proposition="9-4">1965</réponse>
      <anecdote>Sa vision du pouvoir l'oppose aux partis communiste, socialiste, centristes pro-européens et d'extrême droite.</anecdote>
    </contenu>
    <contenu id="10">
      <question>En quelle année une crise économique mondiale sans précédent s'est-elle déclenchée aux États-Unis ?</question>
      <propositions>
        <proposition id="10-1">1929</proposition>
        <proposition id="10-2">1939</proposition>
        <proposition id="10-3">1919</proposition>
        <proposition id="10-4">1949</proposition>
      </propositions>
      <réponse proposition="10-1">1929</réponse>
      <anecdote>La Grande Dépression va du krach de 1929 aux États-Unis jusqu'à la Seconde Guerre mondiale.</anecdote>
    </contenu>
  </débutant>
  <confirmé>
    <contenu id="11">
      <question>En quelle année s'est déroulée la Conférence de Brazzaville avec le général de Gaulle ?</question>
      <propositions>
        <proposition id="11-1">1964</proposition>
        <proposition id="11-2">1954</proposition>
        <proposition id="11-3">1974</proposition>
        <proposition id="11-4">1944</proposition>
      </propositions>
      <réponse proposition="11-4">1944</réponse>
      <anecdote>À l'issue de cette conférence, l'abolition du code de l'indigénat est décidée ainsi qu'une politique d'assimilation en faveur des colonies.</anecdote>
    </contenu>
    <contenu id="12">
      <question>En quelle année le Plan Marshall a-t-il permis de redresser l'économie européenne ?</question>
      <propositions>
        <proposition id="12-1">1967</proposition>
        <proposition id="12-2">1947</proposition>
        <proposition id="12-3">1977</proposition>
        <proposition id="12-4">1957</proposition>
      </propositions>
      <réponse proposition="12-2">1947</réponse>
      <anecdote>Les milliards débloqués ne furent pas un don mais un prêt accordé par des banques américaines.</anecdote>
    </contenu>
    <contenu id="13">
      <question>Jusque quand Franco a-t-il gouverné l'Espagne, avant l'arrivée au pouvoir de Juan Carlos ?</question>
      <propositions>
        <proposition id="13-1">1965</proposition>
        <proposition id="13-2">1975</proposition>
        <proposition id="13-3">1995</proposition>
        <proposition id="13-4">1985</proposition>
      </propositions>
      <réponse proposition="13-2">1975</réponse>
      <anecdote>Selon l'historien franquiste Ricardo de la Cierva, il s'agissait pour Franco de sauver l'Espagne du chaos.</anecdote>
    </contenu>
    <contenu id="14">
      <question>La Guerre d'Algérie a pris fin avec les Accords d'Évian qui furent signés en quelle année ?</question>
      <propositions>
        <proposition id="14-1">1952</proposition>
        <proposition id="14-2">1972</proposition>
        <proposition id="14-3">1982</proposition>
        <proposition id="14-4">1962</proposition>
      </propositions>
      <réponse proposition="14-4">1962</réponse>
      <anecdote>Après l'indépendance, ce fut le tour d'une guerre civile algérienne qui se termina en septembre 1963.</anecdote>
    </contenu>
    <contenu id="15">
      <question>En quelle année fut signé à  Rome le traité sur le fonctionnement de l'Union européenne ?</question>
      <propositions>
        <proposition id="15-1">1967</proposition>
        <proposition id="15-2">1957</proposition>
        <proposition id="15-3">1947</proposition>
        <proposition id="15-4">1977</proposition>
      </propositions>
      <réponse proposition="15-2">1957</réponse>
      <anecdote>Le Traité de Maastricht a renommé la Communauté économique européenne en Communauté européenne.</anecdote>
    </contenu>
    <contenu id="16">
      <question>En France, de quand date la victoire du Front Populaire, coalition de partis de gauche ?</question>
      <propositions>
        <proposition id="16-1">1956</proposition>
        <proposition id="16-2">1936</proposition>
        <proposition id="16-3">1926</proposition>
        <proposition id="16-4">1946</proposition>
      </propositions>
      <réponse proposition="16-2">1936</réponse>
      <anecdote>Il réunissait les trois principaux partis de la gauche, la SFIO, le Parti radical-socialiste et le Parti communiste.</anecdote>
    </contenu>
    <contenu id="17">
      <question>Quelle est l'année du torpillage du paquebot Lusitania et des premières attaques au gaz ?</question>
      <propositions>
        <proposition id="17-1">1925</proposition>
        <proposition id="17-2">1935</proposition>
        <proposition id="17-3">1915</proposition>
        <proposition id="17-4">1905</proposition>
      </propositions>
      <réponse proposition="17-3">1915</réponse>
      <anecdote>Son torpillage, avec plus de 1 200 passagers, joua un rôle important dans l'hostilité des États-Unis envers l'Allemagne.</anecdote>
    </contenu>
    <contenu id="18">
      <question>En quelle année la France est-elle entrée dans la CEE pour mener une intégration économique ?</question>
      <propositions>
        <proposition id="18-1">1977</proposition>
        <proposition id="18-2">1967</proposition>
        <proposition id="18-3">1947</proposition>
        <proposition id="18-4">1957</proposition>
      </propositions>
      <réponse proposition="18-4">1957</réponse>
      <anecdote>Charles de Gaulle utilisa son droit de veto à l'entrée du Royaume-Uni dans les communautés.</anecdote>
    </contenu>
    <contenu id="19">
      <question>En quelle année Salvador Allende a-t-il trouvé la mort durant le coup dÉtat du général Pinochet ?</question>
      <propositions>
        <proposition id="19-1">1963</proposition>
        <proposition id="19-2">1943</proposition>
        <proposition id="19-3">1953</proposition>
        <proposition id="19-4">1973</proposition>
      </propositions>
      <réponse proposition="19-4">1973</réponse>
      <anecdote>Salvador Allende se suicida dans le palais de la Moneda, sous les bombes putschistes.</anecdote>
    </contenu>
    <contenu id="20">
      <question>A partir de quelle année Fidel Catro a-t-il dirigé Cuba en renversant le régime de Batista ?</question>
      <propositions>
        <proposition id="20-1">1968</proposition>
        <proposition id="20-2">1958</proposition>
        <proposition id="20-3">1978</proposition>
        <proposition id="20-4">1948</proposition>
      </propositions>
      <réponse proposition="20-2">1958</réponse>
      <anecdote>Ses détracteurs et des organisations de défense des droits de l'Homme dénoncent son gouvernement comme une dictature.</anecdote>
    </contenu>
  </confirmé>
  <expert>
    <contenu id="21">
      <question>Quelle est l'année de la nomination d'Hitler comme chancelier du Reich ?</question>
      <propositions>
        <proposition id="21-1">1913</proposition>
        <proposition id="21-2">1923</proposition>
        <proposition id="21-3">1943</proposition>
        <proposition id="21-4">1933</proposition>
      </propositions>
      <réponse proposition="21-4">1933</réponse>
      <anecdote>L'année suivante, il se fait aussitôt plébisciter en août 1934 comme chef de l'État, portant le titre de Führer.</anecdote>
    </contenu>
    <contenu id="22">
      <question>En quelle année le Japon a-t-il battu l'Empire russe durant la bataille de Tsushima ?</question>
      <propositions>
        <proposition id="22-1">1915</proposition>
        <proposition id="22-2">1905</proposition>
        <proposition id="22-3">1925</proposition>
        <proposition id="22-4">1935</proposition>
      </propositions>
      <réponse proposition="22-2">1905</réponse>
      <anecdote>Il s'agit du principal affrontement naval de la guerre russo-japonaise (février 1904 - septembre 1905).</anecdote>
    </contenu>
    <contenu id="23">
      <question>En quelle année la visite de Nixon à Pékin a-t-elle marqué la fin de l'isolement diplomatique chinois ?</question>
      <propositions>
        <proposition id="23-1">1952</proposition>
        <proposition id="23-2">1962</proposition>
        <proposition id="23-3">1982</proposition>
        <proposition id="23-4">1972</proposition>
      </propositions>
      <réponse proposition="23-4">1972</réponse>
      <anecdote>Cette visite est devenue une métaphore en anglais pour parler d'une action inhabituelle d'un politicien.</anecdote>
    </contenu>
    <contenu id="24">
      <question>En quelle année l'Irlande du Sud, anciennement britannique, est-il devenu indépendant ?</question>
      <propositions>
        <proposition id="24-1">1931</proposition>
        <proposition id="24-2">1911</proposition>
        <proposition id="24-3">1921</proposition>
        <proposition id="24-4">1901</proposition>
      </propositions>
      <réponse proposition="24-3">1921</réponse>
      <anecdote>Le Parlement de l'Irlande du Sud de l'Irlande ne s'est réuni qu'une seule fois avec seulement quatre membres présents.</anecdote>
    </contenu>
    <contenu id="25">
      <question>En quelle année a eu lieu la Conférence de Bandung sur la décolonisation ?</question>
      <propositions>
        <proposition id="25-1">1945</proposition>
        <proposition id="25-2">1965</proposition>
        <proposition id="25-3">1955</proposition>
        <proposition id="25-4">1975</proposition>
      </propositions>
      <réponse proposition="25-3">1955</réponse>
      <anecdote>La conférence à réuni pour la première fois les représentants de vingt-neuf pays africains et asiatiques.</anecdote>
    </contenu>
    <contenu id="26">
      <question>Quelle est l'année de l'abdication de Guillaume II et de l'exécution du tsar Nicolas II ?</question>
      <propositions>
        <proposition id="26-1">1928</proposition>
        <proposition id="26-2">1908</proposition>
        <proposition id="26-3">1938</proposition>
        <proposition id="26-4">1918</proposition>
      </propositions>
      <réponse proposition="26-4">1918</réponse>
      <anecdote>Sans descendance, Guillaume II eut pour héritier son lointain cousin catholique Albert de Wurtemberg.</anecdote>
    </contenu>
    <contenu id="27">
      <question>Quelle est l'année du putsch manqué d'Hitler et de la faillite de l'économie allemande ?</question>
      <propositions>
        <proposition id="27-1">1933</proposition>
        <proposition id="27-2">1943</proposition>
        <proposition id="27-3">1913</proposition>
        <proposition id="27-4">1923</proposition>
      </propositions>
      <réponse proposition="27-4">1923</réponse>
      <anecdote>Le putsch de Munich se déroula principalement à la Bürgerbräukeller, une brasserie de Munich.</anecdote>
    </contenu>
    <contenu id="28">
      <question>En quelle année les Britanniques ont-ils quitté l'Inde, ancienne colonie d'Asie ?</question>
      <propositions>
        <proposition id="28-1">1947</proposition>
        <proposition id="28-2">1937</proposition>
        <proposition id="28-3">1957</proposition>
        <proposition id="28-4">1967</proposition>
      </propositions>
      <réponse proposition="28-1">1947</réponse>
      <anecdote>L'Inde devient indépendante en 1947 après une lutte marquée par la résistance non-violente du Mahatma Gandhi.</anecdote>
    </contenu>
    <contenu id="29">
      <question>La République Populaire de Chine fut proclamée en quelle année ?</question>
      <propositions>
        <proposition id="29-1">1919</proposition>
        <proposition id="29-2">1949</proposition>
        <proposition id="29-3">1939</proposition>
        <proposition id="29-4">1929</proposition>
      </propositions>
      <réponse proposition="29-2">1949</réponse>
      <anecdote>Avec plus de 1,3 milliard d'habitants, la Chine est le pays le plus peuplé du monde.</anecdote>
    </contenu>
    <contenu id="30">
      <question>Quand Churchill a-t-il déclaré : « Nous sommes en face d'une catastrophe de première grandeur » ?</question>
      <propositions>
        <proposition id="30-1">1948</proposition>
        <proposition id="30-2">1968</proposition>
        <proposition id="30-3">1958</proposition>
        <proposition id="30-4">1938</proposition>
      </propositions>
      <réponse proposition="30-4">1938</réponse>
      <anecdote>Les accords de Munich sont considérés comme ayant mis un terme à la première République tchécoslovaque.</anecdote>
    </contenu>
  </expert>
</quizz>