{
  "fournisseur": "OpenQuizzDB - Fournisseur de contenu libre (www.openquizzdb.org)",
  "rédacteur": "Philippe Bresoux",
  "thème": "Grandes dates du 20e siècle",
  "difficulté": 4,
  "quizz": {
    "débutant": [
      {
        "id": 1,
        "question": "En France, de quand datent les congés payés ainsi que la semaine de quarante heures ?",
        "propositions": [
          "1936",
          "1956",
          "1946",
          "1926"
        ],
        "réponse": "1936",
        "anecdote": "Les congés payés sont une innovation sociale majeure dont certaines prémices étaient apparues en Allemagne."
      },
      {
        "id": 2,
        "question": "Quand a débuté la Cinquième République en France, succédant à la Quatrième République ?",
        "propositions": [
          "1968",
          "1938",
          "1948",
          "1958"
        ],
        "réponse": "1958",
        "anecdote": "Elle marque une rupture par rapport à la tradition parlementaire de la République française."
      },
      {
        "id": 3,
        "question": "Quelle est l'année du début de la Seconde Guerre mondiale, conflit armé à l'échelle planétaire ?",
        "propositions": [
          "1939",
          "1914",
          "1940",
          "1938"
        ],
        "réponse": "1939",
        "anecdote": "Ce conflit planétaire opposa schématiquement deux camps : les Alliés et l'Axe."
      },
      {
        "id": 4,
        "question": "En quelle année a eu lieu la Bataille de Verdun du 21 février au 19 décembre ?",
        "propositions": [
          "1926",
          "1936",
          "1946",
          "1916"
        ],
        "réponse": "1916",
        "anecdote": "Cette bataille a vu une moyenne de 70 000 victimes pour chacun des dix mois du conflit."
      },
      {
        "id": 5,
        "question": "En quelle année a eu lieu la première Bataille de la Marne, mettant en échec le plan Schlieffen ?",
        "propositions": [
          "1942",
          "1914",
          "1916",
          "1940"
        ],
        "réponse": "1914",
        "anecdote": "Cette bataille doit être distinguée de la seconde bataille de la Marne, qui se déroula en juillet 1918."
      },
      {
        "id": 6,
        "question": "En quelle année Kennedy, souvent désigné par ses initiales JFK, a-t-il été assassiné ?",
        "propositions": [
          "1963",
          "1953",
          "1973",
          "1983"
        ],
        "réponse": "1963",
        "anecdote": "Son assassinat reste à ce jour, pour beaucoup, non résolu, alimentant les rumeurs et les hypothèses les plus folles."
      },
      {
        "id": 7,
        "question": "En quelle année est mort Charles de Gaulle, grand homme dÉtat français ?",
        "propositions": [
          "1950",
          "1960",
          "1980",
          "1970"
        ],
        "réponse": "1970",
        "anecdote": "Charles de Gaulle est le premier à occuper la magistrature suprême sous la Cinquième République."
      },
      {
        "id": 8,
        "question": "En quelle année les Accords de Genève ont-ils marqué la fin de la guerre d'Indochine ?",
        "propositions": [
          "1954",
          "1964",
          "1944",
          "1974"
        ],
        "réponse": "1954",
        "anecdote": "Depuis 1946, la guerre d'Indochine opposait principalement la France au Viet Minh dirigé par Ho Chi Minh."
      },
      {
        "id": 9,
        "question": "En quelle année Charles De Gaulle a-t-il été élu au suffrage universel ?",
        "propositions": [
          "1945",
          "1975",
          "1955",
          "1965"
        ],
        "réponse": "1965",
        "anecdote": "Sa vision du pouvoir l'oppose aux partis communiste, socialiste, centristes pro-européens et d'extrême droite."
      },
      {
        "id": 10,
        "question": "En quelle année une crise économique mondiale sans précédent s'est-elle déclenchée aux États-Unis ?",
        "propositions": [
          "1929",
          "1939",
          "1919",
          "1949"
        ],
        "réponse": "1929",
        "anecdote": "La Grande Dépression va du krach de 1929 aux États-Unis jusqu'à la Seconde Guerre mondiale."
      }
    ],
    "confirmé": [
      {
        "id": 11,
        "question": "En quelle année s'est déroulée la Conférence de Brazzaville avec le général de Gaulle ?",
        "propositions": [
          "1964",
          "1944",
          "1954",
          "1974"
        ],
        "réponse": "1944",
        "anecdote": "À l'issue de cette conférence, l'abolition du code de l'indigénat est décidée ainsi qu'une politique d'assimilation en faveur des colonies."
      },
      {
        "id": 12,
        "question": "En quelle année le Plan Marshall a-t-il permis de redresser l'économie européenne ?",
        "propositions": [
          "1957",
          "1947",
          "1967",
          "1977"
        ],
        "réponse": "1947",
        "anecdote": "Les milliards débloqués ne furent pas un don mais un prêt accordé par des banques américaines."
      },
      {
        "id": 13,
        "question": "Jusque quand Franco a-t-il gouverné l'Espagne, avant l'arrivée au pouvoir de Juan Carlos ?",
        "propositions": [
          "1965",
          "1975",
          "1985",
          "1995"
        ],
        "réponse": "1975",
        "anecdote": "Selon l'historien franquiste Ricardo de la Cierva, il s'agissait pour Franco de sauver l'Espagne du chaos."
      },
      {
        "id": 14,
        "question": "La Guerre d'Algérie a pris fin avec les Accords d'Évian qui furent signés en quelle année ?",
        "propositions": [
          "1962",
          "1952",
          "1972",
          "1982"
        ],
        "réponse": "1962",
        "anecdote": "Après l'indépendance, ce fut le tour d'une guerre civile algérienne qui se termina en septembre 1963."
      },
      {
        "id": 15,
        "question": "En quelle année fut signé à  Rome le traité sur le fonctionnement de l'Union européenne ?",
        "propositions": [
          "1947",
          "1977",
          "1967",
          "1957"
        ],
        "réponse": "1957",
        "anecdote": "Le Traité de Maastricht a renommé la Communauté économique européenne en Communauté européenne."
      },
      {
        "id": 16,
        "question": "En France, de quand date la victoire du Front Populaire, coalition de partis de gauche ?",
        "propositions": [
          "1956",
          "1946",
          "1936",
          "1926"
        ],
        "réponse": "1936",
        "anecdote": "Il réunissait les trois principaux partis de la gauche, la SFIO, le Parti radical-socialiste et le Parti communiste."
      },
      {
        "id": 17,
        "question": "Quelle est l'année du torpillage du paquebot Lusitania et des premières attaques au gaz ?",
        "propositions": [
          "1935",
          "1925",
          "1915",
          "1905"
        ],
        "réponse": "1915",
        "anecdote": "Son torpillage, avec plus de 1 200 passagers, joua un rôle important dans l'hostilité des États-Unis envers l'Allemagne."
      },
      {
        "id": 18,
        "question": "En quelle année la France est-elle entrée dans la CEE pour mener une intégration économique ?",
        "propositions": [
          "1947",
          "1967",
          "1977",
          "1957"
        ],
        "réponse": "1957",
        "anecdote": "Charles de Gaulle utilisa son droit de veto à l'entrée du Royaume-Uni dans les communautés."
      },
      {
        "id": 19,
        "question": "En quelle année Salvador Allende a-t-il trouvé la mort durant le coup dÉtat du général Pinochet ?",
        "propositions": [
          "1953",
          "1963",
          "1973",
          "1943"
        ],
        "réponse": "1973",
        "anecdote": "Salvador Allende se suicida dans le palais de la Moneda, sous les bombes putschistes."
      },
      {
        "id": 20,
        "question": "A partir de quelle année Fidel Catro a-t-il dirigé Cuba en renversant le régime de Batista ?",
        "propositions": [
          "1978",
          "1948",
          "1958",
          "1968"
        ],
        "réponse": "1958",
        "anecdote": "Ses détracteurs et des organisations de défense des droits de l'Homme dénoncent son gouvernement comme une dictature."
      }
    ],
    "expert": [
      {
        "id": 21,
        "question": "Quelle est l'année de la nomination d'Hitler comme chancelier du Reich ?",
        "propositions": [
          "1913",
          "1933",
          "1943",
          "1923"
        ],
        "réponse": "1933",
        "anecdote": "L'année suivante, il se fait aussitôt plébisciter en août 1934 comme chef de l'État, portant le titre de Führer."
      },
      {
        "id": 22,
        "question": "En quelle année le Japon a-t-il battu l'Empire russe durant la bataille de Tsushima ?",
        "propositions": [
          "1915",
          "1905",
          "1935",
          "1925"
        ],
        "réponse": "1905",
        "anecdote": "Il s'agit du principal affrontement naval de la guerre russo-japonaise (février 1904 - septembre 1905)."
      },
      {
        "id": 23,
        "question": "En quelle année la visite de Nixon à Pékin a-t-elle marqué la fin de l'isolement diplomatique chinois ?",
        "propositions": [
          "1972",
          "1982",
          "1962",
          "1952"
        ],
        "réponse": "1972",
        "anecdote": "Cette visite est devenue une métaphore en anglais pour parler d'une action inhabituelle d'un politicien."
      },
      {
        "id": 24,
        "question": "En quelle année l'Irlande du Sud, anciennement britannique, est-il devenu indépendant ?",
        "propositions": [
          "1911",
          "1901",
          "1921",
          "1931"
        ],
        "réponse": "1921",
        "anecdote": "Le Parlement de l'Irlande du Sud de l'Irlande ne s'est réuni qu'une seule fois avec seulement quatre membres présents."
      },
      {
        "id": 25,
        "question": "En quelle année a eu lieu la Conférence de Bandung sur la décolonisation ?",
        "propositions": [
          "1955",
          "1975",
          "1965",
          "1945"
        ],
        "réponse": "1955",
        "anecdote": "La conférence à réuni pour la première fois les représentants de vingt-neuf pays africains et asiatiques."
      },
      {
        "id": 26,
        "question": "Quelle est l'année de l'abdication de Guillaume II et de l'exécution du tsar Nicolas II ?",
        "propositions": [
          "1928",
          "1918",
          "1908",
          "1938"
        ],
        "réponse": "1918",
        "anecdote": "Sans descendance, Guillaume II eut pour héritier son lointain cousin catholique Albert de Wurtemberg."
      },
      {
        "id": 27,
        "question": "Quelle est l'année du putsch manqué d'Hitler et de la faillite de l'économie allemande ?",
        "propositions": [
          "1933",
          "1943",
          "1913",
          "1923"
        ],
        "réponse": "1923",
        "anecdote": "Le putsch de Munich se déroula principalement à la Bürgerbräukeller, une brasserie de Munich."
      },
      {
        "id": 28,
        "question": "En quelle année les Britanniques ont-ils quitté l'Inde, ancienne colonie d'Asie ?",
        "propositions": [
          "1967",
          "1937",
          "1947",
          "1957"
        ],
        "réponse": "1947",
        "anecdote": "L'Inde devient indépendante en 1947 après une lutte marquée par la résistance non-violente du Mahatma Gandhi."
      },
      {
        "id": 29,
        "question": "La République Populaire de Chine fut proclamée en quelle année ?",
        "propositions": [
          "1929",
          "1919",
          "1949",
          "1939"
        ],
        "réponse": "1949",
        "anecdote": "Avec plus de 1,3 milliard d'habitants, la Chine est le pays le plus peuplé du monde."
      },
      {
        "id": 30,
        "question": "Quand Churchill a-t-il déclaré : « Nous sommes en face d'une catastrophe de première grandeur » ?",
        "propositions": [
          "1968",
          "1948",
          "1958",
          "1938"
        ],
        "réponse": "1938",
        "anecdote": "Les accords de Munich sont considérés comme ayant mis un terme à la première République tchécoslovaque."
      }
    ]
  }
}