<?xml version="1.0" encoding="UTF-8" standalone="yes" ?>
<quizz fournisseur="OpenQuizzDB : Fournisseur de contenu libre"
       url="http://www.openquizzdb.org"
       rédacteur="Philippe Bresoux"
       thème="Histoire politique"
       difficulté="3">
  <débutant>
    <contenu id="1">
      <question>Qui a été nommé, pour la troisième fois de sa carrière, président du Conseil italien le 8 mai 2008 ?</question>
      <propositions>
        <proposition id="1-1">Lamberto Dini</proposition>
        <proposition id="1-2">Silvio Berlusconi</proposition>
        <proposition id="1-3">Romano Prodi</proposition>
        <proposition id="1-4">Giuliano Amato</proposition>
      </propositions>
      <réponse proposition="1-2">Silvio Berlusconi</réponse>
      <anecdote>Homme d'affaires et propriétaire du club de football de l'AC Milan, il a été pour la première fois Président de 1994 à 1995.</anecdote>
    </contenu>
    <contenu id="2">
      <question>Quelle prisonnière des Farc colombiennes a été libérée le 2 juillet 2008 après six ans de captivité ?</question>
      <propositions>
        <proposition id="2-1">Gloria Polanco</proposition>
        <proposition id="2-2">Ingrid Betancourt</proposition>
        <proposition id="2-3">Clara Rojas</proposition>
        <proposition id="2-4">Gina Parody</proposition>
      </propositions>
      <réponse proposition="2-2">Ingrid Betancourt</réponse>
      <anecdote>Après de longs mois de détention, cette femme politique colombo-française fut délivrée par l'armée national colombienne.</anecdote>
    </contenu>
    <contenu id="3">
      <question>De quel État Barrack Obama était-il le sénateur avant d'être élu président des États-Unis ?</question>
      <propositions>
        <proposition id="3-1">Indiana</proposition>
        <proposition id="3-2">Illinois</proposition>
        <proposition id="3-3">Idaho</proposition>
        <proposition id="3-4">Iowa</proposition>
      </propositions>
      <réponse proposition="3-2">Illinois</réponse>
      <anecdote>Les États-Unis élisent pour la première fois de leur histoire un président Afro-Américain à la tête du pays.</anecdote>
    </contenu>
    <contenu id="4">
      <question>Quel acteur célèbre est devenu gouverneur de l'État de Californie le 7 octobre 2003 ?</question>
      <propositions>
        <proposition id="4-1">A. Schwarzenegger</proposition>
        <proposition id="4-2">V. Diesel</proposition>
        <proposition id="4-3">B. Willis</proposition>
        <proposition id="4-4">S. Stallone</proposition>
      </propositions>
      <réponse proposition="4-1">A. Schwarzenegger</réponse>
      <anecdote>Donné favori, bien que républicain, « Schwarzy » a dépassé les prévisions les plus optimistes avec 48% des voix.</anecdote>
    </contenu>
    <contenu id="5">
      <question>Qui était l'adversaire démocrate de George W. Bush pour la présidentielle américaine de 2004 ?</question>
      <propositions>
        <proposition id="5-1">Joe Biden</proposition>
        <proposition id="5-2">John Kerry</proposition>
        <proposition id="5-3">Colin Powell</proposition>
        <proposition id="5-4">James Baker</proposition>
      </propositions>
      <réponse proposition="5-2">John Kerry</réponse>
      <anecdote>Le sénateur du Massachusetts l'avait emporté dans neuf États sur dix lors du supermardi des primaires démocrates.</anecdote>
    </contenu>
    <contenu id="6">
      <question>Qui fut la première « first Lady » à être élue sénateur de New York le 8 novembre 2000 ?</question>
      <propositions>
        <proposition id="6-1">Barbara Bush</proposition>
        <proposition id="6-2">Melania Trump</proposition>
        <proposition id="6-3">Hilary Clinton</proposition>
        <proposition id="6-4">Michelle Obama</proposition>
      </propositions>
      <réponse proposition="6-3">Hilary Clinton</réponse>
      <anecdote>Nombreux sont ceux dans son camp démocrate ou chez les Républicains à lui prêter une plus haute ambition.</anecdote>
    </contenu>
    <contenu id="7">
      <question>Sous quel nom le prince Albert a-t-il accédé au trône de Monaco ?</question>
      <propositions>
        <proposition id="7-1">Albert II</proposition>
        <proposition id="7-2">Louis II</proposition>
        <proposition id="7-3">Rainier III</proposition>
        <proposition id="7-4">Honoré V</proposition>
      </propositions>
      <réponse proposition="7-1">Albert II</réponse>
      <anecdote>Le nouveau souverain entend rompre avec l'autocratisme de son père et promet une gestion du pays « ouverte au dialogue ».</anecdote>
    </contenu>
    <contenu id="8">
      <question>Quel ancien président américain a achevé une visite historique à Cuba le 17 mai 2002 ?</question>
      <propositions>
        <proposition id="8-1">Jimmy Carter</proposition>
        <proposition id="8-2">Bill Clinton</proposition>
        <proposition id="8-3">Ronald Reagan</proposition>
        <proposition id="8-4">Gerald Ford</proposition>
      </propositions>
      <réponse proposition="8-1">Jimmy Carter</réponse>
      <anecdote>Venu à titre privé, mais non sans arrière-pensées, Jimmy Carter était un farouche défenseur des droits de l'homme.</anecdote>
    </contenu>
    <contenu id="9">
      <question>Quel homme d'État américain a reçu le prix Nobel de la paix le 9 octobre 2009 ?</question>
      <propositions>
        <proposition id="9-1">Donald Trump</proposition>
        <proposition id="9-2">Jimmy Carter</proposition>
        <proposition id="9-3">Barack Obama</proposition>
        <proposition id="9-4">Al Gore</proposition>
      </propositions>
      <réponse proposition="9-3">Barack Obama</réponse>
      <anecdote>Barack Obama a reçu ce prix pour ses efforts extraordinaires en faveur du renforcement de la diplomatie internationale.</anecdote>
    </contenu>
    <contenu id="10">
      <question>Quel ancien premier ministre mort en 2007 fut surnommé « meilleur économiste de France » ?</question>
      <propositions>
        <proposition id="10-1">Laurent Fabius</proposition>
        <proposition id="10-2">Pierre Mauroy</proposition>
        <proposition id="10-3">Jacques Chirac</proposition>
        <proposition id="10-4">Raymond Barre</proposition>
      </propositions>
      <réponse proposition="10-4">Raymond Barre</réponse>
      <anecdote>Cet universitaire avait été le Premier ministre de Valéry Giscard d'Estaing de 1976 à 1981 et maire de Lyon de 1995 à 2001.</anecdote>
    </contenu>
  </débutant>
  <confirmé>
    <contenu id="11">
      <question>Quelle personnalité, décédée le 27 août 2003, a donné son nom au poujadisme ?</question>
      <propositions>
        <proposition id="11-1">Jean Poujade</proposition>
        <proposition id="11-2">André Poujade</proposition>
        <proposition id="11-3">Pierre Poujade</proposition>
        <proposition id="11-4">Marc Poujade</proposition>
      </propositions>
      <réponse proposition="11-3">Pierre Poujade</réponse>
      <anecdote>Son nom est resté le symbole des « petits » écrasés par les « gros ». Il fonda l'Union de défense des commerçants et artisans.</anecdote>
    </contenu>
    <contenu id="12">
      <question>Quel ancien président serbe de Bosnie, accusé de crimes de guerre, a terminé sa cavale en 2008 ?</question>
      <propositions>
        <proposition id="12-1">Bajram Omeragic</proposition>
        <proposition id="12-2">Sava Mikic</proposition>
        <proposition id="12-3">Sandor Pall</proposition>
        <proposition id="12-4">Radovan Karadzic</proposition>
      </propositions>
      <réponse proposition="12-4">Radovan Karadzic</réponse>
      <anecdote>Karadzic sera inculpé de génocide, crimes de guerre et crimes contre l'humanité pour sa responsabilité dans le siège de Sarajevo.</anecdote>
    </contenu>
    <contenu id="13">
      <question>Quel président a jeté l'éponge à Haïti le 29 février 2004 à la suite d'un coup d'État ?</question>
      <propositions>
        <proposition id="13-1">Émile Jonassaint</proposition>
        <proposition id="13-2">Marc Bazin</proposition>
        <proposition id="13-3">René Préval</proposition>
        <proposition id="13-4">J.-B. Aristide</proposition>
      </propositions>
      <réponse proposition="13-4">J.-B. Aristide</réponse>
      <anecdote>L'ancien prêtre a donné sa démission et quitté le pays dans un avion américain pour une destination secrète.</anecdote>
    </contenu>
    <contenu id="14">
      <question>Comment s'appelait le quarantième président des États-Unis ?</question>
      <propositions>
        <proposition id="14-1">John Kerry</proposition>
        <proposition id="14-2">George H. W. Bush</proposition>
        <proposition id="14-3">Ronald Reagan</proposition>
        <proposition id="14-4">Jimmy Carter</proposition>
      </propositions>
      <réponse proposition="14-3">Ronald Reagan</réponse>
      <anecdote>L'ancien acteur d'Hollywood exercera deux mandats successifs à la Maison Blanche (1981-1989).</anecdote>
    </contenu>
    <contenu id="15">
      <question>Quel ancien président de l'Autorité palestinienne a perdu la vie à Paris le 11 novembre 2004 ?</question>
      <propositions>
        <proposition id="15-1">Nabil Shaath</proposition>
        <proposition id="15-2">Mahmoud Abbas</proposition>
        <proposition id="15-3">Rami Hamdallah</proposition>
        <proposition id="15-4">Yasser Arafat</proposition>
      </propositions>
      <réponse proposition="15-4">Yasser Arafat</réponse>
      <anecdote>Le raïs avait été élu à la présidence de l'autorité palestinienne en janvier 1996, deux ans après avoir reçu le prix Nobel de la Paix.</anecdote>
    </contenu>
    <contenu id="16">
      <question>Qui a succédé à Yasser Arafat à la tête de l'Autorité palestinienne le 9 janvier 2005 ?</question>
      <propositions>
        <proposition id="16-1">Nabil Shaath</proposition>
        <proposition id="16-2">Mahmoud Abbas</proposition>
        <proposition id="16-3">Salam Fayyad</proposition>
        <proposition id="16-4">Ahmed Qoreï</proposition>
      </propositions>
      <réponse proposition="16-2">Mahmoud Abbas</réponse>
      <anecdote>Partisan d'une négociation avec Israël visant à la création d'un État palestinien, Mahmoud Abbas a recueilli 62% des suffrages.</anecdote>
    </contenu>
    <contenu id="17">
      <question>Quel dirigeant syndical a été élu président de la Bolivie le 21 décembre 2005 ?</question>
      <propositions>
        <proposition id="17-1">Evo Morales</proposition>
        <proposition id="17-2">Simon Bolivar</proposition>
        <proposition id="17-3">Carlos Mesa</proposition>
        <proposition id="17-4">Sebastian Agreda</proposition>
      </propositions>
      <réponse proposition="17-1">Evo Morales</réponse>
      <anecdote>Le programme d'Evo Morales repose sur deux piliers : la révision plus équitable des contrats du pays et la défense des agriculteurs.</anecdote>
    </contenu>
    <contenu id="18">
      <question>Qui a été élu maire de New York le 6 novembre 2001, remplacé ensuite par Bill de Blasio ?</question>
      <propositions>
        <proposition id="18-1">Rudolph Giuliani</proposition>
        <proposition id="18-2">Michael Bloomberg</proposition>
        <proposition id="18-3">John Hopkins</proposition>
        <proposition id="18-4">Edward Koch</proposition>
      </propositions>
      <réponse proposition="18-2">Michael Bloomberg</réponse>
      <anecdote>Le milliardaire qui commence son premier mandat à la tête de la ville avait le soutien du maire sortant Rudolph Giulani.</anecdote>
    </contenu>
    <contenu id="19">
      <question>Quelle jeune étudiante Française fut arrêtée en Iran le 1er juillet 2009 pour « espionnage » ?</question>
      <propositions>
        <proposition id="19-1">Barbara Pompili</proposition>
        <proposition id="19-2">Clotilde Reiss</proposition>
        <proposition id="19-3">Noémie Saglio</proposition>
        <proposition id="19-4">Johanna Rolland</proposition>
      </propositions>
      <réponse proposition="19-2">Clotilde Reiss</réponse>
      <anecdote>Lectrice de français à l'université d'Ispahan, elle aurait pris des photos lors des troubles liés aux élections présidentielles iraniennes.</anecdote>
    </contenu>
    <contenu id="20">
      <question>Quel ministre a été jugé pour « injure raciale » le 4 juin 2010 ?</question>
      <propositions>
        <proposition id="20-1">Éric Woerth</proposition>
        <proposition id="20-2">Xavier Bertrand</proposition>
        <proposition id="20-3">Luc Chatel</proposition>
        <proposition id="20-4">Brice Hortefeux</proposition>
      </propositions>
      <réponse proposition="20-4">Brice Hortefeux</réponse>
      <anecdote>Il avait dit : « Y'en a beaucoup qui posent des problèmes » à propos d'un militant UMP.</anecdote>
    </contenu>
  </confirmé>
  <expert>
    <contenu id="21">
      <question>Qui était surnommé le « père de l'indépendance » tunisienne ?</question>
      <propositions>
        <proposition id="21-1">Habib Bourguiba</proposition>
        <proposition id="21-2">Fouad Mebazaa</proposition>
        <proposition id="21-3">Habib Essid</proposition>
        <proposition id="21-4">Moncef Marzouki</proposition>
      </propositions>
      <réponse proposition="21-1">Habib Bourguiba</réponse>
      <anecdote>Il fut d'abord un précurseur, supprimant la polygamie dès son accession au pouvoir et accordant le droit de vote aux femmes.</anecdote>
    </contenu>
    <contenu id="22">
      <question>Quel homme politique autrichien s'est tué dans un accident de voiture le 11 octobre 2008 ?</question>
      <propositions>
        <proposition id="22-1">Franz Blei</proposition>
        <proposition id="22-2">Alfred Polgar</proposition>
        <proposition id="22-3">Peter Turrini</proposition>
        <proposition id="22-4">Jörg Haider</proposition>
      </propositions>
      <réponse proposition="22-4">Jörg Haider</réponse>
      <anecdote>Gouverneur de la Carinthie, ses idées nationalistes et populistes avaient beaucoup inquiété l'Union européenne.</anecdote>
    </contenu>
    <contenu id="23">
      <question>De quel homme d'affaires a-t-on pu assister sur Internet à la décapitation le 11 mai 2004 ?</question>
      <propositions>
        <proposition id="23-1">David Haines</proposition>
        <proposition id="23-2">Alan Johnston</proposition>
        <proposition id="23-3">Nicholas Berg</proposition>
        <proposition id="23-4">Tom Fox</proposition>
      </propositions>
      <réponse proposition="23-3">Nicholas Berg</réponse>
      <anecdote>Son assassinat était accompagné d'une déclaration le présentant comme une réponse aux tortures infligées à Abou Ghraib.</anecdote>
    </contenu>
    <contenu id="24">
      <question>Qui a prêté serment en tant que Premier ministre de l'Irak le 28 juin 2004 ?</question>
      <propositions>
        <proposition id="24-1">Massoud Barzani</proposition>
        <proposition id="24-2">Jalal Talabani</proposition>
        <proposition id="24-3">Ahmed Chalabi</proposition>
        <proposition id="24-4">Iyad Allaou</proposition>
      </propositions>
      <réponse proposition="24-4">Iyad Allaou</réponse>
      <anecdote>Selon la résolution 1546 du Conseil de Sécurité, l'Irak recouvre une souveraineté pleine et entière.</anecdote>
    </contenu>
    <contenu id="25">
      <question>Qui a succédé à Pierre Gadonneix à la tête d'EDF le 25 novembre 2009 ?</question>
      <propositions>
        <proposition id="25-1">Henri Proglio</proposition>
        <proposition id="25-2">Edmond Alphandéry</proposition>
        <proposition id="25-3">Gilles Ménage</proposition>
        <proposition id="25-4">François Roussely</proposition>
      </propositions>
      <réponse proposition="25-1">Henri Proglio</réponse>
      <anecdote>C'est une consécration pour celui qui, depuis 10 ans, dirige Veolia Environnement, où il a fait l'essentiel de sa carrière.</anecdote>
    </contenu>
    <contenu id="26">
      <question>Comment s'appelle l'ancien roi afghan, destitué en 1973 ?</question>
      <propositions>
        <proposition id="26-1">M. Sedi Khan</proposition>
        <proposition id="26-2">M. Daoud Khan</proposition>
        <proposition id="26-3">M. Zaher Shah</proposition>
        <proposition id="26-4">M. Nadir Shah</proposition>
      </propositions>
      <réponse proposition="26-3">M. Zaher Shah</réponse>
      <anecdote>En exil en Italie depuis sa destitution, il lance le 21 septembre 2001 un appel pour une assemblée des chefs de tribus dans son pays.</anecdote>
    </contenu>
    <contenu id="27">
      <question>Quel français a été inculpé dans les attentats du 11 septembre ?</question>
      <propositions>
        <proposition id="27-1">Zacarias Moussaoui</proposition>
        <proposition id="27-2">Nigel Hamer</proposition>
        <proposition id="27-3">Djamel Beghal</proposition>
        <proposition id="27-4">Ahmed Ressam</proposition>
      </propositions>
      <réponse proposition="27-1">Zacarias Moussaoui</réponse>
      <anecdote>L'homme âgé de 33 ans a été arrêté le 17 août 2001 pour séjour irrégulier dans le Minnesota où il suivait des cours de pilotage.</anecdote>
    </contenu>
    <contenu id="28">
      <question>Qui fut élu à la tête de la Banque mondiale le 31 mars 2005 ?</question>
      <propositions>
        <proposition id="28-1">Jim Yong Kim</proposition>
        <proposition id="28-2">James Wolfensohn</proposition>
        <proposition id="28-3">Robert Zoellick</proposition>
        <proposition id="28-4">Paul Wolfowitz</proposition>
      </propositions>
      <réponse proposition="28-4">Paul Wolfowitz</réponse>
      <anecdote>N°2 du Pentagone, il est élu à l'unanimité, malgré les nombreuses réserves émises en Europe et dans les pays du tiers-monde.</anecdote>
    </contenu>
    <contenu id="29">
      <question>Quel militaire et président syrien est décédé le 10 juin 2000 à Damas ?</question>
      <propositions>
        <proposition id="29-1">Ahmed Khatib</proposition>
        <proposition id="29-2">Hafez El-Assad</proposition>
        <proposition id="29-3">Nazem Koudsi</proposition>
        <proposition id="29-4">Bachar el-Assad</proposition>
      </propositions>
      <réponse proposition="29-2">Hafez El-Assad</réponse>
      <anecdote>Hafez el-Assad eut pour principale préoccupation l'unité du monde arabe dont il se voulait le leader.</anecdote>
    </contenu>
    <contenu id="30">
      <question>Qu'a déclenché Ariel Sharon en se rendant sur l'esplanade des Mosquées le 28 août 2000 ?</question>
      <propositions>
        <proposition id="30-1">Première Intifada</proposition>
        <proposition id="30-2">Seconde Intifada</proposition>
        <proposition id="30-3">Guerre de Gaza</proposition>
        <proposition id="30-4">Guerre du Kippour</proposition>
      </propositions>
      <réponse proposition="30-2">Seconde Intifada</réponse>
      <anecdote>Ariel Sharon, alors chef du Likoud, voulait ainsi affirmer les droits imprescriptibles d'Israël sur ce lieu.</anecdote>
    </contenu>
  </expert>
</quizz>