<?xml version="1.0" encoding="UTF-8" standalone="yes" ?>
<quizz fournisseur="OpenQuizzDB : Fournisseur de contenu libre"
       url="http://www.openquizzdb.org"
       rédacteur="Philippe Bresoux"
       thème="Histoire de France (Paris vaut bien une messe)"
       difficulté="4">
  <débutant>
    <contenu id="1">
      <question>Quelle ville française était la « cité des papes » au Moyen-Âge ?</question>
      <propositions>
        <proposition id="1-1">Metz</proposition>
        <proposition id="1-2">Nantes</proposition>
        <proposition id="1-3">Tours</proposition>
        <proposition id="1-4">Avignon</proposition>
      </propositions>
      <réponse proposition="1-4">Avignon</réponse>
      <anecdote>C'est l'une des rares villes françaises à avoir conservé ses remparts et son centre historique, composé du palais des papes.</anecdote>
    </contenu>
    <contenu id="2">
      <question>Quel diplomate français a succédé au Cardinal de Richelieu ?</question>
      <propositions>
        <proposition id="2-1">Philippe Mancini</proposition>
        <proposition id="2-2">Jules Mazarin</proposition>
        <proposition id="2-3">Antonio Barberini</proposition>
        <proposition id="2-4">Charles de Mantoue</proposition>
      </propositions>
      <réponse proposition="2-2">Jules Mazarin</réponse>
      <anecdote>Le cardinal choisit comme pièce principale de son blason le faisceau de licteur, un signe de romanité.</anecdote>
    </contenu>
    <contenu id="3">
      <question>Quelle reine de France a porté le chapeau dans l'affaire du collier ?</question>
      <propositions>
        <proposition id="3-1">Marie-Antoinette</proposition>
        <proposition id="3-2">Marie-Louise</proposition>
        <proposition id="3-3">Marie-Thérèse</proposition>
        <proposition id="3-4">Marie-Joséphine</proposition>
      </propositions>
      <réponse proposition="3-1">Marie-Antoinette</réponse>
      <anecdote>Les joailliers Boehmer et Bassange réclamèrent à la reine 1,6 million de livres pour l'achat d'un collier de diamants.</anecdote>
    </contenu>
    <contenu id="4">
      <question>Quand François Mitterrand fut-il élu président de la France pour la première fois ?</question>
      <propositions>
        <proposition id="4-1">1981</proposition>
        <proposition id="4-2">1986</proposition>
        <proposition id="4-3">1991</proposition>
        <proposition id="4-4">1976</proposition>
      </propositions>
      <réponse proposition="4-1">1981</réponse>
      <anecdote>Il sera élu 21e président de la République française face à Valéry Giscard d'Estaing avec 51,76% des suffrages exprimés.</anecdote>
    </contenu>
    <contenu id="5">
      <question>Quelle ville Jeanne d'Arc a-t-elle héroïquement libérée des Anglais ?</question>
      <propositions>
        <proposition id="5-1">Le Mans</proposition>
        <proposition id="5-2">Angers</proposition>
        <proposition id="5-3">Orléans</proposition>
        <proposition id="5-4">Tours</proposition>
      </propositions>
      <réponse proposition="5-3">Orléans</réponse>
      <anecdote>Jeanne d'Arc a été condamnée à être brûlée vive en 1431 après un procès en hérésie conduit par Pierre Cauchon.</anecdote>
    </contenu>
    <contenu id="6">
      <question>Quel homme d'État français fut surnommé « le Tigre » ou le « Père-la--victoire » ?</question>
      <propositions>
        <proposition id="6-1">Poincaré</proposition>
        <proposition id="6-2">Foch</proposition>
        <proposition id="6-3">Clémenceau</proposition>
        <proposition id="6-4">Joffre</proposition>
      </propositions>
      <réponse proposition="6-3">Clémenceau</réponse>
      <anecdote>Se désignant comme « premier flic de France », Clémenceau réprimera les grèves et mettra fin à la querelle des inventaires.</anecdote>
    </contenu>
    <contenu id="7">
      <question>Quelle héroïne de l'histoire de France était la « Pucelle d'Orléans » ?</question>
      <propositions>
        <proposition id="7-1">Rita de Cascia</proposition>
        <proposition id="7-2">Alessandra Scala</proposition>
        <proposition id="7-3">Jeanne d'Arc</proposition>
        <proposition id="7-4">Hélène Duglioli</proposition>
      </propositions>
      <réponse proposition="7-3">Jeanne d'Arc</réponse>
      <anecdote>Elle parvint à insuffler aux soldats français une énergie nouvelle et à contraindre les Anglais à lever le siège de la ville.</anecdote>
    </contenu>
    <contenu id="8">
      <question>Sur quelle principauté à régné la maison de Matignon ?</question>
      <propositions>
        <proposition id="8-1">Foucarmont</proposition>
        <proposition id="8-2">Monaco</proposition>
        <proposition id="8-3">Cambrai</proposition>
        <proposition id="8-4">Condé</proposition>
      </propositions>
      <réponse proposition="8-2">Monaco</réponse>
      <anecdote>La maison de Goyon donna à la France, sous l'Ancien Régime, plusieurs maréchaux de France et évêques.</anecdote>
    </contenu>
    <contenu id="9">
      <question>Quel journal a brillé en sortant le premier l'affaire des diamants de Bokassa ?</question>
      <propositions>
        <proposition id="9-1">Le Canard Enchaîné</proposition>
        <proposition id="9-2">Paris Match</proposition>
        <proposition id="9-3">Minute</proposition>
        <proposition id="9-4">Charlie Hebdo</proposition>
      </propositions>
      <réponse proposition="9-1">Le Canard Enchaîné</réponse>
      <anecdote>Cette affaire pourrait être une des causes de sa défaite face au candidat du Parti socialiste, François Mitterrand.</anecdote>
    </contenu>
    <contenu id="10">
      <question>Quel Guillaume, duc de Normandie, parfois surnommé « le Bâtard », a conquis l'Angleterre ?</question>
      <propositions>
        <proposition id="10-1">Le Conquérant</proposition>
        <proposition id="10-2">Le Pieux</proposition>
        <proposition id="10-3">Le Chevelu</proposition>
        <proposition id="10-4">Le Hardi</proposition>
      </propositions>
      <réponse proposition="10-1">Le Conquérant</réponse>
      <anecdote>Vers 1050, il épouse Mathilde de Flandre fille de Baudouin V avec qui il aura au moins dix enfants dont quatre fils.</anecdote>
    </contenu>
  </débutant>
  <confirmé>
    <contenu id="11">
      <question>Quelle ville assiégée Gambetta a-t-il quittée en ballon ?</question>
      <propositions>
        <proposition id="11-1">Rouen</proposition>
        <proposition id="11-2">Toulouse</proposition>
        <proposition id="11-3">Lyon</proposition>
        <proposition id="11-4">Paris</proposition>
      </propositions>
      <réponse proposition="11-4">Paris</réponse>
      <anecdote>Gambetta, d'abord réticent, est sollicité par ses collègues ministres et le 7 octobre 1870, il quitte Paris en ballon monté.</anecdote>
    </contenu>
    <contenu id="12">
      <question>Quel roi a révoqué l'édit de Nantes ayant donné la liberté de religion ?</question>
      <propositions>
        <proposition id="12-1">François II</proposition>
        <proposition id="12-2">Charles IX</proposition>
        <proposition id="12-3">Louis XIV</proposition>
        <proposition id="12-4">Henri IV</proposition>
      </propositions>
      <réponse proposition="12-3">Louis XIV</réponse>
      <anecdote>La promulgation de cet édit a mis fin aux guerres de religion qui avaient ravagé le royaume de France depuis 1572.</anecdote>
    </contenu>
    <contenu id="13">
      <question>Quel était le surnom du fils de Napoléon Ier et de Marie-Louise ?</question>
      <propositions>
        <proposition id="13-1">Le Mal aimé</proposition>
        <proposition id="13-2">L'Aiglon</proposition>
        <proposition id="13-3">Le Corsaire</proposition>
        <proposition id="13-4">L'Incapable</proposition>
      </propositions>
      <réponse proposition="13-2">L'Aiglon</réponse>
      <anecdote>Jusqu'à sa mort à l'âge de 21 ans, Napoléon II fut reconnu par les bonapartistes comme l'héritier du trône impérial.</anecdote>
    </contenu>
    <contenu id="14">
      <question>Quel chevalier franc et comte urbain a été trahi par Ganelon au col de Roncevaux ?</question>
      <propositions>
        <proposition id="14-1">Roland</proposition>
        <proposition id="14-2">Perceval</proposition>
        <proposition id="14-3">Gauvain</proposition>
        <proposition id="14-4">Marsile</proposition>
      </propositions>
      <réponse proposition="14-1">Roland</réponse>
      <anecdote>Pour cette raison, Ganelon est d'une certaine manière devenu dans la tradition française l'archétype du félon ou du traître.</anecdote>
    </contenu>
    <contenu id="15">
      <question>De quelle manière François Ravaillac a-t-il tué Henri IV ?</question>
      <propositions>
        <proposition id="15-1">Poignardé</proposition>
        <proposition id="15-2">Décapité</proposition>
        <proposition id="15-3">Fusillé</proposition>
        <proposition id="15-4">Empoisonné</proposition>
      </propositions>
      <réponse proposition="15-1">Poignardé</réponse>
      <anecdote>Ravaillac sera condamné à mort par le Parlement de Paris au cours d'un procès de dix jours, présidé par Achille Ier de Harlay.</anecdote>
    </contenu>
    <contenu id="16">
      <question>Quel code régissait la vie d'une grand partie de la cour de Louis XIV ?</question>
      <propositions>
        <proposition id="16-1">Le pourboire</proposition>
        <proposition id="16-2">Le bonjour</proposition>
        <proposition id="16-3">La mayade</proposition>
        <proposition id="16-4">L'étiquette</proposition>
      </propositions>
      <réponse proposition="16-4">L'étiquette</réponse>
      <anecdote>L'étiquette gouverne et restreint la manière dont les gens interagissent et sert à exprimer le respect dû à autrui.</anecdote>
    </contenu>
    <contenu id="17">
      <question>Quel pays Bertrand Du Guesclin a-t-il combattu toute sa vie ?</question>
      <propositions>
        <proposition id="17-1">L'Allemagne</proposition>
        <proposition id="17-2">L'Angleterre</proposition>
        <proposition id="17-3">Les Pays-Bas</proposition>
        <proposition id="17-4">L'Italie</proposition>
      </propositions>
      <réponse proposition="17-2">L'Angleterre</réponse>
      <anecdote>Bertrand du Guesclin est considéré, selon les sources, soit comme un héros à la loyauté absolue, soit comme un traître.</anecdote>
    </contenu>
    <contenu id="18">
      <question>Quel âge avait Clovis lorsqu'il fut élu roi des Francs en 481 ?</question>
      <propositions>
        <proposition id="18-1">10 ans</proposition>
        <proposition id="18-2">14 ans</proposition>
        <proposition id="18-3">12 ans</proposition>
        <proposition id="18-4">16 ans</proposition>
      </propositions>
      <réponse proposition="18-4">16 ans</réponse>
      <anecdote>Clovis est considéré dans l'historiographie comme un des personnages historiques les plus importants de l'histoire de France.</anecdote>
    </contenu>
    <contenu id="19">
      <question>À quelle élection présidentielle s'est présenté pour la première fois Michel Rocard ?</question>
      <propositions>
        <proposition id="19-1">1978</proposition>
        <proposition id="19-2">1975</proposition>
        <proposition id="19-3">1969</proposition>
        <proposition id="19-4">1972</proposition>
      </propositions>
      <réponse proposition="19-3">1969</réponse>
      <anecdote>Michel Rocard fut chargé de la négociation internationale pour les pôles arctique et antarctique de 2009 à sa mort.</anecdote>
    </contenu>
    <contenu id="20">
      <question>Quel corsaire malouin s'est évadé d'Angleterre et a rejoint St-Malo à la rame ?</question>
      <propositions>
        <proposition id="20-1">Philippe Bequel</proposition>
        <proposition id="20-2">Jean Bernanos</proposition>
        <proposition id="20-3">Nicolas Surcouf</proposition>
        <proposition id="20-4">Jean Bart</proposition>
      </propositions>
      <réponse proposition="20-4">Jean Bart</réponse>
      <anecdote>La bataille navale du Dogger Bank fut livrée en mer du Nord le 17 juin 1696, pendant la guerre de la Ligue d'Augsbourg.</anecdote>
    </contenu>
  </confirmé>
  <expert>
    <contenu id="21">
      <question>Quel droit adopté en 1792 a été rétabli par la loi Naquet en 1884 ?</question>
      <propositions>
        <proposition id="21-1">Droit au vote</proposition>
        <proposition id="21-2">Droit à la retraite</proposition>
        <proposition id="21-3">Droit à l'euthanasie</proposition>
        <proposition id="21-4">Droit au divorce</proposition>
      </propositions>
      <réponse proposition="21-4">Droit au divorce</réponse>
      <anecdote>Devant le nombre élevé de divorces qui se produisit, certaines modifications furent apportées à cette loi sur le divorce.</anecdote>
    </contenu>
    <contenu id="22">
      <question>Quel roi a fait installer les premières boîtes aux lettres dans Paris ?</question>
      <propositions>
        <proposition id="22-1">Louis XIV</proposition>
        <proposition id="22-2">Charles IX</proposition>
        <proposition id="22-3">François II</proposition>
        <proposition id="22-4">Henri IV</proposition>
      </propositions>
      <réponse proposition="22-1">Louis XIV</réponse>
      <anecdote>La Poste est issue des relais de poste créés par Louis XI en 1477 pour le transport des messages royaux.</anecdote>
    </contenu>
    <contenu id="23">
      <question>À quel fruit les caricaturistes comparaient-ils la tête du roi Louis-Philippe ?</question>
      <propositions>
        <proposition id="23-1">Un citron</proposition>
        <proposition id="23-2">Une poire</proposition>
        <proposition id="23-3">Une banane</proposition>
        <proposition id="23-4">Une fraise</proposition>
      </propositions>
      <réponse proposition="23-2">Une poire</réponse>
      <anecdote>Il fut caricaturé par Honoré Daumier qui accentua sa bedaine et ses rouflaquettes et le profilera en rat ou perroquet.</anecdote>
    </contenu>
    <contenu id="24">
      <question>Quel était l'emblème du régime de Vichy en France pendant la guerre ?</question>
      <propositions>
        <proposition id="24-1">Fleur de lys</proposition>
        <proposition id="24-2">Croix de Lorraine</proposition>
        <proposition id="24-3">Francisque</proposition>
        <proposition id="24-4">Cosse de genêts</proposition>
      </propositions>
      <réponse proposition="24-3">Francisque</réponse>
      <anecdote>La francisque est le nom traditionnel de la hache de jet des Germains occidentaux, que popularisèrent les Francs.</anecdote>
    </contenu>
    <contenu id="25">
      <question>De quel roi de France le duc de Sully fut-il le ministre ?</question>
      <propositions>
        <proposition id="25-1">Henri IV</proposition>
        <proposition id="25-2">Charles IX</proposition>
        <proposition id="25-3">François II</proposition>
        <proposition id="25-4">Louis XIV</proposition>
      </propositions>
      <réponse proposition="25-1">Henri IV</réponse>
      <anecdote>Sully eut de brillants conseillers, comme l'économiste Barthélemy de Laffemas, qui développa les manufactures et l'artisanat.</anecdote>
    </contenu>
    <contenu id="26">
      <question>Quel roi de la dynastie mérovingienne fut conseillé par Saint Eloi ?</question>
      <propositions>
        <proposition id="26-1">Childebert</proposition>
        <proposition id="26-2">Caribert</proposition>
        <proposition id="26-3">Sigebert</proposition>
        <proposition id="26-4">Dagobert</proposition>
      </propositions>
      <réponse proposition="26-4">Dagobert</réponse>
      <anecdote>Sous son règne, la royauté mérovingienne jette un dernier éclat avant que la réalité du pouvoir ne passe aux maires du palais.</anecdote>
    </contenu>
    <contenu id="27">
      <question>Combien de prisonniers y avait-il dans la Bastille le 14 juillet 1789 ?</question>
      <propositions>
        <proposition id="27-1">167</proposition>
        <proposition id="27-2">47</proposition>
        <proposition id="27-3">1 257</proposition>
        <proposition id="27-4">7</proposition>
      </propositions>
      <réponse proposition="27-4">7</réponse>
      <anecdote>L'événement fut sans précédent par ses répercussions, par ses implications politiques et son retentissement symbolique.</anecdote>
    </contenu>
    <contenu id="28">
      <question>Quelle expression a été utilisée pour la première fois à propos du Père Joseph ?</question>
      <propositions>
        <proposition id="28-1">Stratège bleu</proposition>
        <proposition id="28-2">Éminence grise</proposition>
        <proposition id="28-3">Bérurier noir</proposition>
        <proposition id="28-4">Suprême rouge</proposition>
      </propositions>
      <réponse proposition="28-2">Éminence grise</réponse>
      <anecdote>François Leclerc du Tremblay est un capucin surnommé par ses détracteurs « l'éminence grise du cardinal de Richelieu ».</anecdote>
    </contenu>
    <contenu id="29">
      <question>Quel roi, connu sous le titre de comte d'Artois, a succédé à Louis XVIII ?</question>
      <propositions>
        <proposition id="29-1">Charles X</proposition>
        <proposition id="29-2">François II</proposition>
        <proposition id="29-3">Henri IV</proposition>
        <proposition id="29-4">Jean II</proposition>
      </propositions>
      <réponse proposition="29-1">Charles X</réponse>
      <anecdote>Charles X est le dernier Bourbon (de la branche aînée) à avoir régné mais également le 68e et dernier roi de France.</anecdote>
    </contenu>
    <contenu id="30">
      <question>Quel évêque a baptisé Clovis à Reims un 25 décembre ?</question>
      <propositions>
        <proposition id="30-1">Saint Rémi</proposition>
        <proposition id="30-2">Saint André</proposition>
        <proposition id="30-3">Saint Justin</proposition>
        <proposition id="30-4">Saint Paul</proposition>
      </propositions>
      <réponse proposition="30-1">Saint Rémi</réponse>
      <anecdote>Dans le diocèse de Reims, il est fêté le 1er octobre conformément à une tradition locale remontant à la fin du VIe siècle.</anecdote>
    </contenu>
  </expert>
</quizz>