<?xml version="1.0" encoding="UTF-8" standalone="yes" ?>
<quizz fournisseur="OpenQuizzDB : Fournisseur de contenu libre"
       url="http://www.openquizzdb.org"
       rédacteur="Philippe Bresoux"
       thème="Feuilletons télévisés"
       difficulté="2">
  <débutant>
    <contenu id="1">
      <question>Quel est le numéro au village du héros de la série 'Le prisonnier' ?</question>
      <propositions>
        <proposition id="1-1">Onze</proposition>
        <proposition id="1-2">Deux</proposition>
        <proposition id="1-3">Trois</proposition>
        <proposition id="1-4">Six</proposition>
      </propositions>
      <réponse proposition="1-4">Six</réponse>
      <anecdote>'Le Prisonnier' utilise les ficelles du roman d'espionnage, teintées de science-fiction, d'allégorie et de drame psychologique.</anecdote>
    </contenu>
    <contenu id="2">
      <question>Quel animal porte le nom de Flipper, de la série du même nom ?</question>
      <propositions>
        <proposition id="2-1">Un ours</proposition>
        <proposition id="2-2">Un chien</proposition>
        <proposition id="2-3">Un lion</proposition>
        <proposition id="2-4">Un dauphin</proposition>
      </propositions>
      <réponse proposition="2-4">Un dauphin</réponse>
      <anecdote>'Flipper le dauphin' est une série télévisée américaine en 88 épisodes de 25 minutes, créée par Ricou Browning et Jack Cowden.</anecdote>
    </contenu>
    <contenu id="3">
      <question>Quelle est la race du célèbre 'Lassie, chien fidèle', héros d'un feuilleton télévisé ?</question>
      <propositions>
        <proposition id="3-1">Berger allemand</proposition>
        <proposition id="3-2">Yorshire</proposition>
        <proposition id="3-3">Cocker</proposition>
        <proposition id="3-4">Colley</proposition>
      </propositions>
      <réponse proposition="3-4">Colley</réponse>
      <anecdote>La production avait à l'origine engagé un colley femelle pour le rôle de Lassie, mais la chienne avait trop peur des cascades.</anecdote>
    </contenu>
    <contenu id="4">
      <question>Quel est le nom de la famille de Bobby, de JR et des autres dans 'Dallas' ?</question>
      <propositions>
        <proposition id="4-1">Ewing</proposition>
        <proposition id="4-2">Krebbs</proposition>
        <proposition id="4-3">Barnes</proposition>
        <proposition id="4-4">Shepard</proposition>
      </propositions>
      <réponse proposition="4-1">Ewing</réponse>
      <anecdote>Le succès de 'Dallas' donnera naissance à un autre feuilleton, 'Côte Ouest', se déroulant en Californie, près de Los Angeles.</anecdote>
    </contenu>
    <contenu id="5">
      <question>Qui incarne 'Maguy' à la télévision aux côtés de Jean-Marc Thibault ?</question>
      <propositions>
        <proposition id="5-1">Sophie Artur</proposition>
        <proposition id="5-2">Rosy Varte</proposition>
        <proposition id="5-3">Marthe Villalonga</proposition>
        <proposition id="5-4">Mado Maurin</proposition>
      </propositions>
      <réponse proposition="5-2">Rosy Varte</réponse>
      <anecdote>Rosy Varte est la seule comédienne de la série présente dans la totalité des 333 épisodes de 26 minutes environ.</anecdote>
    </contenu>
    <contenu id="6">
      <question>Quel personnage de 'Star Trek' et ami du capitaine Kirk a les oreilles pointues ?</question>
      <propositions>
        <proposition id="6-1">Chekov</proposition>
        <proposition id="6-2">Spock</proposition>
        <proposition id="6-3">Sulu</proposition>
        <proposition id="6-4">Scotty</proposition>
      </propositions>
      <réponse proposition="6-2">Spock</réponse>
      <anecdote>Mi-homme mi-vulcain, Spock est torturé entre la raison et la logique de sa moitié vulcaine et les émotions humaines.</anecdote>
    </contenu>
    <contenu id="7">
      <question>Quel est le grade de Columbo, interprété sur les écrans par Peter Falk ?</question>
      <propositions>
        <proposition id="7-1">Lieutenant</proposition>
        <proposition id="7-2">Commandant</proposition>
        <proposition id="7-3">Capitaine</proposition>
        <proposition id="7-4">Sergent</proposition>
      </propositions>
      <réponse proposition="7-1">Lieutenant</réponse>
      <anecdote>Columbo viendrait du personnage qu'interprète Charles Vanel dans 'Les Diaboliques', le film d'Henri-Georges Clouzot sorti en 1955.</anecdote>
    </contenu>
    <contenu id="8">
      <question>Comment se prénomme le fidèle serviteur du célèbre Zorro ?</question>
      <propositions>
        <proposition id="8-1">Esteban</proposition>
        <proposition id="8-2">Bernardo</proposition>
        <proposition id="8-3">Garcia</proposition>
        <proposition id="8-4">Galindo</proposition>
      </propositions>
      <réponse proposition="8-2">Bernardo</réponse>
      <anecdote>Muet, Bernardo se fait passer pour sourd afin de laisser traîner ses oreilles un peu partout et d'ensuite rendre compte à son maître.</anecdote>
    </contenu>
    <contenu id="9">
      <question>Qui interprète la chanson 'Bioman' ainsi que le deuxième générique de 'Capitaine Flam' ?</question>
      <propositions>
        <proposition id="9-1">Bernard Minet</proposition>
        <proposition id="9-2">Christophe Rippert</proposition>
        <proposition id="9-3">Gérard Vives</proposition>
        <proposition id="9-4">Sébastien Roch</proposition>
      </propositions>
      <réponse proposition="9-1">Bernard Minet</réponse>
      <anecdote>À partir de 1987, Bernard Minet est présent à la télévision chaque mercredi dans le 'Club Dorothée' sur TF1, au sein des Musclés.</anecdote>
    </contenu>
    <contenu id="10">
      <question>Quelle marque de voiture est conduite par le séduisant Thomas Magnum ?</question>
      <propositions>
        <proposition id="10-1">Ferrari</proposition>
        <proposition id="10-2">Audi</proposition>
        <proposition id="10-3">Porsche</proposition>
        <proposition id="10-4">BMW</proposition>
      </propositions>
      <réponse proposition="10-1">Ferrari</réponse>
      <anecdote>Initialement, les producteurs voulaient que Magnum conduise une Porsche 928 mais Porsche a refusé cette commande spéciale.</anecdote>
    </contenu>
  </débutant>
  <confirmé>
    <contenu id="11">
      <question>Dans quelle série française l'actrice Chantal Nobel dirige-t-elle un journal ?</question>
      <propositions>
        <proposition id="11-1">Navarro</proposition>
        <proposition id="11-2">Châteauvallon</proposition>
        <proposition id="11-3">Anges et Loups</proposition>
        <proposition id="11-4">Marc et Sophie</proposition>
      </propositions>
      <réponse proposition="11-2">Châteauvallon</réponse>
      <anecdote>La trame de la série télévisée 'Châteauvallon' ainsi que les six premiers épisodes ont été écrits par le romancier Georges Conchon.</anecdote>
    </contenu>
    <contenu id="12">
      <question>Quelle est l'occupation principale des Shadoks créés par Jacques Rouxel ?</question>
      <propositions>
        <proposition id="12-1">Manger</proposition>
        <proposition id="12-2">Jouer</proposition>
        <proposition id="12-3">Dormir</proposition>
        <proposition id="12-4">Pomper</proposition>
      </propositions>
      <réponse proposition="12-4">Pomper</réponse>
      <anecdote>La langue Shadok, que certains appelèrent la langue Gabuzomeuse, comprend quatre phonèmes de base : GA, BU, ZO, MEU.</anecdote>
    </contenu>
    <contenu id="13">
      <question>Quel est le métier de Jessica Fletcher dans la série télévisée 'Arabesque' ?</question>
      <propositions>
        <proposition id="13-1">Journaliste</proposition>
        <proposition id="13-2">Peintre</proposition>
        <proposition id="13-3">Avocate</proposition>
        <proposition id="13-4">Écrivain</proposition>
      </propositions>
      <réponse proposition="13-4">Écrivain</réponse>
      <anecdote>Le succès d''Arabesque' a permis la mise en chantier de la série dérivée 'La Loi du privé', basée sur le personnage d'Harry McGraw.</anecdote>
    </contenu>
    <contenu id="14">
      <question>Qui est le chef de l'équipe de 'Mission Impossible' dans la série des années 60 ?</question>
      <propositions>
        <proposition id="14-1">Willy Armitage</proposition>
        <proposition id="14-2">Barney Collier</proposition>
        <proposition id="14-3">Cinnamon Carter</proposition>
        <proposition id="14-4">Jim Phelps</proposition>
      </propositions>
      <réponse proposition="14-4">Jim Phelps</réponse>
      <anecdote>Le premier film déclencha la colère de Peter Graves, furieux que Brian De Palma ait pu faire de Jim Phelps un criminel.</anecdote>
    </contenu>
    <contenu id="15">
      <question>Quel policier est le chevalier servant et collègue de Dee Dee Mc Call à la télévision ?</question>
      <propositions>
        <proposition id="15-1">Matt Helm</proposition>
        <proposition id="15-2">Rick Hunter</proposition>
        <proposition id="15-3">Sam Spade</proposition>
        <proposition id="15-4">Jim Phelps</proposition>
      </propositions>
      <réponse proposition="15-2">Rick Hunter</réponse>
      <anecdote>Placé dans une case horaire le vendredi soir en concurrence avec 'Dallas', la série aura des difficultés à trouver son public.</anecdote>
    </contenu>
    <contenu id="16">
      <question>Quel personnage de feuilleton télévisé conduit la plupart du temps une Aston-Martin jaune ?</question>
      <propositions>
        <proposition id="16-1">Brett Sinclair</proposition>
        <proposition id="16-2">Arsène Lupin</proposition>
        <proposition id="16-3">Jessica Fletcher</proposition>
        <proposition id="16-4">Kojak</proposition>
      </propositions>
      <réponse proposition="16-1">Brett Sinclair</réponse>
      <anecdote>L'exemplaire de la série, de couleur Bahama Yellow, a été racheté en 1995 par un fan qui l'a fait restaurer dans son état d'origine.</anecdote>
    </contenu>
    <contenu id="17">
      <question>Quelle est la profession de 'l'Homme qui tombe à pic' dans la série du même nom ?</question>
      <propositions>
        <proposition id="17-1">Cascadeur</proposition>
        <proposition id="17-2">Vendeur de voitures</proposition>
        <proposition id="17-3">Banquier</proposition>
        <proposition id="17-4">Astronaute</proposition>
      </propositions>
      <réponse proposition="17-1">Cascadeur</réponse>
      <anecdote>Colt Seavers, un cascadeur d'Hollywood, devient chasseur de primes lorsque le cinéma ne lui fournit pas suffisamment de travail.</anecdote>
    </contenu>
    <contenu id="18">
      <question>Quelle série télévisée raconte les mésaventures d'un centre vétérinaire en Afrique ?</question>
      <propositions>
        <proposition id="18-1">Daktari</proposition>
        <proposition id="18-2">Lassie</proposition>
        <proposition id="18-3">Woobinda</proposition>
        <proposition id="18-4">Mon ami Ben</proposition>
      </propositions>
      <réponse proposition="18-1">Daktari</réponse>
      <anecdote>La série 'Daktari' ne fut pas tournée en Afrique mais plutôt  à 43 km au nord de Los Angeles, à Africa USA, en Californie.</anecdote>
    </contenu>
    <contenu id="19">
      <question>À qui Tony Curtis s'adresse-t-il en prononçant les mots « son altesse » ?</question>
      <propositions>
        <proposition id="19-1">Guy Williams</proposition>
        <proposition id="19-2">Peter Falk</proposition>
        <proposition id="19-3">Roger Moore</proposition>
        <proposition id="19-4">Don Diamond</proposition>
      </propositions>
      <réponse proposition="19-3">Roger Moore</réponse>
      <anecdote>Michel Roux raconte que Tony Curtis lui aurait demandé d'assurer par contrat tous ses doublages (voix française) à venir.</anecdote>
    </contenu>
    <contenu id="20">
      <question>Dans quel ancien feuilleton Barney réussit-il des prodiges techniques ?</question>
      <propositions>
        <proposition id="20-1">Star Trek</proposition>
        <proposition id="20-2">Le prisonnier</proposition>
        <proposition id="20-3">Mission Impossible</proposition>
        <proposition id="20-4">Bioman</proposition>
      </propositions>
      <réponse proposition="20-3">Mission Impossible</réponse>
      <anecdote>Cette série, très innovante par sa forme, connut un succès considérable mais fut arrêtée au terme de sa septième saison.</anecdote>
    </contenu>
  </confirmé>
  <expert>
    <contenu id="21">
      <question>Quel est le grade de Steve Austin, l'homme bionique des années 80 ?</question>
      <propositions>
        <proposition id="21-1">Lieutenant</proposition>
        <proposition id="21-2">Colonel</proposition>
        <proposition id="21-3">Commandant</proposition>
        <proposition id="21-4">Capitaine</proposition>
      </propositions>
      <réponse proposition="21-2">Colonel</réponse>
      <anecdote>Le crash d'avion pendant le générique utilise le film du crash réel d'un prototype, le 10 mai 1967 sur la Edwards Air Force Base.</anecdote>
    </contenu>
    <contenu id="22">
      <question>Quelle est la profession de Marc dans le feuilleton télévisé 'Marc et Sophie' ?</question>
      <propositions>
        <proposition id="22-1">Banquier</proposition>
        <proposition id="22-2">Styliste</proposition>
        <proposition id="22-3">Vétérinaire</proposition>
        <proposition id="22-4">Concierge</proposition>
      </propositions>
      <réponse proposition="22-3">Vétérinaire</réponse>
      <anecdote>La majeure partie des histoires se déroule dans l'appartement comprenant la salle d'attente (commune) et leurs cabinets.</anecdote>
    </contenu>
    <contenu id="23">
      <question>À quoi reconnaît-on 'Les envahisseurs' dans la série du même nom ?</question>
      <propositions>
        <proposition id="23-1">Aux pieds</proposition>
        <proposition id="23-2">Au langage</proposition>
        <proposition id="23-3">Au petit doigt</proposition>
        <proposition id="23-4">Aux yeux</proposition>
      </propositions>
      <réponse proposition="23-3">Au petit doigt</réponse>
      <anecdote>La série s'inscrit dans la mode de la science-fiction qui avait elle-même supplanté les innombrables films noirs en vogue.</anecdote>
    </contenu>
    <contenu id="24">
      <question>Quel genre d'animal est Ben, le héros de la série 'Mon ami Ben' ?</question>
      <propositions>
        <proposition id="24-1">Un ours brun</proposition>
        <proposition id="24-2">Un éléphant</proposition>
        <proposition id="24-3">Une panthère</proposition>
        <proposition id="24-4">Un lion</proposition>
      </propositions>
      <réponse proposition="24-1">Un ours brun</réponse>
      <anecdote>Au générique, le jeune héros est incarné par Clint Howard, qui n'est autre que le frère de l'acteur et réalisateur Ron Howard.</anecdote>
    </contenu>
    <contenu id="25">
      <question>Comme se prénommait le poney héros d'un ancien feuilleton télévisé ?</question>
      <propositions>
        <proposition id="25-1">Harry</proposition>
        <proposition id="25-2">Poly</proposition>
        <proposition id="25-3">Doly</proposition>
        <proposition id="25-4">Suzy</proposition>
      </propositions>
      <réponse proposition="25-2">Poly</réponse>
      <anecdote>Mehdi El Glaoui, alors âgé de cinq ans au début du feuilleton 'Poly', est le fils de l'actrice et réalisatrice française Cécile Aubry.</anecdote>
    </contenu>
    <contenu id="26">
      <question>Quel feuilleton réunissait Pierre et Bob, à savoir Edward Meeks et Yves Rénier ?</question>
      <propositions>
        <proposition id="26-1">Allô Police</proposition>
        <proposition id="26-2">Les Globes-trotters</proposition>
        <proposition id="26-3">Commandant X</proposition>
        <proposition id="26-4">Quand on est deux</proposition>
      </propositions>
      <réponse proposition="26-2">Les Globes-trotters</réponse>
      <anecdote>Cette série met en scène les aventures de deux journalistes qui font le pari de faire le tour du monde avec leurs seules économies.</anecdote>
    </contenu>
    <contenu id="27">
      <question>Dans quel feuilleton policier Joe La Fiamma a-t-il déposé un bonsaï sur son bureau ?</question>
      <propositions>
        <proposition id="27-1">Texas Police</proposition>
        <proposition id="27-2">Kojak</proposition>
        <proposition id="27-3">Arabesque</proposition>
        <proposition id="27-4">NCIS</proposition>
      </propositions>
      <réponse proposition="27-1">Texas Police</réponse>
      <anecdote>En France, la série télévisée 'Texas Police', avec Michael Beck et Michael Paré, a été découverte par le public sur TF1 en 1988.</anecdote>
    </contenu>
    <contenu id="28">
      <question>Dans quelle ville Taggart, héros du feuilleton télévisé du même nom, mène-t-il ses enquêtes ?</question>
      <propositions>
        <proposition id="28-1">Rome</proposition>
        <proposition id="28-2">Glasgow</proposition>
        <proposition id="28-3">Dublin</proposition>
        <proposition id="28-4">Londres</proposition>
      </propositions>
      <réponse proposition="28-2">Glasgow</réponse>
      <anecdote>Cette série est vue comme relevant du film noir par ses intrigues particulièrement sombres et son atmosphère lourde et menaçante.</anecdote>
    </contenu>
    <contenu id="29">
      <question>Quel acteur incarne Arsène Lupin dans un feuilleton télévisé sorti en 1971 ?</question>
      <propositions>
        <proposition id="29-1">Henri Virlogeux</proposition>
        <proposition id="29-2">Georges Descrières</proposition>
        <proposition id="29-3">Yvon Bouchard</proposition>
        <proposition id="29-4">Roger Carel</proposition>
      </propositions>
      <réponse proposition="29-2">Georges Descrières</réponse>
      <anecdote>En 1980, Jean-Claude Brialy a pris la succession de Georges Descrières dans la peau d'Arsène Lupin, le gentleman-cambioleur.</anecdote>
    </contenu>
    <contenu id="30">
      <question>Quel est le prénom de Kojak, élégant policier au crâne rasé ?</question>
      <propositions>
        <proposition id="30-1">Theo</proposition>
        <proposition id="30-2">Roger</proposition>
        <proposition id="30-3">Walter</proposition>
        <proposition id="30-4">Denis</proposition>
      </propositions>
      <réponse proposition="30-1">Theo</réponse>
      <anecdote>C'est au cours du huitième épisode (saison 1) que Theo Kojak apparaît pour la première fois avec une sucette à la bouche.
</anecdote>
    </contenu>
  </expert>
</quizz>