<?xml version="1.0" encoding="UTF-8" standalone="yes" ?>
<quizz fournisseur="OpenQuizzDB : Fournisseur de contenu libre"
       url="http://www.openquizzdb.org"
       rédacteur="Philippe Bresoux"
       thème="Jeux olympiques"
       difficulté="3">
  <débutant>
    <contenu id="1">
      <question>À quel historien et pédagogue français doit-on les Jeux olympiques modernes ?</question>
      <propositions>
        <proposition id="1-1">Napoléon Bonaparte</proposition>
        <proposition id="1-2">Duc de Windsor</proposition>
        <proposition id="1-3">Pierre de Coubertin</proposition>
        <proposition id="1-4">Pie XI</proposition>
      </propositions>
      <réponse proposition="1-3">Pierre de Coubertin</réponse>
      <anecdote>La médaille Pierre-de-Coubertin, attribuée par le CIO, démontre un vrai esprit sportif aux Jeux olympiques.</anecdote>
    </contenu>
    <contenu id="2">
      <question>Combien y a-t-il de couloirs dans une piscine olympique ?</question>
      <propositions>
        <proposition id="2-1">10</proposition>
        <proposition id="2-2">14</proposition>
        <proposition id="2-3">6</proposition>
        <proposition id="2-4">12</proposition>
      </propositions>
      <réponse proposition="2-1">10</réponse>
      <anecdote>Seules les piscines d'eau douce homologuées conviennent aux compétitions organisées dans ces grands bassins.</anecdote>
    </contenu>
    <contenu id="3">
      <question>Qui a été élu « journaliste français le plus chauvin » des Jeux olympiques de 2012 ?</question>
      <propositions>
        <proposition id="3-1">Nelson Monfort</proposition>
        <proposition id="3-2">Michel Denisot</proposition>
        <proposition id="3-3">Christian Jeanpierre</proposition>
        <proposition id="3-4">Georges Cazeneuve</proposition>
      </propositions>
      <réponse proposition="3-1">Nelson Monfort</réponse>
      <anecdote>Nelson Monfort commente le patinage artistique mais surtout interviewe les sportifs dans de nombreuses disciplines.</anecdote>
    </contenu>
    <contenu id="4">
      <question>Dans quelle ville se dérouleront les Jeux olympiques de 2016, malgré son insécurité ?</question>
      <propositions>
        <proposition id="4-1">Pékin</proposition>
        <proposition id="4-2">Tokyo</proposition>
        <proposition id="4-3">Rio de Janeiro</proposition>
        <proposition id="4-4">Londres</proposition>
      </propositions>
      <réponse proposition="4-3">Rio de Janeiro</réponse>
      <anecdote>Ces JO seront les premiers à se dérouler en Amérique du Sud et les premiers à se dérouler dans un pays lusophone.</anecdote>
    </contenu>
    <contenu id="5">
      <question>Quelle épreuve olympique commence hors du stade pour se terminer dans ses murs ?</question>
      <propositions>
        <proposition id="5-1">Le marathon</proposition>
        <proposition id="5-2">Le cross-country</proposition>
        <proposition id="5-3">Le trail</proposition>
        <proposition id="5-4">Le 10 000 m</proposition>
      </propositions>
      <réponse proposition="5-1">Le marathon</réponse>
      <anecdote>Le marathon est une épreuve sportive de course à pied qui se dispute généralement sur une distance de 42 kilomètres.</anecdote>
    </contenu>
    <contenu id="6">
      <question>Lequel des anneaux du drapeau olympique se retrouve le plus près du mât ?</question>
      <propositions>
        <proposition id="6-1">Le jaune</proposition>
        <proposition id="6-2">Le rouge</proposition>
        <proposition id="6-3">Le vert</proposition>
        <proposition id="6-4">Le bleu</proposition>
      </propositions>
      <réponse proposition="6-4">Le bleu</réponse>
      <anecdote>Les 5 anneaux entrelacés représentent les cinq continents unis par lolympisme, et les six couleurs représentent toutes les nations.</anecdote>
    </contenu>
    <contenu id="7">
      <question>Quel pongiste belge a participé à ses septièmes Jeux olympiques à l'âge de 42 ans ?</question>
      <propositions>
        <proposition id="7-1">Martin Bratanov</proposition>
        <proposition id="7-2">Grégory Obert</proposition>
        <proposition id="7-3">Jean-Michel Saive</proposition>
        <proposition id="7-4">Yannick Vostes</proposition>
      </propositions>
      <réponse proposition="7-3">Jean-Michel Saive</réponse>
      <anecdote>Jean-Michel Saive a également porté le drapeau de la délégation belge lors des Jeux olympiques de 1996 et 2004.</anecdote>
    </contenu>
    <contenu id="8">
      <question>Qui est la première gymnaste à avoir obtenu un 10 au Jeux olympiques ?</question>
      <propositions>
        <proposition id="8-1">Doina Ignat</proposition>
        <proposition id="8-2">Diana Mocanu</proposition>
        <proposition id="8-3">Tatiana Gutsu</proposition>
        <proposition id="8-4">Nadia Comaneci</proposition>
      </propositions>
      <réponse proposition="8-4">Nadia Comaneci</réponse>
      <anecdote>Nadia Comaneci, qui possède une double nationalité, a donné une dimension populaire et médiatique inégalée à ce sport.</anecdote>
    </contenu>
    <contenu id="9">
      <question>Quelle est la couleur de fond du drapeau olympique, célèbre pour ses cinq anneaux ?</question>
      <propositions>
        <proposition id="9-1">Blanche</proposition>
        <proposition id="9-2">Verte</proposition>
        <proposition id="9-3">Bleue</proposition>
        <proposition id="9-4">Jaune</proposition>
      </propositions>
      <réponse proposition="9-1">Blanche</réponse>
      <anecdote>Aux Jeux de 2008, l'association Reporters sans frontières a détourné le drapeau olympique en remplaçant le fond blanc par un fond noir.</anecdote>
    </contenu>
    <contenu id="10">
      <question>Qui était Premier ministre britannique lors des Jeux olympiques de Londres en 2012 ?</question>
      <propositions>
        <proposition id="10-1">James Callaghan</proposition>
        <proposition id="10-2">Gordon Brown</proposition>
        <proposition id="10-3">Tony Blair</proposition>
        <proposition id="10-4">David Cameron</proposition>
      </propositions>
      <réponse proposition="10-4">David Cameron</réponse>
      <anecdote>Diplômé du Brasenose College de l'université d'Oxford, il fut conseiller politique de Margaret Thatcher puis de John Major.</anecdote>
    </contenu>
  </débutant>
  <confirmé>
    <contenu id="11">
      <question>Quel athlète Jamaïcain a marqué les Jeux olympiques de 2008 ?</question>
      <propositions>
        <proposition id="11-1">Usain Bolt</proposition>
        <proposition id="11-2">Lerone Clarke</proposition>
        <proposition id="11-3">Dexter Lee</proposition>
        <proposition id="11-4">Ray Stewart</proposition>
      </propositions>
      <réponse proposition="11-1">Usain Bolt</réponse>
      <anecdote>Spécialiste des épreuves de sprint, Usain Bolt est également l'athlète le plus décoré des championnats du monde d'athlétisme.</anecdote>
    </contenu>
    <contenu id="12">
      <question>Quelle discipline olympique associe le saut à ski au ski de fond ?</question>
      <propositions>
        <proposition id="12-1">Le biathlon</proposition>
        <proposition id="12-2">Le curling</proposition>
        <proposition id="12-3">Le combiné nordique</proposition>
        <proposition id="12-4">Le snowboard</proposition>
      </propositions>
      <réponse proposition="12-3">Le combiné nordique</réponse>
      <anecdote>Créé en Norvège à la fin du XIXe siècle, le combiné nordique est au programme olympique depuis la première édition.</anecdote>
    </contenu>
    <contenu id="13">
      <question>En 2012, quel type de passeport est apparu aux Jeux olympiques de Londres ?</question>
      <propositions>
        <proposition id="13-1">Automatique</proposition>
        <proposition id="13-2">Télépathique</proposition>
        <proposition id="13-3">Biologique</proposition>
        <proposition id="13-4">Thermique</proposition>
      </propositions>
      <réponse proposition="13-3">Biologique</réponse>
      <anecdote>Il permet de déceler des violations de la réglementation antidopage en détectant des variations anormales de marqueurs biologiques.</anecdote>
    </contenu>
    <contenu id="14">
      <question>Quelle sportive française a participé à sept éditions des Jeux olympiques ?</question>
      <propositions>
        <proposition id="14-1">Jeannie Longo</proposition>
        <proposition id="14-2">Marion Rousse</proposition>
        <proposition id="14-3">Sophie Creux</proposition>
        <proposition id="14-4">Sabrina Jonnier</proposition>
      </propositions>
      <réponse proposition="14-1">Jeannie Longo</réponse>
      <anecdote>Au total, Jeannie Longo a remporté 9 titres de championne du monde sur route et un titre olympique.</anecdote>
    </contenu>
    <contenu id="15">
      <question>Quel objet les femmes ne peuvent-elles jeter aux Jeux olympiques que depuis 1995 ?</question>
      <propositions>
        <proposition id="15-1">Le disque</proposition>
        <proposition id="15-2">Le marteau</proposition>
        <proposition id="15-3">Le poids</proposition>
        <proposition id="15-4">Le javelot</proposition>
      </propositions>
      <réponse proposition="15-2">Le marteau</réponse>
      <anecdote>Le lancer du marteau pour femmes a eu lieu pour la première fois aux Jeux olympiques d'été de 2000 à Sydney.</anecdote>
    </contenu>
    <contenu id="16">
      <question>Quel équipement très utilisé en athlétisme doit peser au moins 50 grammes ?</question>
      <propositions>
        <proposition id="16-1">Le javelot</proposition>
        <proposition id="16-2">Le témoin</proposition>
        <proposition id="16-3">Le disque</proposition>
        <proposition id="16-4">Le sifflet</proposition>
      </propositions>
      <réponse proposition="16-2">Le témoin</réponse>
      <anecdote>Le but du relais est de parcourir la distance le plus rapidement possible tout en assurant la transmission d'un témoin.</anecdote>
    </contenu>
    <contenu id="17">
      <question>Dans quelle épreuve olympique peut-on trouver des hommes couchés par terre ?</question>
      <propositions>
        <proposition id="17-1">Le softball</proposition>
        <proposition id="17-2">Le tir</proposition>
        <proposition id="17-3">Le curling</proposition>
        <proposition id="17-4">Le croquet</proposition>
      </propositions>
      <réponse proposition="17-2">Le tir</réponse>
      <anecdote>Le tir inclus deux types principaux de compétition, le tir sur cible avec des pistolets ou des carabines et le tir sur plateau.</anecdote>
    </contenu>
    <contenu id="18">
      <question>Quel sportif, né le 30 juin 1985 à Towson, est le plus titré des Jeux olympiques ?</question>
      <propositions>
        <proposition id="18-1">Andriy Serdinov</proposition>
        <proposition id="18-2">Michael Phelps</proposition>
        <proposition id="18-3">Mark Spitz</proposition>
        <proposition id="18-4">Ian Thorpe</proposition>
      </propositions>
      <réponse proposition="18-2">Michael Phelps</réponse>
      <anecdote>En grand bassin, l'Américain est le nageur le plus médaillé de l'histoire avec 22 médailles dont 18 d'or.</anecdote>
    </contenu>
    <contenu id="19">
      <question>Comment appelle-t-on la période de quatre ans entre deux Jeux olympiques ?</question>
      <propositions>
        <proposition id="19-1">Une tierce</proposition>
        <proposition id="19-2">Un quinquennat</proposition>
        <proposition id="19-3">Une olympiade</proposition>
        <proposition id="19-4">Un lustre</proposition>
      </propositions>
      <réponse proposition="19-3">Une olympiade</réponse>
      <anecdote>L'olympiade est la base de la chronologie du monde grec à partir d'Alexandre le Grand.</anecdote>
    </contenu>
    <contenu id="20">
      <question>Quel athlète a été champion olympique du saut en longueur à Atlanta en 1996 ?</question>
      <propositions>
        <proposition id="20-1">Dwight Phillips</proposition>
        <proposition id="20-2">Michael Johnson</proposition>
        <proposition id="20-3">Linford Christie</proposition>
        <proposition id="20-4">Carl Lewis</proposition>
      </propositions>
      <réponse proposition="20-4">Carl Lewis</réponse>
      <anecdote>Sa carrière, plusieurs fois interrompue, a duré de 1979 à 1996, année durant laquelle il a conquis son dernier titre olympique.</anecdote>
    </contenu>
  </confirmé>
  <expert>
    <contenu id="21">
      <question>En quelle année les Jeux olympiques se sont-ils déroulés à Paris pour la première fois ?</question>
      <propositions>
        <proposition id="21-1">1900</proposition>
        <proposition id="21-2">1908</proposition>
        <proposition id="21-3">1928</proposition>
        <proposition id="21-4">1920</proposition>
      </propositions>
      <réponse proposition="21-1">1900</réponse>
      <anecdote>Aucune cérémonie d'ouverture ou de fermeture n'a été prévue au programme, mis à part un défilé des gymnastes à Vincennes.</anecdote>
    </contenu>
    <contenu id="22">
      <question>Lequel de ces sports ne figure pas parmi les épreuves disputées en pentathlon moderne ?</question>
      <propositions>
        <proposition id="22-1">Le tir au pistolet</proposition>
        <proposition id="22-2">Le cyclisme</proposition>
        <proposition id="22-3">La course à pied</proposition>
        <proposition id="22-4">La natation</proposition>
      </propositions>
      <réponse proposition="22-2">Le cyclisme</réponse>
      <anecdote>Les épreuves du pentathlon moderne sont l'escrime, la natation, l'équitation, le tir au pistolet et la course à pied.</anecdote>
    </contenu>
    <contenu id="23">
      <question>Quel chirurgien orthopédiste a été élu en 2001 président du Comité international olympique ?</question>
      <propositions>
        <proposition id="23-1">Jean-Claude Killy</proposition>
        <proposition id="23-2">Marc Hodler</proposition>
        <proposition id="23-3">Jacques Rogge</proposition>
        <proposition id="23-4">René Fasel</proposition>
      </propositions>
      <réponse proposition="23-3">Jacques Rogge</réponse>
      <anecdote>Après une carrière sportive remplie, en voile comme skipper puis au  rugby à XV, Jacques Rogge s'oriente vers l'administration sportive.</anecdote>
    </contenu>
    <contenu id="24">
      <question>Quelle est la première ville à avoir accueilli trois fois les Jeux olympiques ?</question>
      <propositions>
        <proposition id="24-1">Londres</proposition>
        <proposition id="24-2">Paris</proposition>
        <proposition id="24-3">Athènes</proposition>
        <proposition id="24-4">Los Angeles</proposition>
      </propositions>
      <réponse proposition="24-1">Londres</réponse>
      <anecdote>Les JO sont un événement international majeur, regroupant les sports d'été et d'hiver, auquel des milliers d'athlètes participent.</anecdote>
    </contenu>
    <contenu id="25">
      <question>Dans quelle discipline olympique le parcours est-il toujours triangulaire ?</question>
      <propositions>
        <proposition id="25-1">Le triathlon</proposition>
        <proposition id="25-2">La voile</proposition>
        <proposition id="25-3">L'aviron</proposition>
        <proposition id="25-4">Le canoë-kayak</proposition>
      </propositions>
      <réponse proposition="25-2">La voile</réponse>
      <anecdote>Le plus grand catamaran à voile jamais construit est le Douce France : 42 mètres de grand luxe et de teck.</anecdote>
    </contenu>
    <contenu id="26">
      <question>En 1980, lequel de ces pays a totalement boycotté les Jeux olympiques de Moscou ?</question>
      <propositions>
        <proposition id="26-1">La Norvège</proposition>
        <proposition id="26-2">La Grande-Bretagne</proposition>
        <proposition id="26-3">La Suède</proposition>
        <proposition id="26-4">La France</proposition>
      </propositions>
      <réponse proposition="26-1">La Norvège</réponse>
      <anecdote>Une cinquantaine de nations ont boycotté ces Jeux à la suite de l'invasion de l'Afghanistan par l'Union Soviétique en 1979.</anecdote>
    </contenu>
    <contenu id="27">
      <question>Quel nageur olympique de Guinée équatoriale a connu une célébrité éphémère ?</question>
      <propositions>
        <proposition id="27-1">Bill Kirby</proposition>
        <proposition id="27-2">Ian Thorpe</proposition>
        <proposition id="27-3">Jens Kruppa</proposition>
        <proposition id="27-4">Éric Moussambani</proposition>
      </propositions>
      <réponse proposition="27-4">Éric Moussambani</réponse>
      <anecdote>Son courage à Sydney en 2000 sera perçu comme un symbole de l'esprit olympique, après un 100 mètres nage libre en 1m 52s.</anecdote>
    </contenu>
    <contenu id="28">
      <question>Quel animal a représenté la mascotte des Jeux olympiques de Moscou en 1980 ?</question>
      <propositions>
        <proposition id="28-1">Un ours</proposition>
        <proposition id="28-2">Un élan</proposition>
        <proposition id="28-3">Un loup</proposition>
        <proposition id="28-4">Un renne</proposition>
      </propositions>
      <réponse proposition="28-1">Un ours</réponse>
      <anecdote>La mascotte officielle, l'ours Misha, a été imaginée par Victor Tchijikov, auteur de livres pour enfants.</anecdote>
    </contenu>
    <contenu id="29">
      <question>Combien de médailles olympiques ont été distribuées aux Jeux olympiques de 2012 ?</question>
      <propositions>
        <proposition id="29-1">3 500</proposition>
        <proposition id="29-2">5 600</proposition>
        <proposition id="29-3">4 700</proposition>
        <proposition id="29-4">2 900</proposition>
      </propositions>
      <réponse proposition="29-3">4 700</réponse>
      <anecdote>Londres est la première ville à accueillir les Jeux olympiques modernes pour la troisième fois.</anecdote>
    </contenu>
    <contenu id="30">
      <question>En quelle année les Jeux olympiques ont-ils été télévisés pour la première fois ?</question>
      <propositions>
        <proposition id="30-1">1963</proposition>
        <proposition id="30-2">1952</proposition>
        <proposition id="30-3">1936</proposition>
        <proposition id="30-4">1947</proposition>
      </propositions>
      <réponse proposition="30-3">1936</réponse>
      <anecdote>Pour la première fois, la flamme olympique sera introduite dans une cérémonie d'ouverture de Jeux olympiques.</anecdote>
    </contenu>
  </expert>
</quizz>