1;fr;Que jette-t-on sur le ring en cas d'abandon durant un match de boxe ?;Éponge;Gant;Culotte;Protège-dents;Débutant;Durant un match, l'arbitre est le garant principal de la sécurité des boxeurs et peut sanctionner les gestes interdits et dangereux.;https://fr.wikipedia.org/wiki/Boxe
2;fr;Quelle espèce d'oiseaux encore présente en Europe gringotte, quiritte ou trille ?;Rossignol;Corbeau;Perroquet;Moineau;Débutant;Son chant des plus mélodieux et des plus complexes a fasciné les chercheurs qui ont dénombré 260 séquences différentes.;https://fr.wikipedia.org/wiki/Rossignol_philomèle
3;fr;Qui est devenu célèbre grâce au Poinçonneur des Lilas sorti en 1958 ?;Serge Gainsbourg;Charles Trenet;Boris Vian;Johnny Hallyday;Débutant;Un scopitone a été réalisé pour l'occasion par Jean Bacqué, produit par Pathé, montrant Gainsbourg dans le métro parisien.;https://fr.wikipedia.org/wiki/Le_Poinçonneur_des_Lilas
4;fr;Laquelle de ces professions ne peut-on associer au grand Léonard de Vinci ?;Auteur dramatique;Peintre;Sculpteur;Botaniste;Débutant;Léonard de Vinci, génie universel, est souvent décrit comme l'archétype et le symbole de l'homme de la Renaissance.;https://fr.wikipedia.org/wiki/Léonard_de_Vinci
5;fr;Fils de Laïos et de Jocaste, qui Œdipe a-t-il tué dans la mythologie grecque ?;Son père;Sa mère;Sa fille;Son fils;Débutant;Œdipe est connu pour avoir résolu l'énigme du sphinx et pour s'être rendu involontairement coupable de parricide et d'inceste.;https://fr.wikipedia.org/wiki/Œdipe
6;fr;En France, à la Libération, combien de personnes se retrouvèrent à Notre-Dame de Paris ?;13 000;9 000;5 000;17 000;Débutant;Le général de Gaulle a descendu le 26 août l'Arc de Triomphe vers Notre-Dame pour un office religieux après la libération de Paris.;https://fr.wikipedia.org/wiki/Libération_de_Paris
7;fr;En quelle année a été bu le premier Coca-Cola concocté par John Pemberton ?;1886;1906;1926;1946;Débutant;Contrairement à la chronologie officielle de l'entreprise, Coca-Cola ne s'est pas implantée en France en 1933, mais bien en 1919.;https://fr.wikipedia.org/wiki/Coca-Cola
8;fr;Dans quelle ville se sont déroulés les Jeux olympiques de 1900 ?;Paris;Athènes;Rome;Los Angeles;Débutant;Aucune cérémonie d'ouverture ou de fermeture ne fut au programme, excepté un défilé des gymnastes à Vincennes.;https://fr.wikipedia.org/wiki/Jeux_olympiques_de_1900
9;fr;À quelle substance naturelle ou synthétique la pénicilline est-elle associée ?;Antibiotique;Anesthésique;Soporifique;Analgésique;Débutant;À la base, la pénicilline est une toxine inoffensive pour l'homme synthétisée par certaines espèces de moisissures.;https://fr.wikipedia.org/wiki/Pénicilline
10;fr;Quel prix Nobel Winston Leonard Spencer-Churchill a-t-il reçu en 1953 ?;Littérature;Physique;Paix;Chimie;Débutant;Winston Churchill reste à ce jour l'unique ancien Premier ministre britannique à avoir reçu, en 1953, le prix Nobel de littérature.;https://fr.wikipedia.org/wiki/Winston_Churchill
11;fr;Le train sifflera trois fois est un western américain de quel réalisateur ?;Fred Zinnemann;John Ford;Vincente Minnelli;George Stevens;Confirmé;L'album de Lucky Luke intitulé Les Dalton à la noce reprend la trame scénaristique générale et quelques passages-clés du film.;https://fr.wikipedia.org/wiki/Le_train_sifflera_trois_fois
12;fr;En quelle année a-t-on pu assister à l'inauguration du métro parisien ?;1900;1880;1860;1840;Confirmé;La métro de Paris comporte à ce jour seize lignes en site propre, essentiellement souterraines, totalisant près de 220 kilomètres.;https://fr.wikipedia.org/wiki/Métro_de_Paris
13;fr;Quel écrivain et journaliste littéraire français fut surnommé le taureau normand ?;Guy de Maupassant;Victor Hugo;Honoré de Balzac;Alfred de Musset;Confirmé;C'est un de ses biographes, Paul Morand, qui comparera ce Maupassant au physique robuste et athlétique à un taureau.;https://fr.wikipedia.org/wiki/Guy_de_Maupassant
14;fr;À quel autre objet peut-on associer le paléophone inventé par Charles Cross ?;Disque à sillon;Poste de radio;Téléphone;Émetteur;Confirmé;Faute de preuve, nul ne peut affirmer que Charles Cros ait pu réellement reproduire en 1877 le son qu'il avait réussi à enregistrer.;https://fr.wikipedia.org/wiki/Phonographe
15;fr;Durant quel siècle les pins furent-ils plantés dans la forêt des Landes de Gascogne ?;XIXe siècle;XVIIe siècle;XVe siècle;XIIIe siècle;Confirmé;D'une superficie de près d'un million d'hectares, la forêt des Landes est la plus grande forêt artificielle d'Europe occidentale.;https://fr.wikipedia.org/wiki/Forêt_des_Landes
16;fr;Monsieur Diafoirus est un médecin issu de l'imagination de quel dramaturge ?;Molière;Voltaire;Rabelais;Corneille;Confirmé;Le Malade imaginaire est une comédie-ballet en trois actes représentée en 1673 et la dernière comédie écrite par Molière.;https://fr.wikipedia.org/wiki/Le_Malade_imaginaire
17;fr;Par rapport à la vitesse duquel de ces éléments le mètre peut-il se définir ?;Lumière;Son;Eau;Vent;Confirmé;La valeur du mètre est définie comme la distance parcourue par la lumière dans le vide en 1/299 792 458 de seconde.;https://fr.wikipedia.org/wiki/Mètre
18;fr;Auquel de ces politiciens français Lénine aurait-il pu expliquer la révolution ?;Georges Marchais;Raymond Barre;Robert Hue;Jacques Chirac;Confirmé;Lénine est à l'origine de la Tchéka, police politique chargée d'éliminer tous les ennemis du nouveau régime qu'il met en place.;https://fr.wikipedia.org/wiki/Vladimir_Ilitch_Lénine
19;fr;La perle à abdomen remarquable ou plécoptère est en fait...;Un insecte;Une fleur;Un coquillage;Un oiseau;Confirmé;Les Plécoptères sont appelés mouches de pierre car ils se posent très fréquemment sur les pierres en bordure de cours d'eau.;https://fr.wikipedia.org/wiki/Plecoptera
20;fr;Quel prolifique compositeur français est mort à Paris en 1918 ?;Claude Debussy;Édouard Lalo;Hector Berlioz;Georges Bizet;Confirmé;Une part importante de l'œuvre de Claude Debussy est pour piano et utilise une palette sonore particulièrement riche et évocatrice.;https://fr.wikipedia.org/wiki/Claude_Debussy
21;fr;Pour quelle profession la ville de Crémone, située dans le nord de l'Italie, est-elle célèbre ?;Luthier;Peintre;Potier;Sabotier;Expert;La ville est la patrie d'Antonio Giacomo Stradivari, dit Stradivarius, fabricant de violons, de violoncelles, d'altos et de guitares.;https://fr.wikipedia.org/wiki/Crémone
22;fr;Autrefois, la phtisie désignait une des formes de quelle maladie ?;Tuberculose;Syphilis;Asthme;Lèpre;Expert;La tuberculose est une maladie contagieuse infectieuse causée par une bactérie, avec des signes cliniques variables.;https://fr.wikipedia.org/wiki/Phtisie
23;fr;Par quel pays Macao a-t-elle été colonisée et administrée durant plus de 400 ans ?;Portugal;Espagne;Angleterre;Allemagne;Expert;La ville de Macao est considérée comme le dernier comptoir ainsi que la dernière colonie européenne en Chine et en Asie.;https://fr.wikipedia.org/wiki/Macao
24;fr;Lequel de ces écrivains avait 40 ans à la naissance de Gustave Flaubert ?;Balzac;Stendhal;Hugo;Favre;Expert;Gustave Flaubert a marqué la littérature par la profondeur de ses analyses psychologiques et son souci de réalisme.;https://fr.wikipedia.org/wiki/Gustave_Flaubert
25;fr;Comment peut-on littéralement traduire le terme république d'Albanie ?;Pays des aigles;Pays des chevaux;Pays des morts;Pays des vivants;Expert;Le pays a un régime politique de type démocratie parlementaire, sa capitale est Tirana et sa langue officielle est l'albanais.;https://fr.wikipedia.org/wiki/Albanie
26;fr;Dans quel état se trouve la prison américaine de Sing Sing, située sur les rives de l'Hudson ?;New York;Texas;Alabama;Géorgie;Expert;La prison de Sing Sing est classée comme établissement de sécurité maximale et a été le lieu, avant 2004, d'exécutions capitales.;https://fr.wikipedia.org/wiki/Sing_Sing_(prison)
27;fr;Quelle est probablement la rencontre la plus célèbre de Camp David en 1978 ?;Sadate-Begin;Nixon-Brejnev;Clinton-Arafat;Reagan-Thatcher;Expert;Le Camp David, d'une superficie de 50 hectares dans le Maryland, est le lieu de villégiature officiel du président des États-Unis.;https://fr.wikipedia.org/wiki/Camp_David
28;fr;Dans quel journal est paru le célèbre J'accuse... ! d'Émile Zola ?;Aurore;Humanité;Figaro;Pravda;Expert;Rédigé au cours de l'affaire Dreyfus, cet article est paru sous la forme d'une lettre ouverte au président français Félix Faure.;https://fr.wikipedia.org/wiki/J'accuse…!
29;fr;Dans quel pays coule le Shannon, traversant des successions interminables de lacs ?;Irlande;Israël;États-Unis;Canada;Expert;Les 386 kilomètres du fleuve Shannon en font le plus long cours d'eau des Îles Britanniques et le plus abondant par son débit.;https://fr.wikipedia.org/wiki/Shannon_(fleuve)
30;fr;Quel philosophe français habitait 10 rue Monsieur-le-Prince à Paris ?;Auguste Comte;Marcel Proust;Anatole France;Pierre Leroux;Expert;Auguste Comte fut le secrétaire particulier puis collaborateur du comte de Saint-Simon, fondateur du mouvement saint-simonien.;https://fr.wikipedia.org/wiki/Auguste_Comte
31;en;What do you throw in the ring if you drop out during a boxing match ?;Sponge;Glove;Panties;Tooth protector;Beginner;During a match, the referee is the main guarantor of the boxers' safety and can sanction the forbidden and dangerous acts.;https://en.wikipedia.org/wiki/Boxing
32;en;What species of birds still present in Europe gringotte, quiritte or trille ?;Rossignol;Crow;Parrot;Sparrow;Beginner;His most melodious and complex singing fascinated the researchers who counted 260 different sequences.;https://en.wikipedia.org/wiki/Common_nightingale
33;en;Who became famous thanks to the Poinçonneur des Lilas released in 1958 ?;Serge Gainsbourg;Charles Trenet;Boris Vian;Johnny Hallyday;Beginner;A scopitone was produced for the occasion by Jean Bacqué, produced by Pathé, showing Gainsbourg in the Parisian metro.;
34;en;Which of these professions can not be associated with the great Leonardo da Vinci ?;Dramatic author;Painter;Sculptor;Botanist;Beginner;Leonardo da Vinci, universal genius, is often described as the archetype and symbol of the Renaissance man.;https://en.wikipedia.org/wiki/Leonardo_da_Vinci
35;en;Son of Laïos and Jocasta, who did Oedipus kill in Greek mythology ?;His father;His mother;His daughter;His son;Beginner;Oedipus is known to have solved the sphinx riddle and to have been involuntarily guilty of parricide and incest.;https://en.wikipedia.org/wiki/Oedipus
36;en;In France, at the Liberation, how many people ended up at Notre-Dame de Paris ?;13,000;9,000;5,000;17,000;Beginner;General de Gaulle descended on August 26th the Arc de Triomphe to Notre-Dame for a religious service after the liberation of Paris.;https://en.wikipedia.org/wiki/Liberation_of_Paris
37;en;In which year was the first Coca-Cola concocted by John Pemberton drunk ?;1886;1906;1926;1946;Beginner;Contrary to the official chronology of the company, Coca-Cola did not establish itself in France in 1933, but in 1919.;https://en.wikipedia.org/wiki/Coca-Cola
38;en;In which city did the 1900 Olympic Games take place ?;Paris;Athens;Rome;Los Angeles;Beginner;No ceremony of opening or closing was on the program, with the exception of one of the gymnasts at Vincennes.;https://en.wikipedia.org/wiki/1900_Summer_Olympics
39;en;What natural or synthetic substance is penicillin associated with ?;Antibiotic;Anesthetics;Soporific;Analgesic;Beginner;Basically, penicillin is a harmless toxin for humans synthesized by certain species of mold.;https://en.wikipedia.org/wiki/Penicillin
40;en;Which Nobel Prize Winston Leonard Spencer-Churchill did he receive in 1953 ?;Literature;Physics;Peace;Chemistry;Beginner;Winston Churchill remains to this day the only former British Prime Minister to have received, in 1953, the Nobel Prize for Literature.;https://en.wikipedia.org/wiki/Winston_Churchill
41;en;The train will whistle three times is an American western from which director ?;Fred Zinnemann;John Ford;Vincente Minnelli;George Stevens;Confirmed;Lucky Luke's album titled Les Dalton à la noce takes up the general storyline and some key passages from the film.;https://en.wikipedia.org/wiki/High_Noon
42;en;In which year was it possible to attend the inauguration of the Parisian metropolis ?;1900;1880;1860;1840;Confirmed;To date, the metro of Paris has sixteen lines in its own right, essentially underground, totaling nearly 220 kilometers.;https://en.wikipedia.org/wiki/Paris_Métro
43;en;What writer and literary journalist from France was nicknamed the Norman bull ?;Guy de Maupassant;Victor Hugo;Honoré de Balzac;Alfred de Musset;Confirmed;It is one of his biographers, Paul Morand, who will compare this Maupassant with a robust and athletic physique to a bull.;https://en.wikipedia.org/wiki/Guy_de_Maupassant
44;en;To which other object can we associate the paleophone invented by Charles Cross ?;Disc groove;Radio Station;Phone;Emitter;Confirmed;For lack of evidence, no one can say that Charles Cros could actually reproduce in 1877 the sound he had managed to record.;https://en.wikipedia.org/wiki/Phonograph
45;en;During which century were the pines planted in the forest of the Landes de Gascogne ?;19th century;17th century;15th century;13th century;Confirmed;With a surface area of nearly one million hectares, the Landes forest is the largest artificial forest in Western Europe.;https://en.wikipedia.org/wiki/Landes_forest
46;en;Mr. Diafoirus is a doctor from the imagination of what playwright ?;Molière;Voltaire;Rabelais;Corneille;Confirmed;The Imaginary Ill is a comedy-ballet in three acts represented in 1673 and the last comedy written by Molière.;https://en.wikipedia.org/wiki/The_Imaginary_Invalid
47;en;In relation to the speed of which of these elements can the meter be defined ?;Light;His;Water;Wind;Confirmed;The value of the meter is defined as the distance traveled by light in a vacuum in 1/299, 792, 458 seconds.;https://en.wikipedia.org/wiki/Metre
48;en;To which of these French politicians could Lenin explain the revolution ?;Georges Marchais;Raymond Barre;Robert Hue;Jacques Chirac;Confirmed;Lenin is at the origin of the Chechka, a political police tasked with eliminating all the enemies of the new regime he is setting up.;https://en.wikipedia.org/wiki/Vladimir_Lenin
49;en;The remarkable pearl bead or plectrum is actually...;An insect;A flower;A shell;A bird;Confirmed;Plecoptera are called stone flies because they are very often found on the stones at the edge of streams.;https://en.wikipedia.org/wiki/Plecoptera
50;en;What prolific French composer died in Paris in 1918 ?;Claude Debussy;Edouard Lalo;Hector Berlioz;Georges Bizet;Confirmed;An important part of Claude Debussy's work is for piano and uses a particularly rich and evocative sound palette.;https://en.wikipedia.org/wiki/Claude_Debussy
51;en;For which profession is the city of Cremona, located in the north of Italy, famous ?;Luthier;Painter;Potter;Sabotier;Expert;The city is the homeland of Antonio Giacomo Stradivari, known as Stradivarius, maker of violins, cellos, violas and guitars.;https://en.wikipedia.org/wiki/Cremona
52;en;In the past, phthisis was one of the forms of what disease ?;Tuberculosis;Syphilis;Asthma;Leprosy;Expert;Tuberculosis is a contagious infectious disease caused by a bacterium, with varying clinical signs.;https://en.wikipedia.org/wiki/Phthisis
53;en;By which country has Macao been colonized and administered for more than 400 years ?;Portugal;Spain;England;Germany;Expert;The city of Macao is considered as the last trading post as well as the last European colony in China and Asia.;https://en.wikipedia.org/wiki/Macau
54;en;Which of these writers was 40 years old when Gustave Flaubert was born ?;Balzac;Stendhal;Hugo;Favre;Expert;Gustave Flaubert has marked the literature by the depth of his psychological analyzes and his concern for realism.;https://en.wikipedia.org/wiki/Gustave_Flaubert
55;en;How can one literally translate the Republican term of Albania ?;Country of Eagles;Horse Country;Land of the Dead;Country of the living;Expert;The country has a political system of parliamentary democracy, its capital is Tirana and its official language is Albanian.;https://en.wikipedia.org/wiki/Albania
56;en;In what state is the US Sing Sing prison, located on the banks of the Hudson ?;New York;Texas;Alabama;Geology;Expert;Sing Sing Prison is classified as a maximum security institution and was the site of major executions before 2004.;https://en.wikipedia.org/wiki/Sing_Sing
57;en;What is probably the most famous meeting of Camp David in 1978 ?;Sadate-Begin;Nixon-Brezhnev;Clinton-Arafat;Reagan-Thatcher;Expert;The 50-hectare Camp David in Maryland is the official holiday resort of the US President.;https://en.wikipedia.org/wiki/Camp_David
58;en;In which newspaper did the famous J'accuse... ! of Zola ?;Aurore;Humanity;Figaro;Pravda;Expert;Written during the Dreyfus affair, this article appeared in the form of an open letter to the French president Félix Faure.;https://en.wikipedia.org/wiki/J'Accuse?!
59;en;In which country does the Shannon flow, crossing endless estates of lakes ?;Ireland;Israel;United States;Canada;Expert;The 386 kilometers of the Shannon River make it the longest river in the British Isles and the most abundant by its flow.;https://en.wikipedia.org/wiki/River_Shannon
60;en;Which French philosopher lived at 10 rue Monsieur-le-Prince in Paris ?;Auguste Comte;Marcel Proust;Anatole France;Pierre Leroux;Expert;Auguste Comte was the private secretary and then collaborator of the Count of Saint-Simon, founder of the Saint-Simonian movement.;https://en.wikipedia.org/wiki/Auguste_Comte
61;de;Was werfen Sie in den Ring, wenn Sie während eines Boxkampfes aussteigen ?;Schwamm;Handschuh;Höschen;Zahnschutz;Newbie;Während eines Spiels ist der Schiedsrichter der Hauptgarant für die Sicherheit der Boxer und kann die verbotenen und gefährlichen Handlungen sanktionieren.;https://de.wikipedia.org/wiki/Boxen
62;de;Welche Vogelarten sind in Europa immer noch Gringotte, Quiritte oder Trille ?;Rossignol;Krähe;Papagei;Spatz;Newbie;Sein melodischer und komplexer Gesang faszinierte die Forscher, die 260 verschiedene Sequenzen gezählt hatten.;https://de.wikipedia.org/wiki/Nachtigall
63;de;Wer wurde durch den 1958 erschienenen Poinçonneur des Lilas berühmt ?;Serge Gainsbourg;Charles Trenet;Boris Vian;Johnny Hallyday;Newbie;Zu diesem Anlass wurde von Jean Bacqué ein Scopiton produziert, das von Pathé produziert wurde und Gainsbourg in der Pariser Metro zeigt.;
64;de;Welcher dieser Berufe kann nicht mit dem großen Leonardo da Vinci in Verbindung gebracht werden ?;Dramatischer Autor;Maler;Bildhauer;Botaniker;Newbie;Leonardo da Vinci, Universalgenie, wird oft als Urtyp und Symbol des Renaissance-Mannes beschrieben.;https://de.wikipedia.org/wiki/Leonardo_da_Vinci
65;de;Sohn von Laïos und Jocasta, wen hat Oedipus in der griechischen Mythologie getötet ?;Sein Vater;Seine Mutter;Seine tochter;Sein Sohn;Newbie;Von Ödipus ist bekannt, dass er das Sphinx-Rätsel gelöst hat und unfreiwillig Parrizide und Inzest begangen hat.;https://de.wikipedia.org/wiki/Ödipus
66;de;Wie viele Menschen landeten bei der Befreiung in Frankreich in Notre-Dame de Paris ?;13.000;9.000;5.000;17.000;Newbie;General de Gaulle stieg am 26. August vom Triumphbogen nach Notre-Dame für einen Gottesdienst nach der Befreiung von Paris ab.;https://de.wikipedia.org/wiki/Befreiung_von_Paris
67;de;In welchem Jahr wurde der erste Coca-Cola von John Pemberton getrunken ?;1886;1906;1926;1946;Newbie;Entgegen der offiziellen Chronologie der Firma etablierte sich Coca-Cola 1933 nicht in Frankreich, sondern 1919.;https://de.wikipedia.org/wiki/Coca-Cola
68;de;In welcher Stadt fanden die Olympischen Spiele von 1900 statt ?;Paris;Athen;Rom;Los Angeles;Newbie;Auf dem Programm stand keine Eröffnungs- oder Schließungszeremonie, mit Ausnahme einer der Turnerinnen in Vincennes.;https://de.wikipedia.org/wiki/Olympische_Sommerspiele_1900
69;de;Mit welcher natürlichen oder synthetischen Substanz wird Penicillin in Verbindung gebracht ?;Antibiotikum;Anästhetika;Soporific;Analgetikum;Newbie;Penicillin ist im Grunde ein harmloses Toxin für den Menschen, das von bestimmten Schimmelpilzarten synthetisiert wird.;https://de.wikipedia.org/wiki/Penicilline
70;de;Welchen Nobelpreis erhielt Winston Leonard Spencer-Churchill 1953 ?;Literatur;Physik;Frieden;Chemie;Newbie;Winston Churchill ist bis heute der einzige britische Premierminister, der 1953 den Literaturnobelpreis erhalten hat.;https://de.wikipedia.org/wiki/Winston_Churchill
71;de;Der Zug wird dreimal pfeifen ist ein amerikanischer Western von welchem Regisseur ?;Fred Zinnemann;John Ford;Vincente Minnelli;George Stevens;Bestätigt;Lucky Lukes Album mit dem Titel Les Dalton à la noce greift die allgemeine Geschichte und einige wichtige Passagen des Films auf.;https://de.wikipedia.org/wiki/Zwölf_Uhr_mittags
72;de;In welchem Jahr konnte die Einweihung der Pariser Metropole besucht werden ?;1900;1880;1860;1840;Bestätigt;Bis heute verfügt die U-Bahn von Paris über sechzehn U-Bahnlinien mit einer Gesamtlänge von fast 220 Kilometern.;https://de.wikipedia.org/wiki/Métro_Paris
73;de;Welcher Schriftsteller und Literaturjournalist aus Frankreich wurde der normannische Bulle genannt ?;Guy de Maupassant;Victor Hugo;Honoré de Balzac;Alfred de Musset;Bestätigt;Es ist einer seiner Biographen, Paul Morand, der diesen Maupassant mit einem robusten und athletischen Körper mit einem Bullen vergleichen wird.;https://de.wikipedia.org/wiki/Guy_de_Maupassant
74;de;Welchem anderen Objekt können wir das von Charles Cross erfundene Paläophon zuordnen ?;Scheibennut;Radiosender;Telefon;Emitter;Bestätigt;Aus Mangel an Beweisen kann niemand sagen, dass Charles Cros 1877 tatsächlich den Ton reproduzieren konnte, den er aufgenommen hatte.;https://de.wikipedia.org/wiki/Phonograph
75;de;In welchem Jahrhundert wurden die Kiefern im Wald der Landes de Gascogne gepflanzt ?;19. Jahrhundert;17. Jahrhundert;15. Jahrhundert;13. Jahrhundert;Bestätigt;Der Landeswald ist mit einer Fläche von fast einer Million Hektar der größte künstliche Wald in Westeuropa.;https://de.wikipedia.org/wiki/Landes_de_Gascogne
76;de;Mr. Diafoirus ist ein Arzt aus der Vorstellung, welcher Dramatiker ?;Molière;Voltaire;Rabelais;Corneille;Bestätigt;The Imaginary Ill ist ein Comedy-Ballett in drei Akten, das 1673 vertreten wurde und die letzte von Molière geschriebene Komödie.;https://de.wikipedia.org/wiki/Der_eingebildet_Kranke
77;de;In Bezug auf die Geschwindigkeit welcher dieser Elemente kann der Zähler definiert werden ?;Licht;Sein;Wasser;Wind;Bestätigt;Der Wert des Messgeräts ist definiert als die Entfernung, die das Licht in einem Vakuum in 1/299, 792, 458 Sekunden zurücklegt.;https://de.wikipedia.org/wiki/Meter
78;de;Welchen dieser französischen Politiker konnte Lenin die Revolution erklären ?;Georges Marchais;Raymond Barre;Robert Hue;Jacques Chirac;Bestätigt;Lenin ist der Ursprung der Tschetschka, einer politischen Polizei, die alle Feinde des neuen Regimes beseitigt, das er aufstellt.;https://de.wikipedia.org/wiki/Wladimir_Iljitsch_Lenin
79;de;Die bemerkenswerte Perlenperle oder das Plektrum ist eigentlich...;Ein Insekt;Eine blume;Eine Schale;Ein Vogel;Bestätigt;Plecoptera werden Steinfliegen genannt, weil sie häufig auf den Steinen am Rand von Bächen gefunden werden.;https://de.wikipedia.org/wiki/Steinfliegen
80;de;Welcher produktive französische Komponist starb 1918 in Paris ?;Claude Debussy;Edouard Lalo;Hector Berlioz;Georges Bizet;Bestätigt;Ein wichtiger Teil von Claude Debussys Arbeit ist für Klavier und verwendet eine besonders reichhaltige und evokative Klangpalette.;https://de.wikipedia.org/wiki/Claude_Debussy
81;de;Für welchen Beruf ist die im Norden Italiens gelegene Stadt Cremona berühmt ?;Gitarrenbauer;Maler;Potter;Sabotier;Expert;Die Stadt ist die Heimat von Antonio Giacomo Stradivari, bekannt als Stradivarius, Hersteller von Violinen, Celli, Violen und Gitarren.;https://de.wikipedia.org/wiki/Cremona
82;de;In der Vergangenheit war die Phthisis eine der Formen welcher Krankheit ?;Tuberkulose;Syphilis;Asthma;Lepra;Expert;Tuberkulose ist eine ansteckende Infektionskrankheit, die durch ein Bakterium mit unterschiedlichen klinischen Symptomen verursacht wird.;
83;de;Von welchem Land wurde Macao seit mehr als 400 Jahren kolonialisiert und verwaltet ?;Portugal;Spanien;England;Deutschland;Expert;Die Stadt Macao gilt als der letzte Handelsposten sowie als letzte europäische Kolonie in China und Asien.;https://de.wikipedia.org/wiki/Macau
84;de;Welcher dieser Schriftsteller war 40 Jahre alt, als Gustave Flaubert geboren wurde ?;Balzac;Stendhal;Hugo;Favre;Expert;Gustave Flaubert hat die Literatur durch die Tiefe seiner psychologischen Analysen und seine Sorge um den Realismus geprägt.;https://de.wikipedia.org/wiki/Gustave_Flaubert
85;de;Wie kann man die republikanische Bezeichnung Albaniens buchstäblich übersetzen ?;Land der Adler;Pferdeland;Land der Toten;Land der Lebenden;Expert;Das Land hat ein politisches System der parlamentarischen Demokratie, seine Hauptstadt ist Tirana und seine Amtssprache ist Albanisch.;https://de.wikipedia.org/wiki/Albanien
86;de;In welchem Bundesstaat befindet sich das US-amerikanische Sing-Sing-Gefängnis am Ufer des Hudson ?;New York;Texas;Alabama;Geologie;Expert;Das Sing-Sing-Gefängnis ist als Hochsicherheitsinstitut eingestuft und war vor 2004 Schauplatz von Hinrichtungen.;https://de.wikipedia.org/wiki/Sing_Sing_(Gefängnis)
87;de;Was ist das wohl berühmteste Treffen von Camp David im Jahr 1978 ?;Sadate-Begin;Nixon-Brezhnev;Clinton-Arafat;Reagan-Thatcher;Expert;Das 50 Hektar große Camp David in Maryland ist der offizielle Ferienort des US-Präsidenten.;https://de.wikipedia.org/wiki/Camp_David
88;de;In welcher Zeitung hat das berühmte J'accuse... ! von Zola ?;Aurore;Menschheit;Figaro;Pravda;Expert;Dieser Artikel wurde während der Dreyfus-Affäre geschrieben und erschien in Form eines offenen Briefes an den französischen Präsidenten Félix Faure.;https://de.wikipedia.org/wiki/J?accuse
89;de;In welchem Land fliesst der Shannon durch endlose Seen ?;Irland;Israel;Vereinigte Staaten;Kanada;Expert;Die 386 Kilometer des Shannon River machen ihn zum längsten Fluss der britischen Inseln und zu den reichsten Flusses.;https://de.wikipedia.org/wiki/Shannon_(Fluss)
90;de;Welcher französische Philosoph lebte in Paris in der Rue Monsieur-le-Prince 10 ?;Auguste Comte;Marcel Proust;Anatole Frankreich;Pierre Leroux;Expert;Auguste Comte war Privatsekretär und später Mitarbeiter des Grafen von Saint-Simon, Gründer der Saint-Simonian-Bewegung.;https://de.wikipedia.org/wiki/Auguste_Comte
91;es;¿Qué tiras en el ring si abandonas durante un combate de boxeo ?;Esponja;Guante;Bragas;Protector de dientes;Novato;Durante un partido, el árbitro es el principal garante de la seguridad de los boxeadores y puede sancionar los actos prohibidos y peligrosos.;https://es.wikipedia.org/wiki/Boxeo
92;es;¿Qué especies de aves siguen presentes en Europa gringote, quiritte o trille ?;Rossignol;Cuervo;Loro;Gorrión;Novato;Su canto más melodioso y complejo fascinó a los investigadores que contaron 260 secuencias diferentes.;https://es.wikipedia.org/wiki/Luscinia_megarhynchos
93;es;¿Quién se hizo famoso gracias al Poinçonneur des Lilas lanzado en 1958 ?;Serge Gainsbourg;Charles Trenet;Boris vian;Johnny hallyday;Novato;Un escopitono fue producido para la ocasión por Jean Bacqué, producido por Pathé, mostrando a Gainsbourg en el metro parisino.;
94;es;¿Cuál de estas profesiones no puede asociarse con el gran Leonardo da Vinci ?;Autor dramático;Pintor;Escultor;Botánico;Novato;Leonardo da Vinci, genio universal, se describe a menudo como el arquetipo y símbolo del hombre del Renacimiento.;https://es.wikipedia.org/wiki/Leonardo_da_Vinci
95;es;Hijo de Laicos y Yocasta, ¿a quién mató Edipo en la mitología griega ?;Su padre;Su madre;Su hija;Su hijo;Novato;Se sabe que Edipo resolvió el enigma de la esfinge y fue culpable involuntariamente de parricidio e incesto.;https://es.wikipedia.org/wiki/Edipo
96;es;En Francia, en la Liberación, ¿cuántas personas terminaron en Notre-Dame de Paris ?;13,000;9,000;5,000;17,000;Novato;El general De Gaulle descendió el 26 de agosto el Arco de Triunfo a Notre-Dame para un servicio religioso después de la liberación de París.;https://es.wikipedia.org/wiki/Liberación_de_París
97;es;¿En qué año se emborrachó la primera Coca-Cola con John Pemberton ?;1886;1906;1926;1946;Novato;Contrariamente a la cronología oficial de la empresa, Coca-Cola no se estableció en Francia en 1933, sino en 1919.;https://es.wikipedia.org/wiki/Coca-Cola
98;es;¿En qué ciudad se celebraron los Juegos Olímpicos de 1900 ?;Paris;Atenas;Roma;Los angeles;Novato;No hubo ceremonia de apertura o cierre en el programa, con la excepción de una de las gimnastas en Vincennes.;https://es.wikipedia.org/wiki/Juegos_Olímpicos_de_París_1900
99;es;¿Con qué sustancia natural o sintética se asocia la penicilina ?;Antibiótico;Anestesia;Soporifico;Analgésico;Novato;Básicamente, la penicilina es una toxina inofensiva para los humanos sintetizada por ciertas especies de moho.;https://es.wikipedia.org/wiki/Penicilina
100;es;¿Qué Premio Nobel Winston Leonard Spencer-Churchill recibió en 1953 ?;Literatura;Física;Paz;Química;Novato;Winston Churchill sigue siendo hasta hoy el único Primer Ministro británico que recibió, en 1953, el Premio Nobel de Literatura.;https://es.wikipedia.org/wiki/Winston_Churchill
101;es;El tren silbará tres veces ¿es un americano occidental del cual el director ?;Fred Zinnemann;John Ford;Vincente Minnelli;George Stevens;Confirmado;El álbum de Lucky Luke titulado Les Dalton à la noce retoma la historia general y algunos pasajes clave de la película.;https://es.wikipedia.org/wiki/High_Noon
102;es;¿En qué año fue posible asistir a la inauguración de la metrópolis parisina ?;1900;1880;1860;1840;Confirmado;Hasta la fecha, el metro de París tiene dieciséis líneas por derecho propio, esencialmente subterráneas, con un total de casi 220 kilómetros.;https://es.wikipedia.org/wiki/Metro_de_París
103;es;¿Qué escritor y periodista literario de Francia fue apodado el toro normando ?;Guy de Maupassant;Victor Hugo;Honoré de Balzac;Alfred De Musset;Confirmado;Es uno de sus biógrafos, Paul Morand, quien comparará este Maupassant con un físico robusto y atlético a un toro.;https://es.wikipedia.org/wiki/Guy_de_Maupassant
104;es;¿A qué otro objeto podemos asociar el paleófono inventado por Charles Cross ?;Ranura de disco;Emisora de radio;Telefono;Emisor;Confirmado;Por falta de pruebas, nadie puede decir que Charles Cros podría realmente reproducir en 1877 el sonido que había logrado grabar.;https://es.wikipedia.org/wiki/Fonógrafo
105;es;¿En qué siglo se plantaron los pinos en el bosque de las Landas de Gascuña ?;Siglo XIX;Siglo XVII;Siglo XV;Siglo XIII;Confirmado;Con una superficie de casi un millón de hectáreas, el bosque de las Landas es el bosque artificial más grande de Europa occidental.;https://es.wikipedia.org/wiki/Bosque_de_las_Landas
106;es;¿El señor Diafoirus es un médico de la imaginación de qué dramaturgo ?;Molière;Voltaire;Rabelais;Corneille;Confirmado;The Imaginary Ill es una comedia-ballet en tres actos representados en 1673 y la última comedia escrita por Molière.;https://es.wikipedia.org/wiki/El_enfermo_imaginario
107;es;¿Con relación a la velocidad de cuál de estos elementos se puede definir el medidor ?;Luz;Su;Agua;Viento;Confirmado;El valor del medidor se define como la distancia recorrida por la luz en un vacío en 1/299, 792, 458 segundos.;https://es.wikipedia.org/wiki/Metro
108;es;¿A cuál de estos políticos franceses podría Lenin explicar la revolución ?;Georges Marchais;Raymond Barre;Robert Hue;Jacques Chirac;Confirmado;Lenin se encuentra en el origen de Chechka, una policía política encargada de eliminar a todos los enemigos del nuevo régimen que está creando.;https://es.wikipedia.org/wiki/Lenin
109;es;La perla notable o plectro es en realidad...;Un insecto;Una flor;Una concha;Un pájaro;Confirmado;Los plecoptera se llaman moscas de piedra porque se encuentran muy a menudo en las piedras al borde de los arroyos.;https://es.wikipedia.org/wiki/Plecoptera
110;es;¿Qué prolífico compositor francés murió en París en 1918 ?;Claude Debussy;Edouard Lalo;Hector Berlioz;Georges Bizet;Confirmado;Una parte importante del trabajo de Claude Debussy es para piano y utiliza una paleta de sonido particularmente rica y evocadora.;https://es.wikipedia.org/wiki/Claude_Debussy
111;es;¿Por qué profesión es famosa la ciudad de Cremona, ubicada en el norte de Italia ?;Luthier;Pintor;Potter;Sabotier;Experto;La ciudad es la patria de Antonio Giacomo Stradivari, conocido como Stradivarius, fabricante de violines, violonchelos, violas y guitarras.;https://es.wikipedia.org/wiki/Cremona
112;es;En el pasado, la tisis era una de las formas de ¿qué enfermedad ?;Tuberculosis;La sífilis;Asma;Lepra;Experto;La tuberculosis es una enfermedad infecciosa contagiosa causada por una bacteria, con diversos signos clínicos.;
113;es;¿Por qué país ha sido colonizada y administrada Macao durante más de 400 años ?;Portugal;España;Inglaterra;Alemania;Experto;La ciudad de Macao está considerada como el último puesto comercial, así como la última colonia europea en China y Asia.;https://es.wikipedia.org/wiki/Macao
114;es;¿Cuál de estos escritores tenía 40 años cuando nació Gustave Flaubert ?;Balzac;Stendhal;Hugo;Favre;Experto;Gustave Flaubert ha marcado la literatura por la profundidad de sus análisis psicológicos y su preocupación por el realismo.;https://es.wikipedia.org/wiki/Gustave_Flaubert
115;es;¿Cómo se puede traducir literalmente el término republicano de Albania ?;País de las águilas;País del caballo;Tierra de los muertos;País de los vivos;Experto;El país tiene un sistema político de democracia parlamentaria, su capital es Tirana y su idioma oficial es el albanés.;https://es.wikipedia.org/wiki/Albania
116;es;¿En qué estado se encuentra la prisión de Sing Sing de los Estados Unidos, ubicada a orillas del Hudson ?;Nueva york;Texas;Alabama;Geología;Experto;Sing Sing Prison está clasificada como una institución de máxima seguridad y fue el sitio de las principales ejecuciones antes de 2004.;https://es.wikipedia.org/wiki/Sing_Sing
117;es;¿Cuál es probablemente el encuentro más famoso de Camp David en 1978 ?;Sadate-Begin;Nixon-Brezhnev;Clinton-Arafat;Reagan-Thatcher;Experto;El Camp David de 50 hectáreas en Maryland es el centro turístico oficial del presidente de los Estados Unidos.;https://es.wikipedia.org/wiki/Camp_David
118;es;¿En qué periódico hizo el famoso J'accuse... ! de Zola ?;Aurore;La humanidad;Figaro;Pravda;Experto;Escrito durante el caso Dreyfus, este artículo apareció en forma de una carta abierta al presidente francés Félix Faure.;https://es.wikipedia.org/wiki/J?accuse?!
119;es;¿En qué país fluye el Shannon, cruzando fincas interminables de lagos ?;Irlanda;Israel;Estados unidos;Canada;Experto;Los 386 kilómetros del río Shannon lo convierten en el río más largo de las islas británicas y el más abundante por su caudal.;https://es.wikipedia.org/wiki/Río_Shannon
120;es;¿Qué filósofo francés vivió en 10 rue Monsieur-le-Prince en París ?;Auguste Comte;Marcel Proust;Anatole francia;Pierre Leroux;Experto;Auguste Comte fue el secretario privado y luego colaborador del conde de Saint-Simon, fundador del movimiento saint-simoniano.;https://es.wikipedia.org/wiki/Auguste_Comte
121;it;Cosa lanci sul ring se cadi durante un incontro di pugilato ?;Spugna;Guanto;Mutandine;Proteggi dente;Newbie;Durante una partita, l'arbitro è il principale garante della sicurezza dei pugili e può sanzionare le azioni proibite e pericolose.;https://it.wikipedia.org/wiki/Pugilato
122;it;Quali specie di uccelli ancora presenti in Europa gringotte, quiritte o trille ?;Rossignol;Corvo;Pappagallo;Passero;Newbie;Il suo canto più melodioso e complesso ha affascinato i ricercatori che hanno contato 260 diverse sequenze.;https://it.wikipedia.org/wiki/Luscinia_megarhynchos
123;it;Chi divenne famoso grazie al Poinçonneur des Lilas pubblicato nel 1958 ?;Serge Gainsbourg;Charles Trenet;Boris Vian;Johnny Hallyday;Newbie;Un scopitone è stato prodotto per l'occasione da Jean Bacqué, prodotto da Pathé, che mostra Gainsbourg nella metropolitana parigina.;
124;it;Quale di queste professioni non può essere associata al grande Leonardo da Vinci ?;Autore drammatico;Pittore;Scultore;Botanico;Newbie;Leonardo da Vinci, genio universale, è spesso descritto come l'archetipo e il simbolo dell'uomo del Rinascimento.;https://it.wikipedia.org/wiki/Leonardo_da_Vinci
125;it;Figlio di Laio e Giocasta, chi uccise Edipo nella mitologia greca ?;Suo padre;Sua madre;Sua figlia;Suo figlio;Newbie;Edipo è noto per aver risolto l'enigma della sfinge e per essere stato involontariamente colpevole di parricidio e incesto.;https://it.wikipedia.org/wiki/Edipo
126;it;In Francia, alla Liberazione, quante persone sono finite a Notre-Dame de Paris ?;13.000;9.000;5.000;17.000;Newbie;Il generale de Gaulle scese il 26 agosto dall'Arco di Trionfo a Notre-Dame per un servizio religioso dopo la liberazione di Parigi.;https://it.wikipedia.org/wiki/Liberazione_di_Parigi
127;it;In quale anno è stata bevuta la prima Coca-Cola preparata da John Pemberton ?;1886;1906;1926;1946;Newbie;Contrariamente alla cronologia ufficiale della compagnia, la Coca-Cola non si stabilì in Francia nel 1933, ma nel 1919.;https://it.wikipedia.org/wiki/Coca-Cola
128;it;In quale città si sono svolte le Olimpiadi del 1900 ?;Parigi;Atene;Roma;Los Angeles;Newbie;Nessuna cerimonia di apertura o chiusura era in programma, ad eccezione di una delle ginnaste di Vincennes.;https://it.wikipedia.org/wiki/Giochi_della_II_Olimpiade
129;it;Quale sostanza naturale o sintetica è associata alla penicillina ?;Antibiotico;Anestetici;Soporifero;Analgesico;Newbie;Fondamentalmente, la penicillina è una tossina innocua per gli esseri umani sintetizzata da alcune specie di muffe.;https://it.wikipedia.org/wiki/Penicillina
130;it;Quale premio Nobel Winston Leonard Spencer-Churchill ha ricevuto nel 1953 ?;Letteratura;Fisica;Pace;Chimica;Newbie;Winston Churchill rimane fino ad oggi l'unico ex primo ministro britannico ad aver ricevuto, nel 1953, il premio Nobel per la letteratura.;https://it.wikipedia.org/wiki/Winston_Churchill
131;it;Il treno fischierà tre volte è un western americano da quale regista ?;Fred Zinnemann;John Ford;Vincente Minnelli;George Stevens;Confermato;L'album di Lucky Luke intitolato Les Dalton à la noce riprende la trama generale e alcuni passaggi chiave del film.;https://it.wikipedia.org/wiki/Mezzogiorno_di_fuoco
132;it;In quale anno è stato possibile assistere all'inaugurazione della metropoli parigina ?;1900;1880;1860;1840;Confermato;Ad oggi, la metropolitana di Parigi ha sedici linee a sé stanti, essenzialmente sotterranee, per un totale di quasi 220 chilometri.;https://it.wikipedia.org/wiki/Metropolitana_di_Parigi
133;it;Quale scrittore e giornalista di letteratura francese fu soprannominato il toro normanno ?;Guy de Maupassant;Victor Hugo;Honoré de Balzac;Alfred de Musset;Confermato;È uno dei suoi biografi, Paul Morand, che paragonerà questo Maupassant con un fisico robusto e atletico a un toro.;https://it.wikipedia.org/wiki/Guy_de_Maupassant
134;it;A quale altro oggetto possiamo associare il paleofono inventato da Charles Cross ?;Scanalatura del disco;Stazione radio;Telefono;Emettitore;Confermato;Per mancanza di prove, nessuno può dire che Charles Cros potesse effettivamente riprodurre nel 1877 il suono che era riuscito a registrare.;https://it.wikipedia.org/wiki/Fonografo
135;it;Durante quale secolo furono piantati i pini nella foresta delle Landes de Gascogne ?;XIX secolo;XVII secolo;XV secolo;XIII secolo;Confermato;Con una superficie di quasi un milione di ettari, la foresta delle Landes è la più grande foresta artificiale dell'Europa occidentale.;
136;it;Il signor Diafoirus è un dottore dall'immaginazione di quale drammaturgo ?;Molière;Voltaire;Rabelais;Corneille;Confermato;The Illaginary Ill è un balletto di commedia in tre atti rappresentati nel 1673 e l'ultima commedia scritta da Molière.;https://it.wikipedia.org/wiki/Il_malato_immaginario
137;it;In relazione alla velocità di quale di questi elementi può essere definito il contatore ?;Luce;Il suo;Acqua;Vento;Confermato;Il valore del contatore è definito come la distanza percorsa dalla luce nel vuoto in 1/299, 792, 458 secondi.;https://it.wikipedia.org/wiki/Metro
138;it;A quale di questi politici francesi potrebbe Lenin spiegare la rivoluzione ?;Georges Marchais;Raymond Barre;Robert Hue;Jacques Chirac;Confermato;Lenin è all'origine della Chechka, una polizia politica incaricata di eliminare tutti i nemici del nuovo regime che sta creando.;https://it.wikipedia.org/wiki/Lenin
139;it;La straordinaria perla o plettro è in realtà...;Un insetto;Un fiore;Una conchiglia;Un uccello;Confermato;I plecotteri sono chiamati mosche di pietra perché si trovano molto spesso sulle pietre sul bordo dei torrenti.;https://it.wikipedia.org/wiki/Plecoptera
140;it;Quale prolifico compositore francese morì a Parigi nel 1918 ?;Claude Debussy;Edouard Lalo;Hector Berlioz;Georges Bizet;Confermato;Una parte importante del lavoro di Claude Debussy è per pianoforte e utilizza una tavolozza sonora particolarmente ricca ed evocativa.;https://it.wikipedia.org/wiki/Claude_Debussy
141;it;Per quale professione è famosa la città di Cremona, situata nel nord Italia ?;Liutaio;Pittore;Potter;Sabotier;Expert;La città è la patria di Antonio Giacomo Stradivari, noto come Stradivari, creatore di violini, violoncelli, viole e chitarre.;https://it.wikipedia.org/wiki/Cremona
142;it;In passato, la phthisis era una delle forme di quale malattia ?;Tubercolosi;Sifilide;Asma;Lebbra;Expert;La tubercolosi è una malattia infettiva contagiosa causata da un batterio, con segni clinici variabili.;
143;it;Da quale paese è stata colonizzata e amministrata Macao per oltre 400 anni ?;Portogallo;Spagna;Inghilterra;Germania;Expert;La città di Macao è considerata l'ultima stazione commerciale nonché l'ultima colonia europea in Cina e in Asia.;https://it.wikipedia.org/wiki/Macao
144;it;Quale di questi scrittori aveva 40 anni quando è nato Gustave Flaubert ?;Balzac;Stendhal;Hugo;Favre;Expert;Gustave Flaubert ha segnato la letteratura dalla profondità delle sue analisi psicologiche e dalla sua preoccupazione per il realismo.;https://it.wikipedia.org/wiki/Gustave_Flaubert
145;it;Come si può tradurre letteralmente il termine repubblicano di Albania ?;Paese delle aquile;Paese dei cavalli;La terra dei morti;Paese della vita;Expert;Il paese ha un sistema politico di democrazia parlamentare, la sua capitale è Tirana e la sua lingua ufficiale è l'albanese.;https://it.wikipedia.org/wiki/Albania
146;it;In quale stato si trova la prigione statunitense Sing Sing, situata sulle rive dell'Hudson ?;New York;Texas;Alabama;Geologia;Expert;Sing Sing Prison è classificata come massima sicurezza ed è stata sede di importanti esecuzioni prima del 2004.;https://it.wikipedia.org/wiki/Sing_Sing_(prigione)
147;it;Qual è probabilmente l'incontro più famoso di Camp David nel 1978 ?;Sadate-Begin;Nixon-Brezhnev;Clinton-Arafat;Reagan-Thatcher;Expert;Il campo di 50 ettari di Camp David nel Maryland è la località turistica ufficiale del presidente degli Stati Uniti.;https://it.wikipedia.org/wiki/Camp_David
148;it;In quale giornale ha fatto il famoso J'accuse... ! di Zola ?;Aurore;Umanità;Figaro;Pravda;Expert;Scritto durante l'affare Dreyfus, questo articolo è apparso sotto forma di lettera aperta al presidente francese Félix Faure.;https://it.wikipedia.org/wiki/J'accuse
149;it;In quale paese scorre Shannon, attraversando infinite proprietà di laghi ?;Irlanda;Israele;Stati Uniti;Canada;Expert;I 386 chilometri del fiume Shannon lo rendono il fiume più lungo nelle isole britanniche e il più abbondante per il suo flusso.;https://it.wikipedia.org/wiki/Shannon_(fiume)
150;it;Quale filosofo francese visse al 10 di rue Monsieur-le-Prince a Parigi ?;Auguste Comte;Marcel Proust;Anatole France;Pierre Leroux;Expert;Auguste Comte era il segretario privato e poi collaboratore del conte di Saint-Simon, fondatore del movimento Saint-Simonian.;https://it.wikipedia.org/wiki/Auguste_Comte
151;nl;Wat gooi je in de ring als je uitvalt tijdens een bokswedstrijd ?;Spons;Handschoen;Slipje;Tandbeschermer;Newbie;Tijdens een wedstrijd is de scheidsrechter de hoofdgarant van de veiligheid van de boksers en kan hij de verboden en gevaarlijke acties bestraffen.;https://nl.wikipedia.org/wiki/Boksen
152;nl;Welke vogelsoorten zijn er nog steeds in Europa gringotte, quiritte of trille ?;Rossignol;Crow;Parrot;Sparrow;Newbie;Zijn meest melodieuze en complexe zang fascineerde de onderzoekers die 260 verschillende reeksen telden.;https://nl.wikipedia.org/wiki/Nachtegaal
153;nl;Wie werd beroemd dankzij de Poinçonneur des Lilas die in 1958 werd uitgebracht ?;Serge Gainsbourg;Charles Trenet;Boris Vian;Johnny Hallyday;Newbie;Een scopiton werd gemaakt voor de gelegenheid door Jean Bacqué, geproduceerd door Pathé, met Gainsbourg in de metro van Parijs.;
154;nl;Welke van deze beroepen kan niet worden geassocieerd met de grote Leonardo da Vinci ?;Dramatische auteur;Schilder;Beeldhouwer;Botanicus;Newbie;Leonardo da Vinci, universeel genie, wordt vaak beschreven als het archetype en symbool van de Renaissance-man.;https://nl.wikipedia.org/wiki/Leonardo_da_Vinci
155;nl;Zoon van La ?os en Jocasta, wie heeft Oedipus gedood in de Griekse mythologie ?;Zijn vader;Zijn moeder;Zijn dochter;Zijn zoon;Newbie;Het is bekend dat Oedipus het sphinx-raadsel heeft opgelost en onvrijwillig schuldig is gemaakt aan kindermoord en incest.;https://nl.wikipedia.org/wiki/Oedipus
156;nl;In Frankrijk, bij de bevrijding, hoeveel mensen kwamen terecht in de Notre-Dame de Paris ?;13.000;9.000;5.000;17.000;Newbie;Generaal de Gaulle daalde op 26 augustus de Arc de Triomphe af naar de Notre-Dame voor een religieuze dienst na de bevrijding van Parijs.;https://nl.wikipedia.org/wiki/Bevrijding_van_Parijs
157;nl;In welk jaar was de eerste Coca-Cola die John Pemberton verzon, dronken gemaakt ?;1886;1906;1926;1946;Newbie;In tegenstelling tot de officiële chronologie van het bedrijf, heeft Coca-Cola zich niet in 1933 in Frankrijk gevestigd, maar in 1919.;https://nl.wikipedia.org/wiki/Coca-Cola
158;nl;In welke stad vonden de Olympische Spelen van 1900 plaats ?;Parijs;Athene;Rome;Los Angeles;Newbie;Er stond geen ceremonie van opening of sluiting op het programma, met uitzondering van een van de gymnasten in Vincennes.;https://nl.wikipedia.org/wiki/Olympische_Zomerspelen_1900
159;nl;Met welke natuurlijke of synthetische stof is penicilline geassocieerd ?;Antibioticum;Verdoving;Soporific;Pijnstillend middel;Newbie;Kort gezegd is penicilline een onschadelijk toxine voor mensen dat wordt gesynthetiseerd door bepaalde soorten schimmels.;https://nl.wikipedia.org/wiki/Penicilline
160;nl;Welke Nobelprijs Winston Leonard Spencer-Churchill ontving hij in 1953 ?;Literatuur;Natuurkunde;Vrede;Chemie;Newbie;Winston Churchill is nog steeds de enige voormalige Britse premier die in 1953 de Nobelprijs voor de Literatuur ontving.;https://nl.wikipedia.org/wiki/Winston_Churchill
161;nl;De trein zal drie keer fluiten is een Amerikaanse western waarvan de regisseur ?;Fred Zinnemann;John Ford;Vincente Minnelli;George Stevens;Bevestigd;Lucky Luke's album met de titel Les Dalton à la noce neemt de algemene verhaallijn en enkele belangrijke passages uit de film over.;https://nl.wikipedia.org/wiki/High_Noon
162;nl;In welk jaar was het mogelijk om de inauguratie van de Parijse metro bij te wonen ?;1900;1880;1860;1840;Bevestigd;De metro van Parijs heeft momenteel zestien eigen lijnen, in wezen ondergronds, met in totaal bijna 220 kilometer.;https://nl.wikipedia.org/wiki/Metro_van_Parijs
163;nl;Welke schrijver en literaire journalist uit Frankrijk kreeg de bijnaam Norman ?;Guy de Maupassant;Victor Hugo;Honoré de Balzac;Alfred de Musset;Bevestigd;Het is een van zijn biografen, Paul Morand, die deze Maupassant met een robuuste en atletische lichaamsbouw zal vergelijken met een stier.;https://nl.wikipedia.org/wiki/Guy_de_Maupassant
164;nl;Aan welk ander object kunnen we de door Juan Cross uitgevonden paleophone associëren ?;Disc groove;Radiostation;Telefoon;Emitter;Bevestigd;Bij gebrek aan bewijs kan niemand zeggen dat Charles Cros daadwerkelijk het geluid kon reproduceren dat hij in 1877 had kunnen opnemen.;https://nl.wikipedia.org/wiki/Fonograaf
165;nl;In welke eeuw werden de dennen geplant in het bos van de Landes de Gascogne ?;19e eeuw;17e eeuw;15e eeuw;13e eeuw;Bevestigd;Met een oppervlakte van bijna een miljoen hectare is het bos van Les Landes het grootste kunstmatige bos in West-Europa.;https://nl.wikipedia.org/wiki/Landes_(bos)
166;nl;Dhr. Diafoirus is een arts uit de verbeelding van welke toneelschrijver ?;Molière;Voltaire;Rabelais;Corneille;Bevestigd;The Imaginary Ill is een komedie-ballet in drie delen die worden voorgesteld in 1673 en de laatste komedie geschreven door Molière.;https://nl.wikipedia.org/wiki/De_ingebeelde_zieke
167;nl;Met betrekking tot de snelheid van welke van deze elementen kan de meter worden gedefinieerd ?;Licht;Zijn;Water;Wind;Bevestigd;De waarde van de meter wordt gedefinieerd als de afgelegde afstand door het licht in een vacuüm in 1/299, 792, 458 seconden.;https://nl.wikipedia.org/wiki/Meter
168;nl;Aan welke van deze Franse politici kon Lenin de revolutie uitleggen ?;Georges Marchais;Raymond Barre;Robert Hue;Jacques Chirac;Bevestigd;Lenin ligt aan de basis van de Chechka, een politieke politie die belast is met het elimineren van alle vijanden van het nieuwe regime dat hij aan het opzetten is.;https://nl.wikipedia.org/wiki/Vladimir_Lenin
169;nl;De opmerkelijke parelparel of plectrum is eigenlijk...;Een insect;Een bloem;Een schaal;Een vogel;Bevestigd;Plecoptera worden stenen vliegen genoemd omdat ze heel vaak te vinden zijn op de stenen aan de rand van beekjes.;https://nl.wikipedia.org/wiki/Steenvliegen
170;nl;Welke productieve Franse componist stierf in 1918 in Parijs ?;Claude Debussy;Edouard Lalo;Hector Berlioz;Georges Bizet;Bevestigd;Een belangrijk onderdeel van Claude Debussy's werk is voor piano en gebruikt een bijzonder rijk en suggestief geluidspalet.;https://nl.wikipedia.org/wiki/Claude_Debussy
171;nl;Voor welk beroep is de stad Cremona, gelegen in het noorden van Italië, beroemd ?;Luthier;Schilder;Potter;Sabotier;Expert;De stad is het thuisland van Antonio Giacomo Stradivari, bekend als Stradivarius, maker van violen, cello's, altviolen en gitaren.;https://nl.wikipedia.org/wiki/Cremona
172;nl;In het verleden was phthisis een van de vormen van welke ziekte ?;Tuberculose;Syphilis;Astma;Leprosy;Expert;Tuberculose is een besmettelijke infectieziekte veroorzaakt door een bacterie, met wisselende klinische symptomen.;
173;nl;In welk land is Macao gekoloniseerd en meer dan 400 jaar geleden bestuurd ?;Portugal;Spanje;Engeland;Duitsland;Expert;De stad Macao wordt beschouwd als de laatste handelspost evenals de laatste Europese kolonie in China en Azië.;https://nl.wikipedia.org/wiki/Macau
174;nl;Welke van deze schrijvers was 40 jaar oud toen Gustave Flaubert werd geboren ?;Balzac;Stendhal;Hugo;Favre;Expert;Gustave Flaubert heeft de literatuur gekenmerkt door de diepte van zijn psychologische analyses en zijn zorg voor het realisme.;https://nl.wikipedia.org/wiki/Gustave_Flaubert
175;nl;Hoe kan men letterlijk de Republikeinse term Albanië vertalen ?;Country of Eagles;Paardenland;Land van de Doden;Land van de levenden;Expert;Het land heeft een politiek systeem van parlementaire democratie, de hoofdstad is Tirana en de officiële taal is het Albanees.;https://nl.wikipedia.org/wiki/Albanië
176;nl;In welke staat is de US Sing Sing-gevangenis gelegen aan de oevers van de Hudson ?;New York;Texas;Alabama;Geologie;Expert;Sing Sing Prison is geclassificeerd als een maximale veiligheidsinstelling en was de site van grote executies vóór 2004.;https://nl.wikipedia.org/wiki/Sing_Sing_(gevangenis)
177;nl;Wat is waarschijnlijk de meest beroemde bijeenkomst van Camp David in 1978 ?;Sadate-Begin;Nixon-Brezhnev;Clinton-Arafat;Reagan-Thatcher;Expert;Het 50 hectare grote Camp David in Maryland is het officiële vakantieoord van de Amerikaanse president.;https://nl.wikipedia.org/wiki/Camp_David
178;nl;In welke krant deed de beroemde J'accuse... ! van Zola ?;Aurore;Menselijkheid;Figaro;Pravda;Expert;Geschreven tijdens de Dreyfus-affaire, verscheen dit artikel in de vorm van een open brief aan de Franse president Félix Faure.;https://nl.wikipedia.org/wiki/J'accuse...!
179;nl;In welk land stroomt de Shannon door eindeloze landgoederen van meren ?;Ierland;Israël;Verenigde Staten;Canada;Expert;De 386 kilometer van de Shannon River maken het de langste rivier in de Britse eilanden en de meest overvloedige door de stroom.;https://nl.wikipedia.org/wiki/Shannon_(rivier)
180;nl;Welke Franse filosoof leefde in de rue Monsieur-le-Prince 10 in Parijs ?;Auguste Comte;Marcel Proust;Anatole France;Pierre Leroux;Expert;Auguste Comte was de privé-secretaris en vervolgens medewerker van de graaf van Saint-Simon, oprichter van de beweging Saint-Simon.;https://nl.wikipedia.org/wiki/Auguste_Comte
