<?xml version="1.0" encoding="UTF-8" standalone="yes" ?>
<quizz fournisseur="OpenQuizzDB : Fournisseur de contenu libre"
       url="http://www.openquizzdb.org"
       rédacteur="Philippe Bresoux"
       thème="Culture internationale"
       difficulté="3">
  <débutant>
    <contenu id="1">
      <question>Quelle est la couleur du passeport de l'union européenne délivré en Belgique ou en France ?</question>
      <propositions>
        <proposition id="1-1">Bleue</proposition>
        <proposition id="1-2">Grise</proposition>
        <proposition id="1-3">Bordeaux</proposition>
        <proposition id="1-4">Verte</proposition>
      </propositions>
      <réponse proposition="1-3">Bordeaux</réponse>
      <anecdote>Toute personne sollicitant l'entrée dans un pays autre que le sien doit remplir certaines formalités et solliciter une autorisation.</anecdote>
    </contenu>
    <contenu id="2">
      <question>Comment appelle-t-on le cachet apposé sur un passeport permettant l'entrée dans un pays ?</question>
      <propositions>
        <proposition id="2-1">Un code</proposition>
        <proposition id="2-2">Un titre</proposition>
        <proposition id="2-3">Un visa</proposition>
        <proposition id="2-4">Un permis</proposition>
      </propositions>
      <réponse proposition="2-3">Un visa</réponse>
      <anecdote>Le visa est une condition nécessaire pour entrer et séjourner pendant une certaine durée sur certains territoires.</anecdote>
    </contenu>
    <contenu id="3">
      <question>De quel pays le drapeau est-il appelé « Union Jack » ou encore « Union Flag » par certains ?</question>
      <propositions>
        <proposition id="3-1">La Grande Bretagne</proposition>
        <proposition id="3-2">La Suisse</proposition>
        <proposition id="3-3">La Finlande</proposition>
        <proposition id="3-4">La Grèce</proposition>
      </propositions>
      <réponse proposition="3-1">La Grande Bretagne</réponse>
      <anecdote>Le drapeau combine la croix de saint Georges du drapeau anglais et la croix de saint André du drapeau écossais.</anecdote>
    </contenu>
    <contenu id="4">
      <question>Que vous fournira-t-on presque exclusivement pour mettre sur vos frites aux États-Unis ?</question>
      <propositions>
        <proposition id="4-1">De la mayonnaise</proposition>
        <proposition id="4-2">Du ketchup</proposition>
        <proposition id="4-3">Du pickles</proposition>
        <proposition id="4-4">De la tartare</proposition>
      </propositions>
      <réponse proposition="4-2">Du ketchup</réponse>
      <anecdote>Le ketchup est un condiment populaire, habituellement élaboré à partir de sauce tomate, de vinaigre et de sucre.</anecdote>
    </contenu>
    <contenu id="5">
      <question>Quel est le seul pays d'Europe où certaines voitures ont encore des phares jaunes ?</question>
      <propositions>
        <proposition id="5-1">La France</proposition>
        <proposition id="5-2">La Belgique</proposition>
        <proposition id="5-3">La Grèce</proposition>
        <proposition id="5-4">Le Portugal</proposition>
      </propositions>
      <réponse proposition="5-1">La France</réponse>
      <anecdote>L'arrêté imposant les phares jaunes en France date du 3 novembre 1936 et se fonde sur l'avis de la Commission centrale.</anecdote>
    </contenu>
    <contenu id="6">
      <question>Quelle ville est considérée par beaucoup comme étant le centre diamantaire mondial ?</question>
      <propositions>
        <proposition id="6-1">Mons</proposition>
        <proposition id="6-2">Liège</proposition>
        <proposition id="6-3">Bruxelles</proposition>
        <proposition id="6-4">Anvers</proposition>
      </propositions>
      <réponse proposition="6-4">Anvers</réponse>
      <anecdote>La réputation des diamantaires anversois fait de cette ville la première place mondiale de taille et de négociation du diamant.</anecdote>
    </contenu>
    <contenu id="7">
      <question>Quel  fruit du badianier de Chine parfume des boissons comme l'ouzo ou comme l'arak ?</question>
      <propositions>
        <proposition id="7-1">L'anis étoilé</proposition>
        <proposition id="7-2">Le carvi</proposition>
        <proposition id="7-3">Le gingembre</proposition>
        <proposition id="7-4">Le sel noir</proposition>
      </propositions>
      <réponse proposition="7-1">L'anis étoilé</réponse>
      <anecdote>Les fruits sont cueillis verts, avant d'être séchés au soleil, où ils prennent une couleur marron rouge.</anecdote>
    </contenu>
    <contenu id="8">
      <question>Combien coûte l'autoroute qui relie directement les villes d'Amsterdam et de Bruxelles ?</question>
      <propositions>
        <proposition id="8-1">Rien</proposition>
        <proposition id="8-2">12 euros</proposition>
        <proposition id="8-3">19 euros</proposition>
        <proposition id="8-4">27 euros</proposition>
      </propositions>
      <réponse proposition="8-1">Rien</réponse>
      <anecdote>Le réseau autoroutier belge est très développé et bénéficie de la deuxième plus forte densité en Europe.</anecdote>
    </contenu>
    <contenu id="9">
      <question>Vers où regarde-t-on en tout premier lieu avant de traverser une route en Irlande ?</question>
      <propositions>
        <proposition id="9-1">La droite</proposition>
        <proposition id="9-2">L'avant</proposition>
        <proposition id="9-3">L'arrière</proposition>
        <proposition id="9-4">La gauche</proposition>
      </propositions>
      <réponse proposition="9-1">La droite</réponse>
      <anecdote>En Irlande comme en Angleterre, on roule à gauche, ce qui oblige les piétons à d'abord regarder à droite avant de traverser.</anecdote>
    </contenu>
    <contenu id="10">
      <question>Qu'est-ce qui est turc, né en Autriche et fréquemment mangé en France au petit déjeuner ?</question>
      <propositions>
        <proposition id="10-1">La gaufre</proposition>
        <proposition id="10-2">Le croissant</proposition>
        <proposition id="10-3">Le pistolet</proposition>
        <proposition id="10-4">La crêpe</proposition>
      </propositions>
      <réponse proposition="10-2">Le croissant</réponse>
      <anecdote>À Paris, les premiers croissants à déguster furent vendus à la rue de Richelieu entre 1837 et 1839.</anecdote>
    </contenu>
  </débutant>
  <confirmé>
    <contenu id="11">
      <question>De quel pays très fortement peuplé le paon est-il l'oiseau national ?</question>
      <propositions>
        <proposition id="11-1">Le Japon</proposition>
        <proposition id="11-2">La Chine</proposition>
        <proposition id="11-3">L'Inde</proposition>
        <proposition id="11-4">La Thaïlande</proposition>
      </propositions>
      <réponse proposition="11-3">L'Inde</réponse>
      <anecdote>Étroitement associé à la fertilité, la danse du paon symbolise en Inde le réveil de la nature et l'approche de la mousson.</anecdote>
    </contenu>
    <contenu id="12">
      <question>Qu'est-ce qu'un lama, si ce n'est pas un animal de grande taille de la cordillère des Andes ?</question>
      <propositions>
        <proposition id="12-1">Un policier slave</proposition>
        <proposition id="12-2">Un pain grec</proposition>
        <proposition id="12-3">Un arbre turc</proposition>
        <proposition id="12-4">Un moine tibétain</proposition>
      </propositions>
      <réponse proposition="12-4">Un moine tibétain</réponse>
      <anecdote>Ce titre peut être utilisé de manière honorifique pour un moine, une nonne ou un pratiquant avancé du tantrisme.</anecdote>
    </contenu>
    <contenu id="13">
      <question>Combien de zéros dans un trillion américain, égal à un million à la puissance trois ?</question>
      <propositions>
        <proposition id="13-1">9</proposition>
        <proposition id="13-2">12</proposition>
        <proposition id="13-3">15</proposition>
        <proposition id="13-4">6</proposition>
      </propositions>
      <réponse proposition="13-2">12</réponse>
      <anecdote>En mathématique, un trillion représente 1 milliard de milliards (109x109), soit 10 puissance 18.</anecdote>
    </contenu>
    <contenu id="14">
      <question>Contre quelle maladie, aussi appelée « vomi noir », vous fait-on une vaccination antiamarile ?</question>
      <propositions>
        <proposition id="14-1">La fièvre jaune</proposition>
        <proposition id="14-2">Le typhus</proposition>
        <proposition id="14-3">Le choléra</proposition>
        <proposition id="14-4">La dysenterie</proposition>
      </propositions>
      <réponse proposition="14-1">La fièvre jaune</réponse>
      <anecdote>La fièvre jaune reste toujours une cause importante de maladies hémorragiques dans plusieurs pays africains et sud-américains.</anecdote>
    </contenu>
    <contenu id="15">
      <question>Quel port dans lequel entrent 31 000 bateaux par an est le premier de Hollande ?</question>
      <propositions>
        <proposition id="15-1">Rotterdam</proposition>
        <proposition id="15-2">La Haye</proposition>
        <proposition id="15-3">Utrecht</proposition>
        <proposition id="15-4">Amsterdam</proposition>
      </propositions>
      <réponse proposition="15-1">Rotterdam</réponse>
      <anecdote>Son activité lui a permis de s'affirmer comme le huitième port mondial en 2014, après Shanghaï et Singapour.</anecdote>
    </contenu>
    <contenu id="16">
      <question>Quelle « protection » est-il plutôt judicieux de prévoir en Inde entre juin et octobre ?</question>
      <propositions>
        <proposition id="16-1">Un casque</proposition>
        <proposition id="16-2">Un parapluie</proposition>
        <proposition id="16-3">Un préservatif</proposition>
        <proposition id="16-4">Des gants</proposition>
      </propositions>
      <réponse proposition="16-2">Un parapluie</réponse>
      <anecdote>Malgré un climat très varié de par la superficie du pays, la mousson ou la saison des pluies en Inde a lieu de juin à septembre.</anecdote>
    </contenu>
    <contenu id="17">
      <question>Quel pays composé de provinces et de territoires a choisi le castor comme emblème national ?</question>
      <propositions>
        <proposition id="17-1">Le Honduras</proposition>
        <proposition id="17-2">Le Mexique</proposition>
        <proposition id="17-3">Le Canada</proposition>
        <proposition id="17-4">Le Costa Rica</proposition>
      </propositions>
      <réponse proposition="17-3">Le Canada</réponse>
      <anecdote>Des castors sauvages ont pu être étudiés au Canada et en Europe du Nord dans des zones peu anthropisées.</anecdote>
    </contenu>
    <contenu id="18">
      <question>Quel liquide est mis sur les plages australiennes pour neutraliser les piqûres des méduses ?</question>
      <propositions>
        <proposition id="18-1">De la bière</proposition>
        <proposition id="18-2">De l'essence</proposition>
        <proposition id="18-3">Du vinaigre</proposition>
        <proposition id="18-4">Du dissolvant</proposition>
      </propositions>
      <réponse proposition="18-3">Du vinaigre</réponse>
      <anecdote>Les méduses sont généralement des prédatrices qui paralysent leurs proies grâce à leurs cnidocytes.</anecdote>
    </contenu>
    <contenu id="19">
      <question>Combien coûte une boisson alcoolisée sur un vol international 'Air France' en première classe ?</question>
      <propositions>
        <proposition id="19-1">10 euros</proposition>
        <proposition id="19-2">30 euros</proposition>
        <proposition id="19-3">Rien</proposition>
        <proposition id="19-4">20 euros</proposition>
      </propositions>
      <réponse proposition="19-3">Rien</réponse>
      <anecdote>La plate-forme de correspondance principale d'Air France est située sur l'aéroport de Paris-Charles-de-Gaulle.</anecdote>
    </contenu>
    <contenu id="20">
      <question>De quel pays pouviez-vous jadis recevoir une carte postale affranchie avec 60 escudos ?</question>
      <propositions>
        <proposition id="20-1">Du Brésil</proposition>
        <proposition id="20-2">De la Grèce</proposition>
        <proposition id="20-3">Des Pays-Bas</proposition>
        <proposition id="20-4">Du Portugal</proposition>
      </propositions>
      <réponse proposition="20-4">Du Portugal</réponse>
      <anecdote>Son nom signifie écu et rappelle que les premières pièces portaient la représentation de l'écu des souverains.</anecdote>
    </contenu>
  </confirmé>
  <expert>
    <contenu id="21">
      <question>Quelle est la langue qui a soixante trois formes de présent et de nombreux mots pour désigner la neige ?</question>
      <propositions>
        <proposition id="21-1">Tanacross</proposition>
        <proposition id="21-2">Han</proposition>
        <proposition id="21-3">Eyak</proposition>
        <proposition id="21-4">Eskimo</proposition>
      </propositions>
      <réponse proposition="21-4">Eskimo</réponse>
      <anecdote>Les langues eskimo contiennent les langues inuit (un continuum linguistique) et les langues yupik.</anecdote>
    </contenu>
    <contenu id="22">
      <question>Combien y a-t-il de bandes bleues et blanches sur le drapeau de la Grèce ?</question>
      <propositions>
        <proposition id="22-1">Trois</proposition>
        <proposition id="22-2">Neuf</proposition>
        <proposition id="22-3">Cinq</proposition>
        <proposition id="22-4">Sept</proposition>
      </propositions>
      <réponse proposition="22-2">Neuf</réponse>
      <anecdote>Les raisons et la symbolique de ce choix ne sont pas connues précisément, et font l'objet de nombreuses théories populaires.</anecdote>
    </contenu>
    <contenu id="23">
      <question>Quelle est la drogue que l'on tire de l'écorce du Cinchona et que l'on retrouve dans le Schweppes ?</question>
      <propositions>
        <proposition id="23-1">Le camphre</proposition>
        <proposition id="23-2">La brucine</proposition>
        <proposition id="23-3">La nicotine</proposition>
        <proposition id="23-4">La quinine</proposition>
      </propositions>
      <réponse proposition="23-4">La quinine</réponse>
      <anecdote>Les espèces du genre Cinchona sont des arbustes, ou plus souvent des arbres, pouvant atteindre 18 mètres de hauteur.</anecdote>
    </contenu>
    <contenu id="24">
      <question>Qu'est-ce qui change autour du 180e méridien, dans l'océan Pacifique ?</question>
      <propositions>
        <proposition id="24-1">La date</proposition>
        <proposition id="24-2">L'humidité</proposition>
        <proposition id="24-3">La lumière</proposition>
        <proposition id="24-4">La température</proposition>
      </propositions>
      <réponse proposition="24-1">La date</réponse>
      <anecdote>Cette ligne peut être considérée comme étant située 12 heures en avance ou 12 heures en retard par à Greenwich.</anecdote>
    </contenu>
    <contenu id="25">
      <question>Jusqu'à quelle valeur en-dessous de zéro peut descendre le thermomètre en hiver en Sibérie ?</question>
      <propositions>
        <proposition id="25-1">- 20°C</proposition>
        <proposition id="25-2">- 40°C</proposition>
        <proposition id="25-3">- 80°C</proposition>
        <proposition id="25-4">- 60°C</proposition>
      </propositions>
      <réponse proposition="25-3">- 80°C</réponse>
      <anecdote>Constituant la partie nord de l'Asie, la Sibérie représente 77 % de la surface de la Russie, mais seulement 27 % de sa population.</anecdote>
    </contenu>
    <contenu id="26">
      <question>À quoi vous servira un charpoi en Inde, que vous le fassiez en boule, sur le dos ou sur le ventre ?</question>
      <propositions>
        <proposition id="26-1">À dormir</proposition>
        <proposition id="26-2">À travailler</proposition>
        <proposition id="26-3">À manger</proposition>
        <proposition id="26-4">À chasser</proposition>
      </propositions>
      <réponse proposition="26-1">À dormir</réponse>
      <anecdote>La forme, la composition et les tissus des oreillers varient selon les usages, les cultures, la qualité et le degré de confort de chacun.</anecdote>
    </contenu>
    <contenu id="27">
      <question>Quelle heure est-il à Los Angeles quand vous prenez votre petit déjeuner à New York à 8h ?</question>
      <propositions>
        <proposition id="27-1">5h</proposition>
        <proposition id="27-2">2h</proposition>
        <proposition id="27-3">3h</proposition>
        <proposition id="27-4">10h</proposition>
      </propositions>
      <réponse proposition="27-1">5h</réponse>
      <anecdote>Un fuseau horaire est une zone de la surface terrestre qui observe une heure uniforme en tout lieu.</anecdote>
    </contenu>
    <contenu id="28">
      <question>Quel État très fortement peuplé est aussi le plus grand des États-Unis, après l'Alaska ?</question>
      <propositions>
        <proposition id="28-1">Le Texas</proposition>
        <proposition id="28-2">Le Wyoming</proposition>
        <proposition id="28-3">Le Michigan</proposition>
        <proposition id="28-4">La Virginie</proposition>
      </propositions>
      <réponse proposition="28-1">Le Texas</réponse>
      <anecdote>Les Texans sont à près de 80 % des citadins et presque la moitié d'entre eux vivent à Dallas-Fort Worth ou Houston.</anecdote>
    </contenu>
    <contenu id="29">
      <question>À côté de quel animal mythique se dresse fièrement le lion du passeport britannique ?</question>
      <propositions>
        <proposition id="29-1">Un ours</proposition>
        <proposition id="29-2">Un panda</proposition>
        <proposition id="29-3">Une licorne</proposition>
        <proposition id="29-4">Un mouton</proposition>
      </propositions>
      <réponse proposition="29-3">Une licorne</réponse>
      <anecdote>La licorne se voit dotée d'un corps équin, d'une barbiche de bouc, de sabots fendus et d'une longue corne sur le front.</anecdote>
    </contenu>
    <contenu id="30">
      <question>Qui repose dans les trois petites pyramides de Gizeh, placées à côté des trois grandes ?</question>
      <propositions>
        <proposition id="30-1">Les prêtres</proposition>
        <proposition id="30-2">Les esclaves</proposition>
        <proposition id="30-3">Les mages</proposition>
        <proposition id="30-4">Les reines</proposition>
      </propositions>
      <réponse proposition="30-4">Les reines</réponse>
      <anecdote>les pyramides des reines, au nombre de trois, font partie des pyramides subsidiaires du complexe funéraire de Khéops.</anecdote>
    </contenu>
  </expert>
</quizz>