1;fr;Où sont placés les deux propulseurs d'Astro le petit robot ?;Dans ses pieds;Sous ses bras;Dans le dos;À la ceinture;Débutant;Diffusé depuis 1963 sur les écrans Japonais, le manga d'Osamu Tezuka avait déjà été publié pour la première fois en 1952.;https://fr.wikipedia.org/wiki/Astro,_le_petit_robot
2;fr;Qui n'en finit plus de mourir dans les premières saisons de South Park ?;Kenny;Stan;Kyle;Eric;Débutant;Le petit garçon à la capuche orange est la risée de Cartman, l'un des quatre héros du dessin animé de Trey Parker et Matt Stone.;https://fr.wikipedia.org/wiki/Kenny_McCormick
3;fr;Avec lequel des garçons de sa bande fait habituellement équipe Scoubidou ?;Sammy;Fred;Roger;Logan;Débutant;Le chien détective a rapidement été de retour, accompagné de guest-stars comme Batman et Robin ou Laurel et Hardy.;https://fr.wikipedia.org/wiki/Scooby-Doo_(personnage)
4;fr;Qui est le plus âgé des enfants de la famille Simpson ?;Bart;Lisa;Maggie;Marge;Débutant;Depuis sa création en 1989, le dessin animé de Matt Groenig rencontre un succès mondial, traduit sur grand écran en 2007.;https://fr.wikipedia.org/wiki/Les_Simpson
5;fr;Quel animal est Capucin, le petit compagnon de Candy ?;Raton laveur;Hamster;Chat;Lapin;Débutant;La jeune fille se retrouve à l'orphelinat tenu par Mademoiselle Pony, et Candy tombe amoureuse du prince des collines.;https://fr.wikipedia.org/wiki/Candy_(manga)
6;fr;Comment qualifier le manège de Margotte, Zébulon et Pollux ?;Enchanté;Hanté;Encerclé;Embrumé;Débutant;La série d'animation de Serge Danot est apparue en 1963 sur la première chaîne de l'ORTF. En 2005, une version 3D a été diffusée.;https://fr.wikipedia.org/wiki/Le_Manège_enchanté
7;fr;Qui est rond comme un ballon et plus jaune qu'un citron ?;Pac-Man;Pengo;Digger;Fruity;Débutant;Ce héros a été l'une des premières vedettes de jeu vidéo à avoir son propre dessin animé, avant Super Mario Bros et Zelda.;https://fr.wikipedia.org/wiki/Pac-Man
8;fr;Quel pivert possède le rire le plus reconnaissable de la télévision ?;Woody Woodpecker;Oscar Rapace;Génius;Falco Lombardi;Débutant;Le petit oiseau à la houpette rouge, né en 1940 mais diffusé en 1967, a un rire original signé Mel Blanc.;https://fr.wikipedia.org/wiki/Woody_Woodpecker
9;fr;De quelle saga cinématographique Clone Wars est-il dérivé ?;Star Wars;Star Trek;Harry Potter;Voraces;Débutant;D'après l'histoire signée George Lucas, le dessin animé a été produit à partir de 2003, entre les sorties des épisodes 2 et 3.;https://fr.wikipedia.org/wiki/Guerre_des_clones
10;fr;Qui est le meilleur ami de Tom Sayer à Saint-Petersburg ?;Huckleberry Finn;Jim Hollis;Benjamin Rogers;Muff Potter;Débutant;Véritable vagabond livré à lui-même, il entraîne Tom Sayer avec lui dans de nombreuses aventures sur les bords du Mississippi.;https://fr.wikipedia.org/wiki/Tom_Sawyer_(série_télévisée_d'animation)
11;fr;Grâce à quel objet Gigi arrive-t-elle à se transformer en jeune femme ?;Pendentif;Chapeau;Parapluie;Ceinture;Confirmé;Âgée de 12 ans, Gigi est une princesse envoyée sur Terre par ses parents pour redonner de l'espoir à certains humains.;https://fr.wikipedia.org/wiki/Gigi_(série_télévisée_d'animation)
12;fr;Qu'utilise le lutin Tofffsy pour savoir si on lui dit la vérité ?;Herbe musicale;Diamant bleu;Clé magique;Grimoire;Confirmé;Le petit lutin à la chevelure jaune a toujours d'ingénieuses idées pour aider ses amis qui vivent avec lui au château de la comtesse.;https://fr.wikipedia.org/wiki/Tofffsy_et_l'Herbe_musicale
13;fr;Quel jeune héros de série télé âgé de 10 ans utilise l'Omnitrix ?;Ben 10;Astro;Kenny;Yogi;Confirmé;L'omnitrix est le bracelet qu'il fixe à son poignet et qui lui permet de se métamorphoser en dix héros aux super-pouvoirs.;https://fr.wikipedia.org/wiki/Ben_10_(série_télévisée_d'animation,_2005)
14;fr;Grâce à quel objet Sophie communique-t-elle avec Finot dans Inspecteur Gadget ?;Montre;Téléphone;Poupée;Bague;Confirmé;Ultra-sophistiquée, la montre offre à Sophie la possibilité de parler et de voir son chien pour venir ensemble en aide à Gadget.;https://fr.wikipedia.org/wiki/Inspecteur_Gadget_(série_télévisée_d'animation,_1983)
15;fr;Que pilotent Satanas et Diabolo pour attraper le messager Zéphyrin ?;Biplan;Fusée;Autobus;Moto;Confirmé;A la suite du succès des Fous du volant, Satanas et Diabolo ont en effet poursuivi leurs péripéties dans les airs.;https://fr.wikipedia.org/wiki/Satanas_et_Diabolo
16;fr;Pour quelle raison Calimero est-il le seul poussin de couleur noire autour de lui ?;Il est sale;Il est malade;Il est furieux;Il est brûlé;Confirmé;En 1961, Calimero était la star d'une publicité pour la lessive italienne où il retrouvait sa couleur d'origine une fois nettoyé.;https://fr.wikipedia.org/wiki/Calimero_(personnage)
17;fr;Quelle est la particularité vestimentaire de Yogi l'ours ?;Cravate et chapeau;Tee-shirt et tongs;Casquette et short;Cape et collants;Confirmé;Évoluant dans le parc de Jellystone en compagnie de son ami Boubou, il est toujours en quête de nourriture.;https://fr.wikipedia.org/wiki/Yogi_l'ours
18;fr;Quel animal est Saturnin, héros de la série créée par Jean Tourane ?;Un caneton;Un raton laveur;Un zèbre;Un éléphant;Confirmé;Le petit volatile caractériel, dont le monde miniature est à l'identique celui des humains, a démarré sa carrière en 1965.;https://fr.wikipedia.org/wiki/Les_Aventures_de_Saturnin
19;fr;Par quel procédé d'animation le clown Kiri a-t-il été créé ?;Marionnettes;Plasticine;Papier carton;Mosaïques;Confirmé;De ville en ville, sa roulotte entraîne ses compagnons Pip'lett, Laura, Ratibus et Bianca dans de nombreuses aventures.;https://fr.wikipedia.org/wiki/Kiri_le_clown
20;fr;Quelle héroïne de dessin animé a été la star des studios Fleischer avec Popeye ?;Betty Boop;Manny;Dora Marquez;Charlotte;Confirmé;Apparue en 1930, la sensuelle brunette est un des personnages animés emblématiques de l'entre-deux-guerres.;https://fr.wikipedia.org/wiki/Betty_Boop
21;fr;Quelle est la chaîne jeunesse dont le slogan a été La télé qui remue toute la famille ?;Gulli;HD1;Cstar;W9;Expert;Lors du lancement de la TNT en France, en 2005, le groupe Lagardère et France Televisions se sont associés.;https://fr.wikipedia.org/wiki/Gulli
22;fr;Quels personnages sautillent en s'engouffrant dans leur poche ?;Popples;Bisounours;Entrechats;Tifins;Expert;Ces boules de poils adorent s'amuser et possèdent une poche dans le dos qui leur permet de faire sortir des objets insolites.;https://fr.wikipedia.org/wiki/Les_Popples
23;fr;De quelle série télévisée d'animation le jeune Yugo est-il le héros ?;Wakfu;Code Lyoko;Molusco;Star Butterfly;Expert;Accompagné de ses cinq amis, l'enfant va tenter d'arrêter les ambitions du Nox volant l'énergie créatrice du monde.;https://fr.wikipedia.org/wiki/Wakfu_(série_télévisée_d'animation)
24;fr;Qui est probablement le plus célèbre shérif de l'espace ?;X-Or;Jiban;Bioman;Ulysse;Expert;Cette série japonaise diffusée en 1983 a pour héros Gordan qui se transforme en X-Or en demandant sa transmutation.;https://fr.wikipedia.org/wiki/X-Or
25;fr;Comment se nomme le renard et ennemi d'Aglaé et Sidonie ?;Croquetou;Agénor;Saturnin;Hugo;Expert;Dans la ferme, la truie Aglaé et l'oie Sidonie sont aidées par le coq Agénor pour démasquer Craquetou en moins de cinq minutes.;https://fr.wikipedia.org/wiki/Aglaé_et_Sidonie
26;fr;Quel animal était Monsieur Ed dans la série éponyme américaine destinée aux enfants ?;Cheval;Lion;Ane;Hibou;Expert;Monsieur Ed, le cheval parlant qui appartient à l'architecte Wilbur Post, utilise ce don à foison en disant tout ce qu'il pense.;https://fr.wikipedia.org/wiki/Monsieur_Ed,_le_cheval_qui_parle
27;fr;Quel est le métier de Picolo, personnage créé pour Radio-Canada ?;Peintre;Plombier;Banquier;Boulanger;Expert;Créé par jean Image en 1963, Picolo parcourt les rues de Paris en compagnie de Picolette, son amoureuse.;https://fr.wikipedia.org/wiki/Picolo
28;fr;Combien sont les héros des Petites Canailles apparues en 1962 ?;Cinq;Six;Sept;Huit;Expert;Ces sacrés garnements à la personnalité bien différente ont pour nom Alfafa, Buck, Darla, Porky et Spanky.;https://fr.wikipedia.org/wiki/Les_Petites_Canailles
29;fr;Lequel de ces dessins animés n'a pas été produit par Hanna-Barbera ?;Calimero;Scoubidou;Capitaine Caverne;Les Pierrafeu;Expert;La carrière de William Hanna et Joseph Barbera a démarré avec Tom et Jerry pour le cinéma et la MGM en 1940.;https://fr.wikipedia.org/wiki/Hanna-Barbera_Productions
30;fr;Quel petit animal est Hamtaro dans le manga créé par Ritsuko Kawai ?;Hamster;Cheval;Caneton;Raton laveur;Expert;Le dessin animé est signé Ritsuko Kawai et est apparu sur les écrans de Midi les zouzous de France 5 en 2003.;https://fr.wikipedia.org/wiki/Hamtaro
31;en;Where are the two Astro boosters the little robot ?;In his feet;Under his arms;In the back;At the waist;Beginner;Broadcast since 1963 on Japanese screens, the manga of Osamu Tezuka had already been published for the first time in 1952.;https://en.wikipedia.org/wiki/Astro_Boy
32;en;Who does not finish dying in the first seasons of South Park ?;Kenny;Stan;Kyle;Eric;Beginner;The little boy with the orange hood is the laughingstock of Cartman, one of four cartoon heroes of Trey Parker and Matt Stone.;https://en.wikipedia.org/wiki/Kenny_McCormick
33;en;With which boys of his band usually makes Scoubidou team ?;Sammy;Fred;Roger;Logan;Beginner;The detective dog was soon back, accompanied by guest-stars like Batman and Robin or Laurel and Hardy.;https://en.wikipedia.org/wiki/Scooby-Doo_(character)
34;en;Who is the oldest child of the Simpson family ?;Bart;Lisa;Maggie;Marge;Beginner;Since its inception in 1989, Matt Groenig's cartoon has been a worldwide success, translated to big screen in 2007.;https://en.wikipedia.org/wiki/The_Simpsons
35;en;What animal is Capuchin, Candy's little mate ?;Raccoon;Hamster;Chat;Rabbit;Beginner;The girl finds herself at the orphanage held by Miss Pony, and Candy falls in love with the prince of the hills.;
36;en;How to describe Margotte's merry-go-round, Zebulon et Pollux ?;Enchanted;Haunted;Encircled;Frightened;Beginner;The animation series of Serge Danot appeared in 1963 on the first channel of the ORTF.;https://en.wikipedia.org/wiki/The_Magic_Roundabout
37;en;Who is round like a balloon and more yellow than a lemon ?;Pac-Man;Pengo;Digger;Fruity;Beginner;This hero was one of the first video game stars to have his own cartoon, before Super Mario Bros and Zelda.;https://en.wikipedia.org/wiki/Pac-Man
38;en;Which woodpecker possesses the most recognizable laugh of television ?;Woody Woodpecker;Oscar Rapace;Genus;Falco Lombardi;Beginner;The little bird with the red puff, born in 1940 but diffused in 1967, has an original laugh signed Mel Blanc.;https://en.wikipedia.org/wiki/Woody_Woodpecker
39;en;Which film saga Clone Wars is it ?;Star Wars;Star Trek;Harry Potter;Voracious;Beginner;According to the story signed George Lucas, the cartoon was produced from 2003, between the releases of episodes 2 and 3.;https://en.wikipedia.org/wiki/Clone_Wars_(Star_Wars)
40;en;Who is Tom Sayer's best friend in St. Petersburg ?;Huckleberry Finn;Jim Hollis;Benjamin Rogers;Muff Potter;Beginner;A true wanderer on his own, he coaches Tom Sayer with him on numerous adventures on the Mississippi River.;https://en.wikipedia.org/wiki/The_Adventures_of_Tom_Sawyer_(1980_TV_series)
41;en;What object does Gigi manage to transform into a young woman ?;Pendant;Hat;Umbrella;Belt;Confirmed;Aged 12, Gigi is a princess sent to Earth by her parents to give hope to some humans.;https://en.wikipedia.org/wiki/Magical_Princess_Minky_Momo
42;en;What does the goblin Tofffsy use to know if they tell him the truth ?;Musical grass;Blue Diamond;Magic Key;Grimoire;Confirmed;The little yellow-haired elf has always ingenious ideas to help his friends who live with him at the castle of the countess.;
43;en;Which 10-year-old TV series heroine uses Omnitrix ?;Ben 10;Astro;Kenny;Yogi;Confirmed;The omnitrix is the bracelet he attaches to his wrist and allows him to mutamage into ten superpower heres.;https://en.wikipedia.org/wiki/Ben_10_(2005_TV_series)
44;en;With what object Sophie communicates with Finot in Inspector Gadget ?;Watch;Phone;Doll;Ring;Confirmed;Ultra-sophisticated, the watch offers Sophie the opportunity to talk and see her dog to come together to help Gadget.;https://en.wikipedia.org/wiki/Inspector_Gadget_(1983_TV_series)
45;en;What are Satanas and Diabolo flying to catch the Zephyrin messenger ?;Biplan;Rocket;Buses;Motorcycle;Confirmed;As a result of the success of Fools of the steering wheel, Satanas and Diabolo have indeed continued their flights in the air.;https://en.wikipedia.org/wiki/Dastardly_and_Muttley_in_Their_Flying_Machines
46;en;Why is Calimero the only black chick around him ?;He is dirty;He is sick;He is furious;He is burned;Confirmed;In 1961, Calimero was the star of an advertisement for Italian laundry where he recovered his original color once cleaned.;
47;en;What is the particularity of Yogi the Bear ?;Tie and hat;T-shirts and flip-flops;Cap and shorts;Cape and tights;Confirmed;Traveling through Jellystone Park with his friend Boubou, he is always on the hunt for food.;https://en.wikipedia.org/wiki/Yogi_Bear
48;en;Which animal is Saturnin, heroine of the series created by Jean Tourane ?;A duckling;A raccoon;A zebra;An elephant;Confirmed;The characteristic small bird, whose miniature world is identical to that of humans, began his career in 1965.;
49;en;What animating process did the Kiri clown create ?;Puppets;Plasticine;Cardboard paper;Mosaics;Confirmed;From city to city, his trailer drives his companions Pip'lett, Laura, Ratibus and Bianca in many adventures.;
50;en;What cartoon heroine was the star of Fleischer Studios with Popeye ?;Betty Boop;Manny;Dora Marquez;Charlotte;Confirmed;Appeared in 1930, the sensual brunette is one of the emblematic animated characters of the inter-war period.;https://en.wikipedia.org/wiki/Betty_Boop
51;en;What is the youth channel whose slogan was The TV that moves the whole family ?;Gulli;HD1;Cstar;W9;Expert;At the launch of DTT in France in 2005, the Lagardère Group and France Televisions joined forces.;https://en.wikipedia.org/wiki/Gulli
52;en;Which characters are jumping in their pockets ?;Popples;Care Bears;Entrechats;Tifins;Expert;These balls of hair love to have fun and have a pocket in the back that allows them to bring out unusual objects.;https://en.wikipedia.org/wiki/Popples_(1986_TV_series)
53;en;What animated television show is young Yugo the hero ?;Wakfu;Code Lyoko;Molusco;Star Butterfly;Expert;Accompanied by his five friends, the child will try to stop the ambitions of Nox flying the world's creative energy.;https://en.wikipedia.org/wiki/Wakfu_(TV_series)
54;en;Who is probably the most famous space shrine ?;X-Or;Jiban;Bioman;Ulysses;Expert;This Japanese series broadcast in 1983 has for her husband Gordan who turns into X-Gold asking for transmutation.;https://en.wikipedia.org/wiki/Space_Sheriff_Gavan
55;en;What is the fox and enemy of Aglae and Sidonie ?;Croquetou;Agenor;Saturnin;Hugo;Expert;In the farm, the sow Aglae and the goose Sidonie are helped by the rooster Agenor to disguise Craquetou in less than five minutes.;
56;en;What animal was Mr. Ed in the US children's name series ?;Horse;Lion;Ane;Owl;Expert;Mr. Ed, the talking horse that belongs to the architect Wilbur Post, uses this gift galore by saying everything he thinks.;https://en.wikipedia.org/wiki/Mister_Ed
57;en;What is the work of Picolo, a character created for Radio-Canada ?;Painter;Plumber;Banker;Baker;Expert;Created by Jean Image in 1963, Picolo travels the streets of Paris in the company of Picolette, his lover.;https://en.wikipedia.org/wiki/Picolo
58;en;How many are the heroes of the Petites Canailles appeared in 1962 ?;Five;Six;Seven;Eight;Expert;These damn boys with a different personality are Alfafa, Buck, Darla, Porky and Spanky.;https://en.wikipedia.org/wiki/Our_Gang
59;en;Which of these cartoons was not produced by Hanna-Barbera ?;Calimero;Scoubidou;Captain Cavern;The Flintstones;Expert;The career of William Hanna and Joseph Barbera began with Tom and Jerry for the film and MGM in 1940.;https://en.wikipedia.org/wiki/Hanna-Barbera
60;en;What little animal is Hamtaro in the manga created by Ritsuko Kawai ?;Hamster;Horse;Duckling;Raccoon;Expert;The cartoon is signed Ritsuko Kawai and appeared on the screens of Midi zouzous of France 5 in 2003.;https://en.wikipedia.org/wiki/Hamtaro
61;de;Wo sind die beiden Astro-Booster der kleine Roboter ?;In seinen Füßen;Unter seinen Armen;Hinten;In der Taille;Newbie;Der Manga von Osamu Tezuka wurde seit 1963 auf japanischen Leinwänden ausgestrahlt und war bereits 1952 zum ersten Mal veröffentlicht worden.;https://de.wikipedia.org/wiki/Astro_Boy
62;de;Wer endet nicht in den ersten Staffeln von South Park zu sterben ?;Kenny;Stan;Kyle;Eric;Newbie;Der kleine Junge mit der orangefarbenen Kapuze ist der Lachstock von Cartman, einer von vier Comic-Helden von Trey Parker und Matt Stone.;
63;de;Mit welchen Jungs seiner Band bildet Scoubidou normalerweise ein Team ?;Sammy;Fred;Roger;Logan;Newbie;Der Detektivhund war bald zurück, begleitet von Gaststars wie Batman und Robin oder Laurel und Hardy.;
64;de;Wer ist das älteste Kind der Simpson-Familie ?;Bart;Lisa;Maggie;Marge;Newbie;Seit seiner Gründung im Jahr 1989 ist der Zeichentrickfilm von Matt Groenig ein weltweiter Erfolg, der 2007 auf große Leinwand übertragen wurde.;https://de.wikipedia.org/wiki/Die_Simpsons
65;de;Welches Tier ist Kapuziner, Candys kleiner Kumpel ?;Waschbär;Hamster;Chat;Kaninchen;Newbie;Das Mädchen findet sich im Waisenhaus von Fräulein Pony wieder, und Candy verliebt sich in den Prinzen der Hügel.;
66;de;Wie beschreibt man Margottes Karussell, Zebulon et Pollux ?;Verzaubert;Frequentiert;Eingekreist;Ängstlich;Newbie;Die Animationsserie von Serge Danot erschien 1963 auf dem ersten Kanal der ORTF.;https://de.wikipedia.org/wiki/Das_Zauberkarussell
67;de;Wer ist rund wie ein Ballon und gelber als eine Zitrone ?;Pac-Man;Pengo;Digger;Fruchtig;Newbie;Dieser Held war einer der ersten Videospielstars, der vor Super Mario Bros und Zelda einen eigenen Cartoon hatte.;https://de.wikipedia.org/wiki/Pac-Man
68;de;Welcher Specht besitzt das erkennbarste Lachen des Fernsehens ?;Waldspecht;Oscar Rapace;Gattung;Falco Lombardi;Newbie;Der kleine Vogel mit dem roten Hauch, geboren 1940, aber diffus 1967, hat ein originelles Lachen von Mel Blanc.;https://de.wikipedia.org/wiki/Woody_Woodpecker
69;de;Welche Filmsage Clone Wars ist das ?;Star Wars;Star Trek;Harry Potter;Unersättlich;Newbie;Laut der mit George Lucas unterzeichneten Geschichte wurde der Cartoon ab 2003 zwischen den Veröffentlichungen der Episoden 2 und 3 produziert.;
70;de;Wer ist Tom Sayers bester Freund in St. Petersburg ?;Huckleberry Finn;Jim Hollis;Benjamin Rogers;Muff Potter;Newbie;Er ist ein echter Wanderer und coacht Tom Sayer bei zahlreichen Abenteuern am Mississippi.;https://de.wikipedia.org/wiki/Tom_Sawyers_Abenteuer_(1980)
71;de;Welches Objekt schafft es Gigi, sich in eine junge Frau zu verwandeln ?;Anhänger;Hut;Regenschirm;Gürtel;Bestätigt;Gigi, 12 Jahre alt, ist eine Prinzessin, die von ihren Eltern auf die Erde geschickt wurde, um einigen Menschen Hoffnung zu geben.;https://de.wikipedia.org/wiki/Mah?_no_Princess_Minky_Momo
72;de;Was wissen die Kobolde Tofffsy, wenn sie ihm die Wahrheit sagen ?;Musikalisches Gras;Blauer Diamant;Magischer Schlüssel;Grimoire;Bestätigt;Der kleine gelbhaarige Elf hat immer raffinierte Ideen, um seinen Freunden zu helfen, die mit ihm auf der Burg der Gräfin leben.;
73;de;Welche 10-jährige TV-Heldin verwendet Omnitrix ?;Ben 10;Astro;Kenny;Yogi;Bestätigt;Das Omnitrix ist das Armband, das er an seinem Handgelenk befestigt, und ermöglicht ihm, sich in zehn Supermachthirnen zu verwandeln.;https://de.wikipedia.org/wiki/Ben_10
74;de;HauntedWas Objekt kommuniziert Sophie mit Finot in Inspector Gadget ?;Watch;Telefon;Puppe;Ring;Bestätigt;Die Uhr ist hochentwickelt und bietet Sophie die Gelegenheit, zu sprechen und ihren Hund zusammen zu sehen, um Gadget zu helfen.;https://de.wikipedia.org/wiki/Inspector_Gadget
75;de;Was fliegen Satanas und Diabolo, um den Zephyrin-Boten zu fangen ?;Biplan;Rakete;Busse;Motorrad;Bestätigt;Infolge des Erfolgs von Dummköpfen des Lenkrads haben Satanas und Diabolo tatsächlich ihre Flüge in der Luft fortgesetzt.;https://de.wikipedia.org/wiki/Fliegende_Männer_in_tollkühnen_Kisten
76;de;Warum ist Calimero das einzige Schwarze, das ihn umgibt ?;Er ist schmutzig;Er ist krank;Er ist wütend;Er ist verbrannt;Bestätigt;Im Jahr 1961 war Calimero der Star einer Werbung für italienische Wäsche, in der er einmal seine ursprüngliche Farbe gefunden hatte.;
77;de;Was ist die Besonderheit des Bären Yogi ?;Krawatte und Hut;T-Shirts und Flip-Flops;Mütze und Shorts;Cape und Strumpfhosen;Bestätigt;Er reist mit seinem Freund Boubou durch den Jellystone Park und ist immer auf der Jagd nach Essen.;https://de.wikipedia.org/wiki/Yogi_Bär
78;de;Welches Tier ist Saturnin, Heldin der von Jean Tourane kreierten Serie ?;Ein Entlein;Ein Waschbär;Ein Zebra;Ein Elefant;Bestätigt;Der charakteristische kleine Vogel, dessen Miniaturwelt mit der des Menschen identisch ist, begann seine Karriere 1965.;
79;de;Welchen Animationsprozess hat der Kiri-Clown geschaffen ?;Marionetten;Knetmasse;Kartonpapier;Mosaiken;Bestätigt;Von Stadt zu Stadt fährt sein Anhänger seine Gefährten Pip'lett, Laura, Ratibus und Bianca in vielen Abenteuern.;
80;de;Welche Comic-Heldin war der Star der Fleischer Studios mit Popeye ?;Betty Boop;Manny;Dora Marquez;Charlotte;Bestätigt;Die sinnliche Brünette, die 1930 auf den Markt kam, ist eine der emblematischen Zeichentrickfiguren der Zwischenkriegszeit.;https://de.wikipedia.org/wiki/Betty_Boop
81;de;Was ist der Jugendkanal mit dem Slogan Der Fernseher, der die ganze Familie bewegt ?;Gulli;HD1;Cstar;W9;Expert;Bei der Einführung von DTT in Frankreich im Jahr 2005 schlossen sich die Lagardère-Gruppe und France Televisions zusammen.;https://de.wikipedia.org/wiki/Gulli (Fernsehsender)
82;de;Welche Charaktere springen in die Tasche ?;Popples;Glücksbärchis;Entrechats;Tifins;Expert;Diese Haarballen lieben es, Spaß zu haben und haben eine Tasche im Rücken, in der sie ungewöhnliche Objekte hervorbringen können.;
83;de;Welche animierte Fernsehserie ist der junge Held Yugo ?;Wakfu;Code Lyoko;Molusco;Sternfalter;Expert;Begleitet von seinen fünf Freunden wird das Kind versuchen, die Ambitionen von Nox zu stoppen, die die schöpferische Energie der Welt fliegen.;
84;de;Wer ist wahrscheinlich der berühmteste Sheriff des Weltraums ?;X-Or;Jiban;Bioman;Ulysses;Expert;Diese japanische Serie, die 1983 ausgestrahlt wurde, betrifft ihren Ehemann Gordan, der sich in X-Gold verwandelt und um Transmutation bittet.;
85;de;Was ist der Fuchs und Feind von Aglae und Sidonie ?;Croquetou;Agenor;Saturnin;Hugo;Expert;In der Farm säen Aglaé und Gans Sidonie. Sie werden von Hahn Agénor geholfen, Craquetou in weniger als fünf Minuten zu demaskieren.;
86;de;Welches Tier war Mr. Ed in der gleichnamigen amerikanischen Serie für Kinder ?;Pferd;Löwe;Ane;Eule;Expert;Mr. Ed, das sprechende Pferd des Architekten Wilbur Post, verwendet dieses Geschenk in Hülle und Fülle, indem er alles sagt, was er denkt.;https://de.wikipedia.org/wiki/Mr._Ed
87;de;Was ist die Aufgabe von Picolo, einer Figur, die für Radio-Canada geschaffen wurde ?;Maler;Klempner;Bankier;Baker;Expert;Picolo wurde 1963 von Jean Image gegründet und reist in Begleitung seines geliebten Picolette durch Paris.;
88;de;Wie viele Helden der Petites Canailles sind 1962 erschienen ?;Fünf;Sechs;Sieben;Acht;Expert;Diese heiligen Jungen mit einer ganz anderen Persönlichkeit heißen Alfafa, Buck, Darla, Porky und Spanky.;https://de.wikipedia.org/wiki/Die_kleinen_Strolche
89;de;Welche dieser Cartoons wurde nicht von Hanna-Barbera produziert ?;Calimero;Scoubidou;Captain Cavern;Die Flintstones;Expert;Die Karriere von William Hanna und Joseph Barbera begann 1940 mit Tom und Jerry für Film und MGM.;
90;de;Welches Tier ist Hamtaro in dem von Ritsuko Kawai entwickelten Manga ?;Hamster;Pferd;Entlein;Waschbär;Expert;Die Karikatur ist mit Ritsuko Kawai signiert und erschien 2003 auf den Bildschirmen von Midi zouzous von France 5.;https://de.wikipedia.org/wiki/Hamtaro
91;es;¿Dónde están los dos refuerzos de Astro, el pequeño robot ?;En sus pies;Bajo sus brazos;En la espalda;En la cintura;Novato;Transmitido desde 1963 en pantallas japonesas, el manga de Osamu Tezuka ya se había publicado por primera vez en 1952.;https://es.wikipedia.org/wiki/Astroboy
92;es;¿Quién no termina de morir en las primeras temporadas de South Park ?;Kenny;Stan;Kyle;Eric;Novato;El niño pequeño con la capucha naranja es el hazmerreír de Cartman, uno de los cuatro héroes de dibujos animados de Trey Parker y Matt Stone.;https://es.wikipedia.org/wiki/Kenny_McCormick
93;es;¿Con qué chicos de su banda suele hacer equipo Scoubidou ?;Sammy;Fred;Roger;Logan;Novato;El perro detective regresó pronto, acompañado por estrellas invitadas como Batman y Robin o Laurel y Hardy.;https://es.wikipedia.org/wiki/Scooby-Doo_(personaje)
94;es;¿Quién es el hijo mayor de la familia Simpson ?;Bart;Lisa;Maggie;Marge;Novato;Desde su creación en 1989, la caricatura de Matt Groenig ha sido un éxito mundial, traducida a la pantalla grande en 2007.;https://es.wikipedia.org/wiki/Los_Simpson
95;es;¿Qué animal es Capuchino, la pequeña compañera de Candy ?;Mapache;Hámster;Chatear;Conejo;Novato;La niña se encuentra en el orfanato de Miss Pony, y Candy se enamora del príncipe de las colinas.;
96;es;¿Cómo describir el tiovivo de Margotte, Zebolon et Pollux ?;Encantada;Embrujado;Rodeado;Asustado;Novato;La serie de animación de Serge Danot apareció en 1963 en el primer canal de la ORTF.;
97;es;¿Quién es redondo como un globo y más amarillo que un limón ?;Pac-Man;Pengo;Excavadora;Afrutado;Novato;Este héroe fue una de las primeras estrellas de videojuegos en tener su propia caricatura, antes de Super Mario Bros y Zelda.;https://es.wikipedia.org/wiki/Pac-Man
98;es;¿Qué pájaro carpintero posee la risa más reconocible de la televisión ?;Woody Woodpecker;Oscar Rapace;Genus;Falco Lombardi;Novato;El pajarito con el soplo rojo, nacido en 1940 pero difundido en 1967, tiene una risa original firmada por Mel Blanc.;https://es.wikipedia.org/wiki/Pájaro_Loco
99;es;¿Qué saga de cine Clone Wars es ?;Star Wars;Star Trek;Harry Potter;Voraz;Novato;Según la historia firmada por George Lucas, la caricatura se produjo a partir de 2003, entre los lanzamientos de los episodios 2 y 3.;https://es.wikipedia.org/wiki/Guerras_Clon
100;es;¿Quién es el mejor amigo de Tom Sayer en San Petersburgo ?;Huckleberry Finn;Jim Hollis;Benjamin Rogers;Muff Potter;Novato;Un verdadero vagabundo por su cuenta, él entrena a Tom Sayer con él en numerosas aventuras en el río Mississippi.;https://es.wikipedia.org/wiki/Las_aventuras_de_Tom_Sawyer_(anime)
101;es;¿Qué objeto logra Gigi transformar en una mujer joven ?;Colgante;Sombrero;Paraguas;Cinturón;Confirmado;A los 12 años, Gigi es una princesa enviada a la Tierra por sus padres para dar esperanza a algunos humanos.;https://es.wikipedia.org/wiki/Las_aventuras_de_Gigi
102;es;¿Qué usa el goblin Tofffsy para saber si le dicen la verdad ?;Cesped musical;Diamante azul;Llave magica;Grimorio;Confirmado;El pequeño elfo de cabello amarillo siempre tiene ideas ingeniosas para ayudar a sus amigos que viven con él en el castillo de la condesa.;
103;es;¿Qué heroína de la serie de televisión de 10 años usa Omnitrix ?;Ben 10;Astro;Kenny;Yogi;Confirmado;El omnitrix es la pulsera que se sujeta a la muñeca y le permite mutilar en diez superpotencias.;https://es.wikipedia.org/wiki/Ben_10
104;es;HauntedCon qué objeto se comunica Sophie con Finot en Inspector Gadget ?;Ver;Telefono;Muñeca;Anillo;Confirmado;Ultra sofisticado, el reloj le ofrece a Sophie la oportunidad de hablar y ver a su perro para unirse para ayudar a Gadget.;https://es.wikipedia.org/wiki/Inspector_Gadget
105;es;¿Qué impulsa a Satanas y Diabolo a atrapar al mensajero de Zephyrin ?;Biplan;Cohete;Autobuses;Motocicleta;Confirmado;Tras el éxito del Fous du volant, Satanas y Diabolo continuaron sus aventuras en el aire.;https://es.wikipedia.org/wiki/El_escuadrón_diabólico
106;es;¿Por qué Calimero es el único pollito negro que lo rodea ?;El esta sucio;El esta enfermo;El esta furioso;Se quema;Confirmado;En 1961, Calimero fue la estrella de un anuncio de ropa italiana donde encontró su color original una vez limpio.;
107;es;¿Cuál es la particularidad de Yogi el Oso ?;Corbata y sombrero;Camisetas y chanclas;Gorra y pantalones cortos;Capa y medias;Confirmado;Viajando por el parque Jellystone con su amigo Boubou, él siempre está buscando comida.;https://es.wikipedia.org/wiki/Oso_Yogui
108;es;¿Qué animal es Saturnin, héroe de la serie creada por Jean Tourane ?;Un patito;Un mapache;Una cebra;Un elefante;Confirmado;El pequeño pájaro temperamental, cuyo mundo en miniatura es idéntico al de los humanos, comenzó su carrera en 1965.;https://es.wikipedia.org/wiki/Las_aventuras_de_Saturnino
109;es;¿Por qué proceso de animación fue creado el payaso Kiri ?;Marionetas;Plastilina;Cartulina de papel;Mosaicos;Confirmado;De ciudad en ciudad, su remolque conduce a sus compañeras Pip'lett, Laura, Ratibus y Bianca en muchas aventuras.;
110;es;¿Qué heroína de dibujos animados fue la estrella de Fleischer Studios con Popeye ?;Betty Boop;Manny;Dora marquez;Charlotte;Confirmado;Aparecida en 1930, la sensual morena es uno de los personajes animados emblemáticos del período de entreguerras.;https://es.wikipedia.org/wiki/Betty_Boop
111;es;¿Cuál es el canal juvenil cuyo lema ha sido La televisión que mueve a toda la familia ?;Gulli;HD1;Cstar;W9;Experto;En el lanzamiento de la TDT en Francia en 2005, el Grupo Lagardère y las Televisiones de Francia unieron fuerzas.;https://es.wikipedia.org/wiki/Gulli
112;es;¿Qué personajes están saltando en sus bolsillos ?;Popples;Cuidado osos;Entrechats;Tifins;Experto;A estas bolas de cabello les encanta divertirse y tener un bolsillo en la espalda que les permite sacar objetos inusuales.;
113;es;¿Qué serie animada de televisión es el joven Yugo el héroe ?;Wakfu;Code Lyoko;Molusco;Star Butterfly;Experto;Acompañado por sus cinco amigos, el niño intentará detener las ambiciones de Nox de volar la energía creativa del mundo.;https://es.wikipedia.org/wiki/Wakfu_(serie_de_televisión)
114;es;¿Quién es probablemente el sheriff más famoso del espacio ?;X-Or;Jiban;Bioman;Ulysses;Experto;Esta serie japonesa emitida en 1983 tiene al héroe Gordan que se convierte en X-Gold y pide transmutación.;https://es.wikipedia.org/wiki/Uch?_Keiji_Gavan
115;es;¿Cuál es el zorro y enemigo de Aglae y Sidonie ?;Croquetou;Agenor;Saturnin;Hugo;Experto;En la granja, la gallina Aglae el ganso Sidonie son ayudados por el gallo Agenor para disfrazar a Craquetou en menos de cinco minutos.;
116;es;¿Qué animal fue el Sr. Ed en la serie americana homónima para niños ?;Caballo;León;Ane;Búho;Experto;El Sr. Ed, el caballo parlante que pertenece al arquitecto Wilbur Post, usa este don en abundancia al decir todo lo que piensa.;https://es.wikipedia.org/wiki/Mister_Ed
117;es;¿Cuál es el trabajo de Picolo, un personaje creado para Radio-Canada ?;Pintor;Fontanero;Banquero;Panadero;Experto;Creado por Jean Image en 1963, Picolo recorre las calles de París en compañía de Picolette, su amante.;
118;es;¿Cuántos son los héroes de Les Petites Canailles que aparecieron en 1962 ?;Cinco;Seis;Siete;Ocho;Experto;Estos malditos muchachos con una personalidad diferente son Alfafa, Buck, Darla, Porky y Spanky.;https://es.wikipedia.org/wiki/Our_Gang
119;es;¿Cuál de estas caricaturas no fue producida por Hanna-Barbera ?;Calimero;Scoubidou;Captain Cavern;Los Picapiedra;Experto;La carrera de William Hanna y Joseph Barbera comenzó con Tom y Jerry para cine y MGM en 1940.;https://es.wikipedia.org/wiki/Hanna-Barbera
120;es;¿Qué animalito es Hamtaro en el manga creado por Ritsuko Kawai ?;Hámster;Caballo;Patito;Mapache;Experto;La caricatura está firmada por Ritsuko Kawai y apareció en las pantallas de Midi the zouzous de France 5 en 2003.;https://es.wikipedia.org/wiki/Hamtaro
121;it;Dove sono i due Astro Boosters il piccolo robot ?;Nei suoi piedi;Sotto le sue braccia;Nella parte posteriore;Alla vita;Newbie;Trasmesso dal 1963 sugli schermi giapponesi, il manga di Osamu Tezuka era già stato pubblicato per la prima volta nel 1952.;https://it.wikipedia.org/wiki/Astro_Boy
122;it;Chi non finisce di morire nelle prime stagioni di South Park ?;Kenny;Stan;Kyle;Eric;Newbie;Il ragazzino con il cappuccio arancione è lo zimbello di Cartman, uno dei quattro eroi dei cartoni animati di Trey Parker e Matt Stone.;https://it.wikipedia.org/wiki/Kenny_McCormick
123;it;Con quali ragazzi della sua band di solito fa squadra Scoubidou ?;Sammy;Fred;Roger;Logan;Newbie;Il detective era tornato presto, accompagnato da guest star come Batman e Robin o Laurel e Hardy.;https://it.wikipedia.org/wiki/Scooby-Doo_(personaggio)
124;it;Chi è il figlio maggiore della famiglia Simpson ?;Bart;Lisa;Maggie;Marge;Newbie;Fin dalla sua nascita nel 1989, il fumetto di Matt Groenig è stato un successo mondiale, tradotto nel grande schermo nel 2007.;https://it.wikipedia.org/wiki/I_Simpson
125;it;Che animale è il cappuccino, il piccolo compagno di Candy ?;Procione;Criceto;Chat;Coniglio;Newbie;La ragazza si ritrova all'orfanotrofio detenuto da Miss Pony e Candy si innamora del principe delle colline.;
126;it;Come descrivere la giostra di Margotte, Zebulon et Pollux ?;Incantato;Frequentato;Cerchiato;Spaventato;Newbie;La serie animata di Serge Danot è apparsa nel 1963 sul primo canale dell'ORTF.;
127;it;Chi è rotondo come un palloncino e più giallo di un limone ?;Pac-Man;Pengo;Digger;Fruttato;Newbie;Questo eroe è stato uno dei primi videogiochi a avere il suo cartone animato, prima di Super Mario Bros e Zelda.;https://it.wikipedia.org/wiki/Pac-Man
128;it;Quale picchio possiede la risata più riconoscibile della televisione ?;Woody Woodpecker;Oscar Rapace;Genere;Falco Lombardi;Newbie;L'uccellino con il piumino rosso, nato nel 1940 ma diffuso nel 1967, ha una risata originale firmata Mel Blanc.;https://it.wikipedia.org/wiki/Picchiarello
129;it;Quale film saga Clone Wars è ?;Star Wars;Star Trek;Harry Potter;Vorace;Newbie;Secondo la storia firmata George Lucas, la vignetta è stata prodotta a partire dal 2003, tra le versioni degli episodi 2 e 3.;https://it.wikipedia.org/wiki/Guerre_dei_cloni
130;it;Chi è il migliore amico di Tom Sayer a San Pietroburgo ?;Huckleberry Finn;Jim Hollis;Benjamin Rogers;Muff Potter;Newbie;Un vero vagabondo da solo, accompagna Tom Sayer con lui in numerose avventure sul fiume Mississippi.;https://it.wikipedia.org/wiki/Tom_Story
131;it;Quale oggetto Gigi riesce a trasformare in una giovane donna ?;Ciondolo;Cappello;Ombrello;Cintura;Confermato;12 anni, Gigi è una principessa inviata sulla Terra dai suoi genitori per dare speranza ad alcuni umani.;https://it.wikipedia.org/wiki/Il_magico_mondo_di_Gigì
132;it;Che cosa usa il folletto Tofffsy per sapere se gli dicono la verità ?;Erba musicale;Blue Diamond;Chiave magica;Grimorio;Confermato;Il piccolo elfo dai capelli gialli ha sempre idee geniali per aiutare i suoi amici che vivono con lui nel castello della contessa.;https://it.wikipedia.org/wiki/Tofffsy
133;it;Quale eroina della serie TV di 10 anni usa Omnitrix ?;Ben 10;Astro;Kenny;Yogi;Confermato;L'omnitrix è il braccialetto che si attacca al suo polso e gli consente di mutare in dieci superpoteri.;https://it.wikipedia.org/wiki/Ben_10
134;it;Con quale oggetto Sophie comunica con Finot in Inspector Gadget ?;Guarda;Telefono;Bambola;Anello;Confermato;Ultra-sofisticato, l'orologio offre a Sophie l'opportunità di parlare e vedere il suo cane venire insieme per aiutare Gadget.;https://it.wikipedia.org/wiki/L'ispettore_Gadget
135;it;Cosa stanno volando Satana e Diabolo per catturare il messaggero Zephyrin ?;Biplan;Rocket;Bus;Motocicletta;Confermato;Come risultato del successo di Fools del volante, Satanas e Diabolo hanno effettivamente continuato i loro voli in aria.;https://it.wikipedia.org/wiki/Dastardly_e_Muttley_e_le_macchine_volanti
136;it;Perché Calimero è l'unico pulcino nero che lo circonda ?;È sporco;È malato;È furioso;È bruciato;Confermato;Nel 1961, Calimero è stato il protagonista di una pubblicità per la lavanderia italiana dove ha trovato il suo colore originale una volta pulito.;https://it.wikipedia.org/wiki/Calimero
137;it;Qual è la particolarità di Yogi the Bear ?;Cravatta e cappello;Magliette e infradito;Berretto e pantaloncini;Mantella e calzamaglia;Confermato;Camminando nel parco di Jellystone con il suo amico Boubou, è sempre alla ricerca di cibo.;https://it.wikipedia.org/wiki/Orso_Yoghi
138;it;Quale animale è Saturnin, eroe della serie creata da Jean Tourane ?;Un anatroccolo;Un procione;Una zebra;Un elefante;Confermato;Il piccolo uccello temperamentale, il cui mondo in miniatura è identico a quello degli umani, ha iniziato la sua carriera nel 1965.;
139;it;Quale processo di animazione ha creato il pagliaccio Kiri ?;Burattini;Plastilina;Carta di cartone;Mosaici;Confermato;Di città in città, la sua roulotte guida i suoi compagni Pip'lett, Laura, Ratibus e Bianca in molte avventure.;
140;it;Quale eroina dei cartoni animati è stata la protagonista di Fleischer Studios con Popeye ?;Betty Boop;Manny;Dora Marquez;Charlotte;Confermato;Apparso nel 1930, la bruna sensuale è uno dei personaggi animati emblematici del periodo tra le due guerre.;https://it.wikipedia.org/wiki/Betty_Boop
141;it;Qual è il canale giovanile il cui motto è stato La TV che muove tutta la famiglia ?;Gulli;HD1;Cstar;W9;Expert;In occasione del lancio della DTT in Francia nel 2005, Lagardère e France Télévisions uniti.;https://it.wikipedia.org/wiki/Gulli
142;it;Quali personaggi stanno saltando in tasca ?;Popples;Care Bears;Entrechats;Tifins;Expert;Queste sfere di capelli amano divertirsi e avere una tasca nella parte posteriore che permette loro di tirare fuori oggetti insoliti.;https://it.wikipedia.org/wiki/Popples_(serie_animata)
143;it;Quale serie televisiva animata è il giovane Yugo l'eroe ?;Wakfu;Code Lyoko;Molusco;Star Butterfly;Expert;Accompagnato dai suoi cinque amici, il bambino cercherà di fermare le ambizioni di Nox che battono l'energia creativa del mondo.;https://it.wikipedia.org/wiki/Wakfu_(serie_animata)
144;it;Chi è probabilmente il più famoso sceriffo dello spazio ?;X-Or;Jiban;Bioman;Ulisse;Expert;Questa serie giapponese trasmessa nel 1983 ha per suo marito Gordan che si trasforma in X-Gold chiedendo la trasmutazione.;
145;it;Qual è la volpe e il nemico di Aglae e Sidonie ?;Croquetou;Agenor;Saturnin;Hugo;Expert;Nella fattoria, la scrofa Aglae e l'oca Sidonie sono aiutate dal gallo Agenor a travestire Craquetou in meno di cinque minuti.;
146;it;Quale animale era il signor Ed nella serie di nomi per bambini negli Stati Uniti ?;Cavallo;Leone;Ane;Gufo;Expert;Il signor Ed, il cavallo parlante che appartiene all'architetto Wilbur Post, usa questo dono in abbondanza dicendo tutto ciò che pensa.;https://it.wikipedia.org/wiki/Mister_Ed,_il_mulo_parlante
147;it;Qual è il lavoro di Picolo, un personaggio creato per Radio-Canada ?;Pittore;Idraulico;Banchiere;Baker;Expert;Creato da Jean Image nel 1963, Picolo viaggia per le strade di Parigi in compagnia di Picolette, il suo amante.;
148;it;Quanti sono gli eroi delle Petites Canailles apparsi nel 1962 ?;Cinque;Sei;Sette;Otto;Expert;Questi ragazzi sacri con una personalità molto diversa si chiamano Alfafa, Buck, Darla, Porky e Spanky.;https://it.wikipedia.org/wiki/Simpatiche_canaglie
149;it;Quale di questi cartoni non è stato prodotto da Hanna-Barbera ?;Calimero;Scoubidou;Captain Cavern;The Flintstones;Expert;La carriera di William Hanna e Joseph Barbera è iniziata con Tom e Jerry per il film e MGM nel 1940.;https://it.wikipedia.org/wiki/Hanna-Barbera
150;it;Quale piccolo animale è Hamtaro nel manga creato da Ritsuko Kawai ?;Criceto;Cavallo;Anatroccolo;Procione;Expert;Il cartone è firmato Ritsuko Kawai e apparso sugli schermi di Midi the zouzous di France 5 nel 2003.;https://it.wikipedia.org/wiki/Hamtaro
151;nl;Waar zijn de twee Astro boosters de kleine robot ?;In zijn voeten;Onder zijn armen;Aan de achterkant;In de taille;Newbie;Uitgezonden sinds 1963 op Japanse schermen, de manga van Osamu Tezuka was al voor het eerst gepubliceerd in 1952.;https://nl.wikipedia.org/wiki/Astroboy
152;nl;Wie eindigt niet met sterven in de eerste seizoenen van South Park ?;Kenny;Stan;Kyle;Eric;Newbie;De kleine jongen met de oranje kap is de spot van Cartman, een van de vier cartoonhelden van Trey Parker en Matt Stone.;https://nl.wikipedia.org/wiki/Kenny_McCormick
153;nl;Met welke jongens van zijn band maakt hij meestal Scoubidou-team ?;Sammy;Fred;Roger;Logan;Newbie;De recherchehond was snel terug, vergezeld door gaststerren als Batman en Robin of Laurel en Hardy.;https://nl.wikipedia.org/wiki/Scooby-Doo_(personage)
154;nl;Wie is het oudste kind van de Simpson-familie ?;Bart;Lisa;Maggie;Marge;Newbie;Sinds de oprichting in 1989 is de cartoon van Matt Groenig een wereldwijd succes geworden, vertaald naar het grote scherm in 2007.;https://nl.wikipedia.org/wiki/The_Simpsons
155;nl;Welk dier is kapucijn, het kleine vriendje van Candy ?;Raccoon;Hamster;Chat;Konijn;Newbie;Het meisje belandt in het weeshuis van Miss Pony en Candy wordt verliefd op de prins van de heuvels.;
156;nl;Hoe de draaimolen van Margotte, Zebulon et Pollux, te beschrijven ?;Enchanted;Spookt;Omcirkeld;Bang gemaakt;Newbie;De animatieserie van Serge Danot verscheen in 1963 op het eerste kanaal van de ORTF.;https://nl.wikipedia.org/wiki/Minimolen
157;nl;Wie is er rond als een ballon en meer geel dan een citroen ?;Pac-Man;Pengo;Digger;Fruitig;Newbie;Deze held was een van de eerste videospelsterren die zijn eigen cartoon had, vóór Super Mario Bros en Zelda.;https://nl.wikipedia.org/wiki/Pac-Man
158;nl;Welke specht bezit de meest herkenbare lach van televisie ?;Woody Woodpecker;Oscar Rapace;Geslacht;Falco Lombardi;Newbie;Het kleine vogeltje met de rode trekwolk, geboren in 1940 maar verspreid in 1967, heeft een originele lach ondertekend door Mel Blanc.;https://nl.wikipedia.org/wiki/Woody_Woodpecker
159;nl;Welke filmverhalen Clone Wars is het ?;Star Wars;Star Trek;Harry Potter;Vraatzucht;Newbie;Volgens het verhaal ondertekend George Lucas, werd de cartoon geproduceerd vanaf 2003, tussen de releases van afleveringen 2 en 3.;https://nl.wikipedia.org/wiki/Kloonoorlogen
160;nl;Wie is de beste vriend van Tom Sayer in St. Petersburg ?;Huckleberry Finn;Jim Hollis;Benjamin Rogers;Muff Potter;Newbie;Hij is een echte zwerver en coacht Tom Sayer met hem op talloze avonturen op de Mississippi.;https://nl.wikipedia.org/wiki/De_avonturen_van_Tom_Sawyer_(anime)
161;nl;Welk object weet Gigi om te zetten in een jonge vrouw ?;Hanger;Hoed;Paraplu;Riem;Bevestigd;Op 12-jarige leeftijd is Gigi een prinses die door haar ouders naar de aarde is gestuurd om hoop te geven aan sommige mensen.;
162;nl;Wat gebruikt de goblin Tofffsy om te weten of ze hem de waarheid vertellen ?;Muzikaal gras;Blue Diamond;Magic Key;Grimoire;Bevestigd;De kleine geelharige elf heeft altijd ingenieuze ideeën om zijn vrienden te helpen die bij hem wonen in het kasteel van de gravin.;
163;nl;Welke 10-jarige tv-serieheldin gebruikt Omnitrix ?;Ben 10;Astro;Kenny;Yogi;Bevestigd;De omnitrix is de armband die hij aan zijn pols bevestigt en laat hem muteren in tien superkrachten.;https://nl.wikipedia.org/wiki/Ben_10
164;nl;Met welk doel communiceert Sophie met Finot in Inspector Gadget ?;Kijk;Telefoon;Doll;Ring;Bevestigd;Ultra-verfijnd, het horloge biedt Sophie de mogelijkheid om te praten en haar hond te zien samenkomen om Gadget te helpen.;https://nl.wikipedia.org/wiki/Inspector_Gadget
165;nl;Wat vliegen Satanas en Diabolo om de Zephyrin-boodschapper te vangen ?;Biplan;Rocket;Bussen;Motorfiets;Bevestigd;Als resultaat van het succes van Fools of the wheel hebben Satanas en Diabolo inderdaad hun vluchten in de lucht voortgezet.;
166;nl;Waarom is Calimero de enige zwarte chick om hem heen ?;Hij is vies;Hij is ziek;Hij is woedend;Hij is verbrand;Bevestigd;In 1961 was Calimero de ster van een advertentie voor Italiaanse was, waar hij zijn oorspronkelijke kleur terugkreeg na het schoonmaken.;
167;nl;Wat is de bijzonderheid van Yogi the Bear ?;Stropdas en hoed;T-shirts en flip-flops;Pet en korte broek;Cape en panty's;Bevestigd;Reizend door Jellystone Park met zijn vriend Boubou, hij is altijd op jacht naar voedsel.;https://nl.wikipedia.org/wiki/Yogi_Bear
168;nl;Welk dier is Saturnin, heldin van de serie gemaakt door Jean Tourane ?;Een eendje;Een wasbeer;Een zebra;Een olifant;Bevestigd;De kleine temperamentvolle vogel, wiens miniatuurwereld identiek is aan die van mensen, begon zijn carrière in 1965.;
169;nl;Door welk animatieproces is de Kiri-clown gemaakt ?;Puppets;Plasticine;Kartonnen papier;Mozaïek;Bevestigd;Van stad tot stad rijdt zijn trailer Pip'lett, Laura, Ratibus en Bianca in vele avonturen.;
170;nl;Welke cartoonheldin was de ster van Fleischer Studios met Popeye ?;Betty Boop;Manny;Dora Marquez;Charlotte;Bevestigd;Verscheen in 1930, de sensuele brunette is een van de emblematische geanimeerde karakters van de inter-oorlogsperiode.;https://nl.wikipedia.org/wiki/Betty_Boop
171;nl;Wat is de jongerenzender met de slogan De tv die het hele gezin beweegt ?;Gulli;HD1;Cstar;W9;Expert;Bij de lancering van DTT in Frankrijk in 2005 hebben de Lagardère Group en France Televisions hun krachten gebundeld.;
172;nl;Welke karakters springen in hun zakken ?;Popples;Troetelbeertjes;Entrechats;Tifins;Expert;Deze haarballen houden ervan om plezier te hebben en hebben een zak achterin waarmee ze ongebruikelijke objecten naar voren kunnen brengen.;
173;nl;Welke geanimeerde televisieshow is de jonge Yugo de held ?;Wakfu;Code Lyoko;Molusco;Star Butterfly;Expert;Vergezeld door zijn vijf vrienden zal het kind proberen de ambities van Nox te stoppen die de creatieve energie van de wereld overspoelen.;https://nl.wikipedia.org/wiki/Wakfu_(televisieserie)
174;nl;Wie is waarschijnlijk het beroemdste ruimteschip ?;X-Or;Jiban;Bioman;Ulysses;Expert;Deze Japanse serie uitgezonden in 1983 heeft voor haar man Gordan die verandert in X-Gold om transmutatie.;https://nl.wikipedia.org/wiki/Uchu_Keiji_Gavan
175;nl;Wat is de vos en vijand van Aglae en Sidonie ?;Croquetou;Agenor;Saturnin;Hugo;Expert;Op de boerderij, zaaien Aglaé en gans Sidonie worden geholpen door haan Agénor om Craquetou in minder dan vijf minuten te ontmaskeren.;
176;nl;Welk dier was meneer Ed in de Amerikaanse kindernamenreeks ?;Paard;Leeuw;Ane;Owl;Expert;Mr. Ed, het pratende paard dat toebehoort aan de architect Wilbur Post, gebruikt dit geschenk in overvloed door alles te zeggen wat hij denkt.;https://nl.wikipedia.org/wiki/Mister_Ed
177;nl;Wat is het werk van Picolo, een personage gemaakt voor Radio-Canada ?;Schilder;Loodgieter;Bankier;Baker;Expert;Gemaakt door Jean Image in 1963, reist Picolo door de straten van Parijs in het gezelschap van Picolette, zijn geliefde.;
178;nl;Hoeveel zijn de helden van de Petites Canailles verschenen in 1962 ?;Vijf;Zes;Seven;Acht;Expert;Deze verdomde jongens met een andere persoonlijkheid zijn Alfafa, Buck, Darla, Porky en Spanky.;https://nl.wikipedia.org/wiki/Our_Gang
179;nl;Welke van deze cartoons werd niet geproduceerd door Hanna-Barbera ?;Calimero;Scoubidou;Captain Cavern;The Flintstones;Expert;De carrière van William Hanna en Joseph Barbera begon met Tom en Jerry voor film en MGM in 1940.;https://nl.wikipedia.org/wiki/Hanna-Barbera
180;nl;Welk klein beestje is Hamtaro in de manga gemaakt door Ritsuko Kawai ?;Hamster;Paard;Eendje;Raccoon;Expert;De cartoon is ondertekend Ritsuko Kawai en verscheen op de schermen van Midi zouzous van France 5 in 2003.;https://nl.wikipedia.org/wiki/Hamtaro