{
  "fournisseur": "OpenQuizzDB - Fournisseur de contenu libre (https://www.openquizzdb.org)",
  "rédacteur": "Philippe Bresoux",
  "thème": "Jeunesse et dessins animés (Souvenirs, souvenirs)",
  "difficulté": 3,
  "quizz": {
    "fr": [
      {
      "débutant": [
      {
        "id": 1,
        "question": "Où sont placés les deux propulseurs d'Astro le petit robot ?",
        "propositions": [
          "Dans ses pieds",
          "Sous ses bras",
          "Dans le dos",
          "À la ceinture"
        ],
        "réponse": "Dans ses pieds",
        "anecdote": "Diffusé depuis 1963 sur les écrans Japonais, le manga d'Osamu Tezuka avait déjà été publié pour la première fois en 1952."
      },
      {
        "id": 2,
        "question": "Qui n'en finit plus de mourir dans les premières saisons de South Park ?",
        "propositions": [
          "Stan",
          "Kenny",
          "Eric",
          "Kyle"
        ],
        "réponse": "Kenny",
        "anecdote": "Le petit garçon à la capuche orange est la risée de Cartman, l'un des quatre héros du dessin animé de Trey Parker et Matt Stone."
      },
      {
        "id": 3,
        "question": "Avec lequel des garçons de sa bande fait habituellement équipe Scoubidou ?",
        "propositions": [
          "Sammy",
          "Logan",
          "Roger",
          "Fred"
        ],
        "réponse": "Sammy",
        "anecdote": "Le chien détective a rapidement été de retour, accompagné de guest-stars comme Batman et Robin ou Laurel et Hardy."
      },
      {
        "id": 4,
        "question": "Qui est le plus âgé des enfants de la famille Simpson ?",
        "propositions": [
          "Bart",
          "Maggie",
          "Lisa",
          "Marge"
        ],
        "réponse": "Bart",
        "anecdote": "Depuis sa création en 1989, le dessin animé de Matt Groenig rencontre un succès mondial, traduit sur grand écran en 2007."
      },
      {
        "id": 5,
        "question": "Quel animal est Capucin, le petit compagnon de Candy ?",
        "propositions": [
          "Lapin",
          "Hamster",
          "Raton laveur",
          "Chat"
        ],
        "réponse": "Raton laveur",
        "anecdote": "La jeune fille se retrouve à l'orphelinat tenu par Mademoiselle Pony, et Candy tombe amoureuse du prince des collines."
      },
      {
        "id": 6,
        "question": "Comment qualifier le manège de Margotte, Zébulon et Pollux ?",
        "propositions": [
          "Hanté",
          "Embrumé",
          "Encerclé",
          "Enchanté"
        ],
        "réponse": "Enchanté",
        "anecdote": "La série d'animation de Serge Danot est apparue en 1963 sur la première chaîne de l'ORTF. En 2005, une version 3D a été diffusée."
      },
      {
        "id": 7,
        "question": "Qui est rond comme un ballon et plus jaune qu'un citron ?",
        "propositions": [
          "Pac-Man",
          "Digger",
          "Fruity",
          "Pengo"
        ],
        "réponse": "Pac-Man",
        "anecdote": "Ce héros a été l'une des premières vedettes de jeu vidéo à avoir son propre dessin animé, avant Super Mario Bros et Zelda."
      },
      {
        "id": 8,
        "question": "Quel pivert possède le rire le plus reconnaissable de la télévision ?",
        "propositions": [
          "Oscar Rapace",
          "Falco Lombardi",
          "Woody Woodpecker",
          "Génius"
        ],
        "réponse": "Woody Woodpecker",
        "anecdote": "Le petit oiseau à la houpette rouge, né en 1940 mais diffusé en 1967, a un rire original signé Mel Blanc."
      },
      {
        "id": 9,
        "question": "De quelle saga cinématographique 'Clone Wars' est-il dérivé ?",
        "propositions": [
          "Star Wars",
          "Star Trek",
          "Harry Potter",
          "Voraces"
        ],
        "réponse": "Star Wars",
        "anecdote": "D'après l'histoire signée George Lucas, le dessin animé a été produit à partir de 2003, entre les sorties des épisodes 2 et 3."
      },
      {
        "id": 10,
        "question": "Qui est le meilleur ami de Tom Sayer à Saint-Petersburg ?",
        "propositions": [
          "Muff Potter",
          "Benjamin Rogers",
          "Huckleberry Finn",
          "Jim Hollis"
        ],
        "réponse": "Huckleberry Finn",
        "anecdote": "Véritable vagabond livré à lui-même, il entraîne Tom Sayer avec lui dans de nombreuses aventures sur les bords du Mississippi."
      }
    ],
    "confirmé": [
      {
        "id": 11,
        "question": "Grâce à quel objet Gigi arrive-t-elle à se transformer en jeune femme ?",
        "propositions": [
          "Parapluie",
          "Chapeau",
          "Ceinture",
          "Pendentif"
        ],
        "réponse": "Pendentif",
        "anecdote": "Âgée de 12 ans, Gigi est une princesse envoyée sur Terre par ses parents pour redonner de l'espoir à certains humains."
      },
      {
        "id": 12,
        "question": "Qu'utilise le lutin Tofffsy pour savoir si on lui dit la vérité ?",
        "propositions": [
          "Herbe musicale",
          "Grimoire",
          "Diamant bleu",
          "Clé magique"
        ],
        "réponse": "Herbe musicale",
        "anecdote": "Le petit lutin à la chevelure jaune a toujours d'ingénieuses idées pour aider ses amis qui vivent avec lui au château de la comtesse."
      },
      {
        "id": 13,
        "question": "Quel jeune héros de série télé âgé de 10 ans utilise l'Omnitrix ?",
        "propositions": [
          "Ben 10",
          "Astro",
          "Yogi",
          "Kenny"
        ],
        "réponse": "Ben 10",
        "anecdote": "L'omnitrix est le bracelet qu'il fixe à son poignet et qui lui permet de se métamorphoser en dix héros aux super-pouvoirs."
      },
      {
        "id": 14,
        "question": "Grâce à quel objet Sophie communique-t-elle avec Finot dans 'Inspecteur Gadget' ?",
        "propositions": [
          "Bague",
          "Montre",
          "Poupée",
          "Téléphone"
        ],
        "réponse": "Montre",
        "anecdote": "Ultra-sophistiquée, la montre offre à Sophie la possibilité de parler et de voir son chien pour venir ensemble en aide à Gadget."
      },
      {
        "id": 15,
        "question": "Que pilotent Satanas et Diabolo pour attraper le messager Zéphyrin ?",
        "propositions": [
          "Fusée",
          "Autobus",
          "Biplan",
          "Moto"
        ],
        "réponse": "Biplan",
        "anecdote": "A la suite du succès des 'Fous du volant', Satanas et Diabolo ont en effet poursuivi leurs péripéties dans les airs."
      },
      {
        "id": 16,
        "question": "Pour quelle raison Calimero est-il le seul poussin de couleur noire autour de lui ?",
        "propositions": [
          "Il est brûlé",
          "Il est sale",
          "Il est malade",
          "Il est furieux"
        ],
        "réponse": "Il est sale",
        "anecdote": "En 1961, Calimero était la star d'une publicité pour la lessive italienne où il retrouvait sa couleur d'origine une fois nettoyé."
      },
      {
        "id": 17,
        "question": "Quelle est la particularité vestimentaire de Yogi l'ours ?",
        "propositions": [
          "Cravate et chapeau",
          "Tee-shirt et tongs",
          "Casquette et short",
          "Cape et collants"
        ],
        "réponse": "Cravate et chapeau",
        "anecdote": "Évoluant dans le parc de Jellystone en compagnie de son ami Boubou, il est toujours en quête de nourriture."
      },
      {
        "id": 18,
        "question": "Quel animal est Saturnin, héros de la série créée par Jean Tourane ?",
        "propositions": [
          "Un caneton",
          "Un zèbre",
          "Un éléphant",
          "Un raton laveur"
        ],
        "réponse": "Un caneton",
        "anecdote": "Le petit volatile caractériel, dont le monde miniature est à l'identique celui des humains, a démarré sa carrière en 1965."
      },
      {
        "id": 19,
        "question": "Par quel procédé d'animation le clown Kiri a-t-il été créé ?",
        "propositions": [
          "Papier carton",
          "Mosaïques",
          "Marionnettes",
          "Plasticine"
        ],
        "réponse": "Marionnettes",
        "anecdote": "De ville en ville, sa roulotte entraîne ses compagnons Pip'lett, Laura, Ratibus et Bianca dans de nombreuses aventures."
      },
      {
        "id": 20,
        "question": "Quelle héroïne de dessin animé a été la star des studios Fleischer avec Popeye ?",
        "propositions": [
          "Betty Boop",
          "Dora Marquez",
          "Charlotte",
          "Manny"
        ],
        "réponse": "Betty Boop",
        "anecdote": "Apparue en 1930, la sensuelle brunette est un des personnages animés emblématiques de l'entre-deux-guerres."
      }
    ],
    "expert": [
      {
        "id": 21,
        "question": "Quelle est la chaîne jeunesse dont le slogan a été 'La télé qui remue toute la famille' ?",
        "propositions": [
          "Gulli",
          "Cstar",
          "W9",
          "HD1"
        ],
        "réponse": "Gulli",
        "anecdote": "Lors du lancement de la TNT en France, en 2005, le groupe Lagardère et France Televisions se sont associés."
      },
      {
        "id": 22,
        "question": "Quels personnages sautillent en s'engouffrant dans leur poche ?",
        "propositions": [
          "Bisounours",
          "Entrechats",
          "Tifins",
          "Popples"
        ],
        "réponse": "Popples",
        "anecdote": "Ces boules de poils adorent s'amuser et possèdent une poche dans le dos qui leur permet de faire sortir des objets insolites."
      },
      {
        "id": 23,
        "question": "De quelle série télévisée d'animation le jeune Yugo est-il le héros ?",
        "propositions": [
          "Code Lyoko",
          "Wakfu",
          "Molusco",
          "Star Butterfly"
        ],
        "réponse": "Wakfu",
        "anecdote": "Accompagné de ses cinq amis, l'enfant va tenter d'arrêter les ambitions du Nox volant l'énergie créatrice du monde."
      },
      {
        "id": 24,
        "question": "Qui est probablement le plus célèbre shérif de l'espace ?",
        "propositions": [
          "Ulysse",
          "Bioman",
          "X-Or",
          "Jiban"
        ],
        "réponse": "X-Or",
        "anecdote": "Cette série japonaise diffusée en 1983 a pour héros Gordan qui se transforme en X-Or en demandant sa transmutation."
      },
      {
        "id": 25,
        "question": "Comment se nomme le renard et ennemi d'Aglaé et Sidonie ?",
        "propositions": [
          "Agénor",
          "Hugo",
          "Croquetou",
          "Saturnin"
        ],
        "réponse": "Croquetou",
        "anecdote": "Dans la ferme, la truie Aglaé et l'oie Sidonie sont aidées par le coq Agénor pour démasquer Craquetou en moins de cinq minutes."
      },
      {
        "id": 26,
        "question": "Quel animal était Monsieur Ed dans la série éponyme américaine destinée aux enfants ?",
        "propositions": [
          "Cheval",
          "Ane",
          "Lion",
          "Hibou"
        ],
        "réponse": "Cheval",
        "anecdote": "Monsieur Ed, le cheval parlant qui appartient à l'architecte Wilbur Post, utilise ce don à foison en disant tout ce qu'il pense."
      },
      {
        "id": 27,
        "question": "Quel est le métier de Picolo, personnage créé pour Radio-Canada ?",
        "propositions": [
          "Peintre",
          "Banquier",
          "Plombier",
          "Boulanger"
        ],
        "réponse": "Peintre",
        "anecdote": "Créé par jean Image en 1963, Picolo parcourt les rues de Paris en compagnie de Picolette, son amoureuse."
      },
      {
        "id": 28,
        "question": "Combien sont les héros des Petites Canailles apparues en 1962 ?",
        "propositions": [
          "Cinq",
          "Huit",
          "Sept",
          "Six"
        ],
        "réponse": "Cinq",
        "anecdote": "Ces sacrés garnements à la personnalité bien différente ont pour nom Alfafa, Buck, Darla, Porky et Spanky."
      },
      {
        "id": 29,
        "question": "Lequel de ces dessins animés n'a pas été produit par Hanna-Barbera ?",
        "propositions": [
          "Les Pierrafeu",
          "Capitaine Caverne",
          "Calimero",
          "Scoubidou"
        ],
        "réponse": "Calimero",
        "anecdote": "La carrière de William Hanna et Joseph Barbera a démarré avec Tom et Jerry pour le cinéma et la MGM en 1940."
      },
      {
        "id": 30,
        "question": "Quel petit animal est Hamtaro dans le manga créé par Ritsuko Kawai ?",
        "propositions": [
          "Raton laveur",
          "Cheval",
          "Caneton",
          "Hamster"
        ],
        "réponse": "Hamster",
        "anecdote": "Le dessin animé est signé Ritsuko Kawai et est apparu sur les écrans de 'Midi les zouzous' de France 5 en 2003."
      }
      ]
      }
    ],
    "en": [
    {
      "débutant": [
      {
        "id": 1,
        "question": "Where are the two Astro boosters the little robot ?",
        "propositions": [
          "Under his arms",
          "In the back",
          "In his feet",
          "At the waist"
        ],
        "réponse": "In his feet",
        "anecdote": "Broadcast since 1963 on Japanese screens, the manga of Osamu Tezuka had already been published for the first time in 1952."
      },
      {
        "id": 2,
        "question": "Who does not finish dying in the first seasons of South Park ?",
        "propositions": [
          "Kenny",
          "Kyle",
          "Stan",
          "Eric"
        ],
        "réponse": "Kenny",
        "anecdote": "The little boy with the orange hood is the laughingstock of Cartman, one of four cartoon heroes of Trey Parker and Matt Stone."
      },
      {
        "id": 3,
        "question": "With which boys of his band usually makes Scoubidou team ?",
        "propositions": [
          "Fred",
          "Roger",
          "Logan",
          "Sammy"
        ],
        "réponse": "Sammy",
        "anecdote": "The detective dog was soon back, accompanied by guest-stars like Batman and Robin or Laurel and Hardy."
      },
      {
        "id": 4,
        "question": "Who is the oldest child of the Simpson family ?",
        "propositions": [
          "Lisa",
          "Bart",
          "Marge",
          "Maggie"
        ],
        "réponse": "Bart",
        "anecdote": "Since its inception in 1989, Matt Groenig's cartoon has been a worldwide success, translated to big screen in 2007."
      },
      {
        "id": 5,
        "question": "What animal is Capuchin, Candy's little mate ?",
        "propositions": [
          "Hamster",
          "Rabbit",
          "Raccoon",
          "Chat"
        ],
        "réponse": "Raccoon",
        "anecdote": "The girl finds herself at the orphanage held by Miss Pony, and Candy falls in love with the prince of the hills."
      },
      {
        "id": 6,
        "question": "How to describe Margotte's merry-go-round, Zebulon et Pollux ?",
        "propositions": [
          "Haunted",
          "Encircled",
          "Frightened",
          "Enchanted"
        ],
        "réponse": "Enchanted",
        "anecdote": "The animation series of Serge Danot appeared in 1963 on the first channel of the ORTF."
      },
      {
        "id": 7,
        "question": "Who is round like a balloon and more yellow than a lemon ?",
        "propositions": [
          "Digger",
          "Pengo",
          "Pac-Man",
          "Fruity"
        ],
        "réponse": "Pac-Man",
        "anecdote": "This hero was one of the first video game stars to have his own cartoon, before Super Mario Bros and Zelda."
      },
      {
        "id": 8,
        "question": "Which woodpecker possesses the most recognizable laugh of television ?",
        "propositions": [
          "Genus",
          "Woody Woodpecker",
          "Falco Lombardi",
          "Oscar Rapace"
        ],
        "réponse": "Woody Woodpecker",
        "anecdote": "The little bird with the red puff, born in 1940 but diffused in 1967, has an original laugh signed Mel Blanc."
      },
      {
        "id": 9,
        "question": "Which film saga 'Clone Wars' is it ?",
        "propositions": [
          "Star Wars",
          "Voracious",
          "Harry Potter",
          "Star Trek"
        ],
        "réponse": "Star Wars",
        "anecdote": "According to the story signed George Lucas, the cartoon was produced from 2003, between the releases of episodes 2 and 3."
      },
      {
        "id": 10,
        "question": "Who is Tom Sayer's best friend in St. Petersburg ?",
        "propositions": [
          "Muff Potter",
          "Huckleberry Finn",
          "Benjamin Rogers",
          "Jim Hollis"
        ],
        "réponse": "Huckleberry Finn",
        "anecdote": "A true wanderer on his own, he coaches Tom Sayer with him on numerous adventures on the Mississippi River."
      }
    ],
    "confirmé": [
      {
        "id": 11,
        "question": "What object does Gigi manage to transform into a young woman ?",
        "propositions": [
          "Belt",
          "Hat",
          "Umbrella",
          "Pendant"
        ],
        "réponse": "Pendant",
        "anecdote": "Aged 12, Gigi is a princess sent to Earth by her parents to give hope to some humans."
      },
      {
        "id": 12,
        "question": "What does the goblin Tofffsy use to know if they tell him the truth ?",
        "propositions": [
          "Magic Key",
          "Musical grass",
          "Grimoire",
          "Blue Diamond"
        ],
        "réponse": "Musical grass",
        "anecdote": "The little yellow-haired elf has always ingenious ideas to help his friends who live with him at the castle of the countess."
      },
      {
        "id": 13,
        "question": "Which 10-year-old TV series heroine uses Omnitrix ?",
        "propositions": [
          "Astro",
          "Yogi",
          "Kenny",
          "Ben 10"
        ],
        "réponse": "Ben 10",
        "anecdote": "The omnitrix is the bracelet he attaches to his wrist and allows him to mutamage into ten superpower heres."
      },
      {
        "id": 14,
        "question": "With what object Sophie communicates with Finot in 'Inspector Gadget' ?",
        "propositions": [
          "Ring",
          "Doll",
          "Watch",
          "Phone"
        ],
        "réponse": "Watch",
        "anecdote": "Ultra-sophisticated, the watch offers Sophie the opportunity to talk and see her dog to come together to help Gadget."
      },
      {
        "id": 15,
        "question": "What are Satanas and Diabolo flying to catch the Zephyrin messenger ?",
        "propositions": [
          "Rocket",
          "Biplan",
          "Motorcycle",
          "Buses"
        ],
        "réponse": "Biplan",
        "anecdote": "As a result of the success of 'Fools of the steering wheel', Satanas and Diabolo have indeed continued their flights in the air."
      },
      {
        "id": 16,
        "question": "Why is Calimero the only black chick around him ?",
        "propositions": [
          "He is sick",
          "He is burned",
          "He is furious",
          "He is dirty"
        ],
        "réponse": "He is dirty",
        "anecdote": "In 1961, Calimero was the star of an advertisement for Italian laundry where he recovered his original color once cleaned."
      },
      {
        "id": 17,
        "question": "What is the particularity of Yogi the Bear ?",
        "propositions": [
          "T-shirts and flip-flops",
          "Cape and tights",
          "Cap and shorts",
          "Tie and hat"
        ],
        "réponse": "Tie and hat",
        "anecdote": "Traveling through Jellystone Park with his friend Boubou, he is always on the hunt for food."
      },
      {
        "id": 18,
        "question": "Which animal is Saturnin, heroine of the series created by Jean Tourane ?",
        "propositions": [
          "An elephant",
          "A raccoon",
          "A duckling",
          "A zebra"
        ],
        "réponse": "A duckling",
        "anecdote": "The characteristic small bird, whose miniature world is identical to that of humans, began his career in 1965."
      },
      {
        "id": 19,
        "question": "What animating process did the Kiri clown create ?",
        "propositions": [
          "Mosaics",
          "Cardboard paper",
          "Plasticine",
          "Puppets"
        ],
        "réponse": "Puppets",
        "anecdote": "From city to city, his trailer drives his companions Pip'lett, Laura, Ratibus and Bianca in many adventures."
      },
      {
        "id": 20,
        "question": "What cartoon heroine was the star of Fleischer Studios with Popeye ?",
        "propositions": [
          "Dora Marquez",
          "Manny",
          "Betty Boop",
          "Charlotte"
        ],
        "réponse": "Betty Boop",
        "anecdote": "Appeared in 1930, the sensual brunette is one of the emblematic animated characters of the inter-war period."
      }
    ],
    "expert": [
      {
        "id": 21,
        "question": "What is the youth channel whose slogan was 'The TV that moves the whole family' ?",
        "propositions": [
          "W9",
          "Cstar",
          "Gulli",
          "HD1"
        ],
        "réponse": "Gulli",
        "anecdote": "At the launch of DTT in France in 2005, the Lagardère Group and France Televisions joined forces."
      },
      {
        "id": 22,
        "question": "Which characters are jumping in their pockets ?",
        "propositions": [
          "Tifins",
          "Care Bears",
          "Entrechats",
          "Popples"
        ],
        "réponse": "Popples",
        "anecdote": "These balls of hair love to have fun and have a pocket in the back that allows them to bring out unusual objects."
      },
      {
        "id": 23,
        "question": "What animated television show is young Yugo the hero ?",
        "propositions": [
          "Star Butterfly",
          "Code Lyoko",
          "Molusco",
          "Wakfu"
        ],
        "réponse": "Wakfu",
        "anecdote": "Accompanied by his five friends, the child will try to stop the ambitions of Nox flying the world's creative energy."
      },
      {
        "id": 24,
        "question": "Who is probably the most famous space shrine ?",
        "propositions": [
          "Ulysses",
          "Jiban",
          "X-Or",
          "Bioman"
        ],
        "réponse": "X-Or",
        "anecdote": "This Japanese series broadcast in 1983 has for her husband Gordan who turns into X-Gold asking for transmutation."
      },
      {
        "id": 25,
        "question": "What is the fox and enemy of Aglae and Sidonie ?",
        "propositions": [
          "Croquetou",
          "Agenor",
          "Hugo",
          "Saturnin"
        ],
        "réponse": "Croquetou",
        "anecdote": "In the farm, the sow Aglae and the goose Sidonie are helped by the rooster Agenor to disguise Craquetou in less than five minutes."
      },
      {
        "id": 26,
        "question": "What animal was Mr. Ed in the US children's name series ?",
        "propositions": [
          "Owl",
          "Lion",
          "Ane",
          "Horse"
        ],
        "réponse": "Horse",
        "anecdote": "Mr. Ed, the talking horse that belongs to the architect Wilbur Post, uses this gift galore by saying everything he thinks."
      },
      {
        "id": 27,
        "question": "What is the work of Picolo, a character created for Radio-Canada ?",
        "propositions": [
          "Banker",
          "Baker",
          "Painter",
          "Plumber"
        ],
        "réponse": "Painter",
        "anecdote": "Created by Jean Image in 1963, Picolo travels the streets of Paris in the company of Picolette, his lover."
      },
      {
        "id": 28,
        "question": "How many are the heroes of the Petites Canailles appeared in 1962 ?",
        "propositions": [
          "Five",
          "Six",
          "Seven",
          "Eight"
        ],
        "réponse": "Five",
        "anecdote": "These damn boys with a different personality are Alfafa, Buck, Darla, Porky and Spanky."
      },
      {
        "id": 29,
        "question": "Which of these cartoons was not produced by Hanna-Barbera ?",
        "propositions": [
          "Scoubidou",
          "Calimero",
          "Captain Cavern",
          "The Flintstones"
        ],
        "réponse": "Calimero",
        "anecdote": "The career of William Hanna and Joseph Barbera began with Tom and Jerry for the film and MGM in 1940."
      },
      {
        "id": 30,
        "question": "What little animal is Hamtaro in the manga created by Ritsuko Kawai ?",
        "propositions": [
          "Raccoon",
          "Hamster",
          "Horse",
          "Duckling"
        ],
        "réponse": "Hamster",
        "anecdote": "The cartoon is signed Ritsuko Kawai and appeared on the screens of 'Midi zouzous' of France 5 in 2003."
      }
      ]
      }
    ],
    "de": [
    {
      "débutant": [
      {
        "id": 1,
        "question": "Wo sind die beiden Astro-Booster der kleine Roboter ?",
        "propositions": [
          "In seinen Füßen",
          "In der Taille",
          "Hinten",
          "Unter seinen Armen"
        ],
        "réponse": "In seinen Füßen",
        "anecdote": "Der Manga von Osamu Tezuka wurde seit 1963 auf japanischen Leinwänden ausgestrahlt und war bereits 1952 zum ersten Mal veröffentlicht worden."
      },
      {
        "id": 2,
        "question": "Wer endet nicht in den ersten Staffeln von South Park zu sterben ?",
        "propositions": [
          "Stan",
          "Kenny",
          "Kyle",
          "Eric"
        ],
        "réponse": "Kenny",
        "anecdote": "Der kleine Junge mit der orangefarbenen Kapuze ist der Lachstock von Cartman, einer von vier Comic-Helden von Trey Parker und Matt Stone."
      },
      {
        "id": 3,
        "question": "Mit welchen Jungs seiner Band bildet Scoubidou normalerweise ein Team ?",
        "propositions": [
          "Roger",
          "Fred",
          "Sammy",
          "Logan"
        ],
        "réponse": "Sammy",
        "anecdote": "Der Detektivhund war bald zurück, begleitet von Gaststars wie Batman und Robin oder Laurel und Hardy."
      },
      {
        "id": 4,
        "question": "Wer ist das älteste Kind der Simpson-Familie ?",
        "propositions": [
          "Lisa",
          "Bart",
          "Marge",
          "Maggie"
        ],
        "réponse": "Bart",
        "anecdote": "Seit seiner Gründung im Jahr 1989 ist der Zeichentrickfilm von Matt Groenig ein weltweiter Erfolg, der 2007 auf große Leinwand übertragen wurde."
      },
      {
        "id": 5,
        "question": "Welches Tier ist Kapuziner, Candys kleiner Kumpel ?",
        "propositions": [
          "Waschbär",
          "Kaninchen",
          "Hamster",
          "Chat"
        ],
        "réponse": "Waschbär",
        "anecdote": "Das Mädchen findet sich im Waisenhaus von Fräulein Pony wieder, und Candy verliebt sich in den Prinzen der Hügel."
      },
      {
        "id": 6,
        "question": "Wie beschreibt man Margottes Karussell, Zebulon et Pollux ?",
        "propositions": [
          "Verzaubert",
          "Eingekreist",
          "Ängstlich",
          "Frequentiert"
        ],
        "réponse": "Verzaubert",
        "anecdote": "Die Animationsserie von Serge Danot erschien 1963 auf dem ersten Kanal der ORTF."
      },
      {
        "id": 7,
        "question": "Wer ist rund wie ein Ballon und gelber als eine Zitrone ?",
        "propositions": [
          "Pac-Man",
          "Fruchtig",
          "Digger",
          "Pengo"
        ],
        "réponse": "Pac-Man",
        "anecdote": "Dieser Held war einer der ersten Videospielstars, der vor Super Mario Bros und Zelda einen eigenen Cartoon hatte."
      },
      {
        "id": 8,
        "question": "Welcher Specht besitzt das erkennbarste Lachen des Fernsehens ?",
        "propositions": [
          "Oscar Rapace",
          "Waldspecht",
          "Gattung",
          "Falco Lombardi"
        ],
        "réponse": "Waldspecht",
        "anecdote": "Der kleine Vogel mit dem roten Hauch, geboren 1940, aber diffus 1967, hat ein originelles Lachen von Mel Blanc."
      },
      {
        "id": 9,
        "question": "Welche Filmsage 'Clone Wars' ist das ?",
        "propositions": [
          "Star Trek",
          "Star Wars",
          "Unersättlich",
          "Harry Potter"
        ],
        "réponse": "Star Wars",
        "anecdote": "Laut der mit George Lucas unterzeichneten Geschichte wurde der Cartoon ab 2003 zwischen den Veröffentlichungen der Episoden 2 und 3 produziert."
      },
      {
        "id": 10,
        "question": "Wer ist Tom Sayers bester Freund in St. Petersburg ?",
        "propositions": [
          "Huckleberry Finn",
          "Benjamin Rogers",
          "Jim Hollis",
          "Muff Potter"
        ],
        "réponse": "Huckleberry Finn",
        "anecdote": "Er ist ein echter Wanderer und coacht Tom Sayer bei zahlreichen Abenteuern am Mississippi."
      }
    ],
    "confirmé": [
      {
        "id": 11,
        "question": "Welches Objekt schafft es Gigi, sich in eine junge Frau zu verwandeln ?",
        "propositions": [
          "Gürtel",
          "Hut",
          "Regenschirm",
          "Anhänger"
        ],
        "réponse": "Anhänger",
        "anecdote": "Gigi, 12 Jahre alt, ist eine Prinzessin, die von ihren Eltern auf die Erde geschickt wurde, um einigen Menschen Hoffnung zu geben."
      },
      {
        "id": 12,
        "question": "Was wissen die Kobolde Tofffsy, wenn sie ihm die Wahrheit sagen ?",
        "propositions": [
          "Musikalisches Gras",
          "Blauer Diamant",
          "Grimoire",
          "Magischer Schlüssel"
        ],
        "réponse": "Musikalisches Gras",
        "anecdote": "Der kleine gelbhaarige Elf hat immer raffinierte Ideen, um seinen Freunden zu helfen, die mit ihm auf der Burg der Gräfin leben."
      },
      {
        "id": 13,
        "question": "Welche 10-jährige TV-Heldin verwendet Omnitrix ?",
        "propositions": [
          "Ben 10",
          "Kenny",
          "Astro",
          "Yogi"
        ],
        "réponse": "Ben 10",
        "anecdote": "Das Omnitrix ist das Armband, das er an seinem Handgelenk befestigt, und ermöglicht ihm, sich in zehn Supermachthirnen zu verwandeln."
      },
      {
        "id": 14,
        "question": "HauntedWas Objekt kommuniziert Sophie mit Finot in 'Inspector Gadget' ?",
        "propositions": [
          "Puppe",
          "Telefon",
          "Watch",
          "Ring"
        ],
        "réponse": "Watch",
        "anecdote": "Die Uhr ist hochentwickelt und bietet Sophie die Gelegenheit, zu sprechen und ihren Hund zusammen zu sehen, um Gadget zu helfen."
      },
      {
        "id": 15,
        "question": "Was fliegen Satanas und Diabolo, um den Zephyrin-Boten zu fangen ?",
        "propositions": [
          "Biplan",
          "Rakete",
          "Busse",
          "Motorrad"
        ],
        "réponse": "Biplan",
        "anecdote": "Infolge des Erfolgs von 'Dummköpfen des Lenkrads' haben Satanas und Diabolo tatsächlich ihre Flüge in der Luft fortgesetzt."
      },
      {
        "id": 16,
        "question": "Warum ist Calimero das einzige Schwarze, das ihn umgibt ?",
        "propositions": [
          "Er ist krank",
          "Er ist verbrannt",
          "Er ist schmutzig",
          "Er ist wütend"
        ],
        "réponse": "Er ist schmutzig",
        "anecdote": "Im Jahr 1961 war Calimero der Star einer Werbung für italienische Wäsche, in der er einmal seine ursprüngliche Farbe gefunden hatte."
      },
      {
        "id": 17,
        "question": "Was ist die Besonderheit des Bären Yogi ?",
        "propositions": [
          "Mütze und Shorts",
          "Cape und Strumpfhosen",
          "T-Shirts und Flip-Flops",
          "Krawatte und Hut"
        ],
        "réponse": "Krawatte und Hut",
        "anecdote": "Er reist mit seinem Freund Boubou durch den Jellystone Park und ist immer auf der Jagd nach Essen."
      },
      {
        "id": 18,
        "question": "Welches Tier ist Saturnin, Heldin der von Jean Tourane kreierten Serie ?",
        "propositions": [
          "Ein Zebra",
          "Ein Waschbär",
          "Ein Entlein",
          "Ein Elefant"
        ],
        "réponse": "Ein Entlein",
        "anecdote": "Der charakteristische kleine Vogel, dessen Miniaturwelt mit der des Menschen identisch ist, begann seine Karriere 1965."
      },
      {
        "id": 19,
        "question": "Welchen Animationsprozess hat der Kiri-Clown geschaffen ?",
        "propositions": [
          "Mosaiken",
          "Knetmasse",
          "Kartonpapier",
          "Marionetten"
        ],
        "réponse": "Marionetten",
        "anecdote": "Von Stadt zu Stadt fährt sein Anhänger seine Gefährten Pip'lett, Laura, Ratibus und Bianca in vielen Abenteuern."
      },
      {
        "id": 20,
        "question": "Welche Comic-Heldin war der Star der Fleischer Studios mit Popeye ?",
        "propositions": [
          "Betty Boop",
          "Charlotte",
          "Dora Marquez",
          "Manny"
        ],
        "réponse": "Betty Boop",
        "anecdote": "Die sinnliche Brünette, die 1930 auf den Markt kam, ist eine der emblematischen Zeichentrickfiguren der Zwischenkriegszeit."
      }
    ],
    "expert": [
      {
        "id": 21,
        "question": "Was ist der Jugendkanal mit dem Slogan 'Der Fernseher, der die ganze Familie bewegt' ?",
        "propositions": [
          "W9",
          "HD1",
          "Cstar",
          "Gulli"
        ],
        "réponse": "Gulli",
        "anecdote": "Bei der Einführung von DTT in Frankreich im Jahr 2005 schlossen sich die Lagardère-Gruppe und France Televisions zusammen."
      },
      {
        "id": 22,
        "question": "Welche Charaktere springen in die Tasche ?",
        "propositions": [
          "Popples",
          "Entrechats",
          "Glücksbärchis",
          "Tifins"
        ],
        "réponse": "Popples",
        "anecdote": "Diese Haarballen lieben es, Spaß zu haben und haben eine Tasche im Rücken, in der sie ungewöhnliche Objekte hervorbringen können."
      },
      {
        "id": 23,
        "question": "Welche animierte Fernsehserie ist der junge Held Yugo ?",
        "propositions": [
          "Sternfalter",
          "Wakfu",
          "Code Lyoko",
          "Molusco"
        ],
        "réponse": "Wakfu",
        "anecdote": "Begleitet von seinen fünf Freunden wird das Kind versuchen, die Ambitionen von Nox zu stoppen, die die schöpferische Energie der Welt fliegen."
      },
      {
        "id": 24,
        "question": "Wer ist wahrscheinlich der berühmteste Sheriff des Weltraums ?",
        "propositions": [
          "Bioman",
          "X-Or",
          "Ulysses",
          "Jiban"
        ],
        "réponse": "X-Or",
        "anecdote": "Diese japanische Serie, die 1983 ausgestrahlt wurde, betrifft ihren Ehemann Gordan, der sich in X-Gold verwandelt und um Transmutation bittet."
      },
      {
        "id": 25,
        "question": "Was ist der Fuchs und Feind von Aglae und Sidonie ?",
        "propositions": [
          "Saturnin",
          "Agenor",
          "Croquetou",
          "Hugo"
        ],
        "réponse": "Croquetou",
        "anecdote": "In der Farm säen Aglaé und Gans Sidonie. Sie werden von Hahn Agénor geholfen, Craquetou in weniger als fünf Minuten zu demaskieren."
      },
      {
        "id": 26,
        "question": "Welches Tier war Mr. Ed in der gleichnamigen amerikanischen Serie für Kinder ?",
        "propositions": [
          "Löwe",
          "Pferd",
          "Ane",
          "Eule"
        ],
        "réponse": "Pferd",
        "anecdote": "Mr. Ed, das sprechende Pferd des Architekten Wilbur Post, verwendet dieses Geschenk in Hülle und Fülle, indem er alles sagt, was er denkt."
      },
      {
        "id": 27,
        "question": "Was ist die Aufgabe von Picolo, einer Figur, die für Radio-Canada geschaffen wurde ?",
        "propositions": [
          "Klempner",
          "Bankier",
          "Maler",
          "Baker"
        ],
        "réponse": "Maler",
        "anecdote": "Picolo wurde 1963 von Jean Image gegründet und reist in Begleitung seines geliebten Picolette durch Paris."
      },
      {
        "id": 28,
        "question": "Wie viele Helden der Petites Canailles sind 1962 erschienen ?",
        "propositions": [
          "Acht",
          "Sechs",
          "Sieben",
          "Fünf"
        ],
        "réponse": "Fünf",
        "anecdote": "Diese heiligen Jungen mit einer ganz anderen Persönlichkeit heißen Alfafa, Buck, Darla, Porky und Spanky."
      },
      {
        "id": 29,
        "question": "Welche dieser Cartoons wurde nicht von Hanna-Barbera produziert ?",
        "propositions": [
          "Captain Cavern",
          "Scoubidou",
          "Calimero",
          "Die Flintstones"
        ],
        "réponse": "Calimero",
        "anecdote": "Die Karriere von William Hanna und Joseph Barbera begann 1940 mit Tom und Jerry für Film und MGM."
      },
      {
        "id": 30,
        "question": "Welches Tier ist Hamtaro in dem von Ritsuko Kawai entwickelten Manga ?",
        "propositions": [
          "Waschbär",
          "Entlein",
          "Hamster",
          "Pferd"
        ],
        "réponse": "Hamster",
        "anecdote": "Die Karikatur ist mit Ritsuko Kawai signiert und erschien 2003 auf den Bildschirmen von 'Midi zouzous' von France 5."
      }
      ]
      }
    ],
    "es": [
    {
      "débutant": [
      {
        "id": 1,
        "question": "¿Dónde están los dos refuerzos de Astro, el pequeño robot ?",
        "propositions": [
          "En la espalda",
          "En sus pies",
          "En la cintura",
          "Bajo sus brazos"
        ],
        "réponse": "En sus pies",
        "anecdote": "Transmitido desde 1963 en pantallas japonesas, el manga de Osamu Tezuka ya se había publicado por primera vez en 1952."
      },
      {
        "id": 2,
        "question": "¿Quién no termina de morir en las primeras temporadas de South Park ?",
        "propositions": [
          "Kyle",
          "Stan",
          "Eric",
          "Kenny"
        ],
        "réponse": "Kenny",
        "anecdote": "El niño pequeño con la capucha naranja es el hazmerreír de Cartman, uno de los cuatro héroes de dibujos animados de Trey Parker y Matt Stone."
      },
      {
        "id": 3,
        "question": "¿Con qué chicos de su banda suele hacer equipo Scoubidou ?",
        "propositions": [
          "Fred",
          "Sammy",
          "Logan",
          "Roger"
        ],
        "réponse": "Sammy",
        "anecdote": "El perro detective regresó pronto, acompañado por estrellas invitadas como Batman y Robin o Laurel y Hardy."
      },
      {
        "id": 4,
        "question": "¿Quién es el hijo mayor de la familia Simpson ?",
        "propositions": [
          "Lisa",
          "Maggie",
          "Bart",
          "Marge"
        ],
        "réponse": "Bart",
        "anecdote": "Desde su creación en 1989, la caricatura de Matt Groenig ha sido un éxito mundial, traducida a la pantalla grande en 2007."
      },
      {
        "id": 5,
        "question": "¿Qué animal es Capuchino, la pequeña compañera de Candy ?",
        "propositions": [
          "Chatear",
          "Hámster",
          "Conejo",
          "Mapache"
        ],
        "réponse": "Mapache",
        "anecdote": "La niña se encuentra en el orfanato de Miss Pony, y Candy se enamora del príncipe de las colinas."
      },
      {
        "id": 6,
        "question": "¿Cómo describir el tiovivo de Margotte, Zebolon et Pollux ?",
        "propositions": [
          "Encantada",
          "Embrujado",
          "Rodeado",
          "Asustado"
        ],
        "réponse": "Encantada",
        "anecdote": "La serie de animación de Serge Danot apareció en 1963 en el primer canal de la ORTF."
      },
      {
        "id": 7,
        "question": "¿Quién es redondo como un globo y más amarillo que un limón ?",
        "propositions": [
          "Pac-Man",
          "Pengo",
          "Excavadora",
          "Afrutado"
        ],
        "réponse": "Pac-Man",
        "anecdote": "Este héroe fue una de las primeras estrellas de videojuegos en tener su propia caricatura, antes de Super Mario Bros y Zelda."
      },
      {
        "id": 8,
        "question": "¿Qué pájaro carpintero posee la risa más reconocible de la televisión ?",
        "propositions": [
          "Woody Woodpecker",
          "Falco Lombardi",
          "Genus",
          "Oscar Rapace"
        ],
        "réponse": "Woody Woodpecker",
        "anecdote": "El pajarito con el soplo rojo, nacido en 1940 pero difundido en 1967, tiene una risa original firmada por Mel Blanc."
      },
      {
        "id": 9,
        "question": "¿Qué saga de cine 'Clone Wars' es ?",
        "propositions": [
          "Voraz",
          "Star Trek",
          "Harry Potter",
          "Star Wars"
        ],
        "réponse": "Star Wars",
        "anecdote": "Según la historia firmada por George Lucas, la caricatura se produjo a partir de 2003, entre los lanzamientos de los episodios 2 y 3."
      },
      {
        "id": 10,
        "question": "¿Quién es el mejor amigo de Tom Sayer en San Petersburgo ?",
        "propositions": [
          "Jim Hollis",
          "Benjamin Rogers",
          "Huckleberry Finn",
          "Muff Potter"
        ],
        "réponse": "Huckleberry Finn",
        "anecdote": "Un verdadero vagabundo por su cuenta, él entrena a Tom Sayer con él en numerosas aventuras en el río Mississippi."
      }
    ],
    "confirmé": [
      {
        "id": 11,
        "question": "¿Qué objeto logra Gigi transformar en una mujer joven ?",
        "propositions": [
          "Paraguas",
          "Cinturón",
          "Sombrero",
          "Colgante"
        ],
        "réponse": "Colgante",
        "anecdote": "A los 12 años, Gigi es una princesa enviada a la Tierra por sus padres para dar esperanza a algunos humanos."
      },
      {
        "id": 12,
        "question": "¿Qué usa el goblin Tofffsy para saber si le dicen la verdad ?",
        "propositions": [
          "Cesped musical",
          "Grimorio",
          "Llave magica",
          "Diamante azul"
        ],
        "réponse": "Cesped musical",
        "anecdote": "El pequeño elfo de cabello amarillo siempre tiene ideas ingeniosas para ayudar a sus amigos que viven con él en el castillo de la condesa."
      },
      {
        "id": 13,
        "question": "¿Qué heroína de la serie de televisión de 10 años usa Omnitrix ?",
        "propositions": [
          "Kenny",
          "Ben 10",
          "Astro",
          "Yogi"
        ],
        "réponse": "Ben 10",
        "anecdote": "El omnitrix es la pulsera que se sujeta a la muñeca y le permite mutilar en diez superpotencias."
      },
      {
        "id": 14,
        "question": "HauntedCon qué objeto se comunica Sophie con Finot en 'Inspector Gadget' ?",
        "propositions": [
          "Telefono",
          "Muñeca",
          "Anillo",
          "Ver"
        ],
        "réponse": "Ver",
        "anecdote": "Ultra sofisticado, el reloj le ofrece a Sophie la oportunidad de hablar y ver a su perro para unirse para ayudar a Gadget."
      },
      {
        "id": 15,
        "question": "¿Qué impulsa a Satanas y Diabolo a atrapar al mensajero de Zephyrin ?",
        "propositions": [
          "Cohete",
          "Motocicleta",
          "Biplan",
          "Autobuses"
        ],
        "réponse": "Biplan",
        "anecdote": "Tras el éxito del 'Fous du volant', Satanas y Diabolo continuaron sus aventuras en el aire."
      },
      {
        "id": 16,
        "question": "¿Por qué Calimero es el único pollito negro que lo rodea ?",
        "propositions": [
          "Se quema",
          "El esta furioso",
          "El esta sucio",
          "El esta enfermo"
        ],
        "réponse": "El esta sucio",
        "anecdote": "En 1961, Calimero fue la estrella de un anuncio de ropa italiana donde encontró su color original una vez limpio."
      },
      {
        "id": 17,
        "question": "¿Cuál es la particularidad de Yogi el Oso ?",
        "propositions": [
          "Camisetas y chanclas",
          "Gorra y pantalones cortos",
          "Corbata y sombrero",
          "Capa y medias"
        ],
        "réponse": "Corbata y sombrero",
        "anecdote": "Viajando por el parque Jellystone con su amigo Boubou, él siempre está buscando comida."
      },
      {
        "id": 18,
        "question": "¿Qué animal es Saturnin, héroe de la serie creada por Jean Tourane ?",
        "propositions": [
          "Un patito",
          "Un elefante",
          "Un mapache",
          "Una cebra"
        ],
        "réponse": "Un patito",
        "anecdote": "El pequeño pájaro temperamental, cuyo mundo en miniatura es idéntico al de los humanos, comenzó su carrera en 1965."
      },
      {
        "id": 19,
        "question": "¿Por qué proceso de animación fue creado el payaso Kiri ?",
        "propositions": [
          "Marionetas",
          "Mosaicos",
          "Cartulina de papel",
          "Plastilina"
        ],
        "réponse": "Marionetas",
        "anecdote": "De ciudad en ciudad, su remolque conduce a sus compañeras Pip'lett, Laura, Ratibus y Bianca en muchas aventuras."
      },
      {
        "id": 20,
        "question": "¿Qué heroína de dibujos animados fue la estrella de Fleischer Studios con Popeye ?",
        "propositions": [
          "Charlotte",
          "Dora marquez",
          "Manny",
          "Betty Boop"
        ],
        "réponse": "Betty Boop",
        "anecdote": "Aparecida en 1930, la sensual morena es uno de los personajes animados emblemáticos del período de entreguerras."
      }
    ],
    "expert": [
      {
        "id": 21,
        "question": "¿Cuál es el canal juvenil cuyo lema ha sido 'La televisión que mueve a toda la familia' ?",
        "propositions": [
          "HD1",
          "W9",
          "Cstar",
          "Gulli"
        ],
        "réponse": "Gulli",
        "anecdote": "En el lanzamiento de la TDT en Francia en 2005, el Grupo Lagardère y las Televisiones de Francia unieron fuerzas."
      },
      {
        "id": 22,
        "question": "¿Qué personajes están saltando en sus bolsillos ?",
        "propositions": [
          "Tifins",
          "Cuidado osos",
          "Popples",
          "Entrechats"
        ],
        "réponse": "Popples",
        "anecdote": "A estas bolas de cabello les encanta divertirse y tener un bolsillo en la espalda que les permite sacar objetos inusuales."
      },
      {
        "id": 23,
        "question": "¿Qué serie animada de televisión es el joven Yugo el héroe ?",
        "propositions": [
          "Code Lyoko",
          "Molusco",
          "Star Butterfly",
          "Wakfu"
        ],
        "réponse": "Wakfu",
        "anecdote": "Acompañado por sus cinco amigos, el niño intentará detener las ambiciones de Nox de volar la energía creativa del mundo."
      },
      {
        "id": 24,
        "question": "¿Quién es probablemente el sheriff más famoso del espacio ?",
        "propositions": [
          "Bioman",
          "Ulysses",
          "X-Or",
          "Jiban"
        ],
        "réponse": "X-Or",
        "anecdote": "Esta serie japonesa emitida en 1983 tiene al héroe Gordan que se convierte en X-Gold y pide transmutación."
      },
      {
        "id": 25,
        "question": "¿Cuál es el zorro y enemigo de Aglae y Sidonie ?",
        "propositions": [
          "Croquetou",
          "Hugo",
          "Agenor",
          "Saturnin"
        ],
        "réponse": "Croquetou",
        "anecdote": "En la granja, la gallina Aglae el ganso Sidonie son ayudados por el gallo Agenor para disfrazar a Craquetou en menos de cinco minutos."
      },
      {
        "id": 26,
        "question": "¿Qué animal fue el Sr. Ed en la serie americana homónima para niños ?",
        "propositions": [
          "Búho",
          "León",
          "Ane",
          "Caballo"
        ],
        "réponse": "Caballo",
        "anecdote": "El Sr. Ed, el caballo parlante que pertenece al arquitecto Wilbur Post, usa este don en abundancia al decir todo lo que piensa."
      },
      {
        "id": 27,
        "question": "¿Cuál es el trabajo de Picolo, un personaje creado para Radio-Canada ?",
        "propositions": [
          "Panadero",
          "Pintor",
          "Banquero",
          "Fontanero"
        ],
        "réponse": "Pintor",
        "anecdote": "Creado por Jean Image en 1963, Picolo recorre las calles de París en compañía de Picolette, su amante."
      },
      {
        "id": 28,
        "question": "¿Cuántos son los héroes de Les Petites Canailles que aparecieron en 1962 ?",
        "propositions": [
          "Cinco",
          "Siete",
          "Ocho",
          "Seis"
        ],
        "réponse": "Cinco",
        "anecdote": "Estos malditos muchachos con una personalidad diferente son Alfafa, Buck, Darla, Porky y Spanky."
      },
      {
        "id": 29,
        "question": "¿Cuál de estas caricaturas no fue producida por Hanna-Barbera ?",
        "propositions": [
          "Scoubidou",
          "Los Picapiedra",
          "Captain Cavern",
          "Calimero"
        ],
        "réponse": "Calimero",
        "anecdote": "La carrera de William Hanna y Joseph Barbera comenzó con Tom y Jerry para cine y MGM en 1940."
      },
      {
        "id": 30,
        "question": "¿Qué animalito es Hamtaro en el manga creado por Ritsuko Kawai ?",
        "propositions": [
          "Mapache",
          "Caballo",
          "Hámster",
          "Patito"
        ],
        "réponse": "Hámster",
        "anecdote": "La caricatura está firmada por Ritsuko Kawai y apareció en las pantallas de 'Midi the zouzous' de France 5 en 2003."
      }
      ]
      }
    ],
    "it": [
    {
      "débutant": [
      {
        "id": 1,
        "question": "Dove sono i due Astro Boosters il piccolo robot ?",
        "propositions": [
          "Nella parte posteriore",
          "Alla vita",
          "Nei suoi piedi",
          "Sotto le sue braccia"
        ],
        "réponse": "Nei suoi piedi",
        "anecdote": "Trasmesso dal 1963 sugli schermi giapponesi, il manga di Osamu Tezuka era già stato pubblicato per la prima volta nel 1952."
      },
      {
        "id": 2,
        "question": "Chi non finisce di morire nelle prime stagioni di South Park ?",
        "propositions": [
          "Kenny",
          "Stan",
          "Eric",
          "Kyle"
        ],
        "réponse": "Kenny",
        "anecdote": "Il ragazzino con il cappuccio arancione è lo zimbello di Cartman, uno dei quattro eroi dei cartoni animati di Trey Parker e Matt Stone."
      },
      {
        "id": 3,
        "question": "Con quali ragazzi della sua band di solito fa squadra Scoubidou ?",
        "propositions": [
          "Sammy",
          "Logan",
          "Roger",
          "Fred"
        ],
        "réponse": "Sammy",
        "anecdote": "Il detective era tornato presto, accompagnato da guest star come Batman e Robin o Laurel e Hardy."
      },
      {
        "id": 4,
        "question": "Chi è il figlio maggiore della famiglia Simpson ?",
        "propositions": [
          "Marge",
          "Lisa",
          "Bart",
          "Maggie"
        ],
        "réponse": "Bart",
        "anecdote": "Fin dalla sua nascita nel 1989, il fumetto di Matt Groenig è stato un successo mondiale, tradotto nel grande schermo nel 2007."
      },
      {
        "id": 5,
        "question": "Che animale è il cappuccino, il piccolo compagno di Candy ?",
        "propositions": [
          "Coniglio",
          "Procione",
          "Chat",
          "Criceto"
        ],
        "réponse": "Procione",
        "anecdote": "La ragazza si ritrova all'orfanotrofio detenuto da Miss Pony e Candy si innamora del principe delle colline."
      },
      {
        "id": 6,
        "question": "Come descrivere la giostra di Margotte, Zebulon et Pollux ?",
        "propositions": [
          "Frequentato",
          "Spaventato",
          "Cerchiato",
          "Incantato"
        ],
        "réponse": "Incantato",
        "anecdote": "La serie animata di Serge Danot è apparsa nel 1963 sul primo canale dell'ORTF."
      },
      {
        "id": 7,
        "question": "Chi è rotondo come un palloncino e più giallo di un limone ?",
        "propositions": [
          "Pengo",
          "Digger",
          "Fruttato",
          "Pac-Man"
        ],
        "réponse": "Pac-Man",
        "anecdote": "Questo eroe è stato uno dei primi videogiochi a avere il suo cartone animato, prima di Super Mario Bros e Zelda."
      },
      {
        "id": 8,
        "question": "Quale picchio possiede la risata più riconoscibile della televisione ?",
        "propositions": [
          "Falco Lombardi",
          "Genere",
          "Oscar Rapace",
          "Woody Woodpecker"
        ],
        "réponse": "Woody Woodpecker",
        "anecdote": "L'uccellino con il piumino rosso, nato nel 1940 ma diffuso nel 1967, ha una risata originale firmata Mel Blanc."
      },
      {
        "id": 9,
        "question": "Quale film saga 'Clone Wars' è ?",
        "propositions": [
          "Star Wars",
          "Star Trek",
          "Vorace",
          "Harry Potter"
        ],
        "réponse": "Star Wars",
        "anecdote": "Secondo la storia firmata George Lucas, la vignetta è stata prodotta a partire dal 2003, tra le versioni degli episodi 2 e 3."
      },
      {
        "id": 10,
        "question": "Chi è il migliore amico di Tom Sayer a San Pietroburgo ?",
        "propositions": [
          "Muff Potter",
          "Benjamin Rogers",
          "Jim Hollis",
          "Huckleberry Finn"
        ],
        "réponse": "Huckleberry Finn",
        "anecdote": "Un vero vagabondo da solo, accompagna Tom Sayer con lui in numerose avventure sul fiume Mississippi."
      }
    ],
    "confirmé": [
      {
        "id": 11,
        "question": "Quale oggetto Gigi riesce a trasformare in una giovane donna ?",
        "propositions": [
          "Ciondolo",
          "Cappello",
          "Ombrello",
          "Cintura"
        ],
        "réponse": "Ciondolo",
        "anecdote": "12 anni, Gigi è una principessa inviata sulla Terra dai suoi genitori per dare speranza ad alcuni umani."
      },
      {
        "id": 12,
        "question": "Che cosa usa il folletto Tofffsy per sapere se gli dicono la verità ?",
        "propositions": [
          "Grimorio",
          "Blue Diamond",
          "Erba musicale",
          "Chiave magica"
        ],
        "réponse": "Erba musicale",
        "anecdote": "Il piccolo elfo dai capelli gialli ha sempre idee geniali per aiutare i suoi amici che vivono con lui nel castello della contessa."
      },
      {
        "id": 13,
        "question": "Quale eroina della serie TV di 10 anni usa Omnitrix ?",
        "propositions": [
          "Yogi",
          "Ben 10",
          "Kenny",
          "Astro"
        ],
        "réponse": "Ben 10",
        "anecdote": "L'omnitrix è il braccialetto che si attacca al suo polso e gli consente di mutare in dieci superpoteri."
      },
      {
        "id": 14,
        "question": "Con quale oggetto Sophie comunica con Finot in 'Inspector Gadget' ?",
        "propositions": [
          "Bambola",
          "Anello",
          "Telefono",
          "Guarda"
        ],
        "réponse": "Guarda",
        "anecdote": "Ultra-sofisticato, l'orologio offre a Sophie l'opportunità di parlare e vedere il suo cane venire insieme per aiutare Gadget."
      },
      {
        "id": 15,
        "question": "Cosa stanno volando Satana e Diabolo per catturare il messaggero Zephyrin ?",
        "propositions": [
          "Motocicletta",
          "Rocket",
          "Bus",
          "Biplan"
        ],
        "réponse": "Biplan",
        "anecdote": "Come risultato del successo di 'Fools del volante', Satanas e Diabolo hanno effettivamente continuato i loro voli in aria."
      },
      {
        "id": 16,
        "question": "Perché Calimero è l'unico pulcino nero che lo circonda ?",
        "propositions": [
          "È sporco",
          "È bruciato",
          "È furioso",
          "È malato"
        ],
        "réponse": "È sporco",
        "anecdote": "Nel 1961, Calimero è stato il protagonista di una pubblicità per la lavanderia italiana dove ha trovato il suo colore originale una volta pulito."
      },
      {
        "id": 17,
        "question": "Qual è la particolarità di Yogi the Bear ?",
        "propositions": [
          "Cravatta e cappello",
          "Magliette e infradito",
          "Mantella e calzamaglia",
          "Berretto e pantaloncini"
        ],
        "réponse": "Cravatta e cappello",
        "anecdote": "Camminando nel parco di Jellystone con il suo amico Boubou, è sempre alla ricerca di cibo."
      },
      {
        "id": 18,
        "question": "Quale animale è Saturnin, eroe della serie creata da Jean Tourane ?",
        "propositions": [
          "Un procione",
          "Un anatroccolo",
          "Una zebra",
          "Un elefante"
        ],
        "réponse": "Un anatroccolo",
        "anecdote": "Il piccolo uccello temperamentale, il cui mondo in miniatura è identico a quello degli umani, ha iniziato la sua carriera nel 1965."
      },
      {
        "id": 19,
        "question": "Quale processo di animazione ha creato il pagliaccio Kiri ?",
        "propositions": [
          "Burattini",
          "Carta di cartone",
          "Mosaici",
          "Plastilina"
        ],
        "réponse": "Burattini",
        "anecdote": "Di città in città, la sua roulotte guida i suoi compagni Pip'lett, Laura, Ratibus e Bianca in molte avventure."
      },
      {
        "id": 20,
        "question": "Quale eroina dei cartoni animati è stata la protagonista di Fleischer Studios con Popeye ?",
        "propositions": [
          "Manny",
          "Betty Boop",
          "Dora Marquez",
          "Charlotte"
        ],
        "réponse": "Betty Boop",
        "anecdote": "Apparso nel 1930, la bruna sensuale è uno dei personaggi animati emblematici del periodo tra le due guerre."
      }
    ],
    "expert": [
      {
        "id": 21,
        "question": "Qual è il canale giovanile il cui motto è stato 'La TV che muove tutta la famiglia' ?",
        "propositions": [
          "Cstar",
          "Gulli",
          "W9",
          "HD1"
        ],
        "réponse": "Gulli",
        "anecdote": "In occasione del lancio della DTT in Francia nel 2005, Lagardère e France Télévisions uniti."
      },
      {
        "id": 22,
        "question": "Quali personaggi stanno saltando in tasca ?",
        "propositions": [
          "Entrechats",
          "Tifins",
          "Care Bears",
          "Popples"
        ],
        "réponse": "Popples",
        "anecdote": "Queste sfere di capelli amano divertirsi e avere una tasca nella parte posteriore che permette loro di tirare fuori oggetti insoliti."
      },
      {
        "id": 23,
        "question": "Quale serie televisiva animata è il giovane Yugo l'eroe ?",
        "propositions": [
          "Code Lyoko",
          "Wakfu",
          "Star Butterfly",
          "Molusco"
        ],
        "réponse": "Wakfu",
        "anecdote": "Accompagnato dai suoi cinque amici, il bambino cercherà di fermare le ambizioni di Nox che battono l'energia creativa del mondo."
      },
      {
        "id": 24,
        "question": "Chi è probabilmente il più famoso sceriffo dello spazio ?",
        "propositions": [
          "X-Or",
          "Jiban",
          "Bioman",
          "Ulisse"
        ],
        "réponse": "X-Or",
        "anecdote": "Questa serie giapponese trasmessa nel 1983 ha per suo marito Gordan che si trasforma in X-Gold chiedendo la trasmutazione."
      },
      {
        "id": 25,
        "question": "Qual è la volpe e il nemico di Aglae e Sidonie ?",
        "propositions": [
          "Hugo",
          "Saturnin",
          "Croquetou",
          "Agenor"
        ],
        "réponse": "Croquetou",
        "anecdote": "Nella fattoria, la scrofa Aglae e l'oca Sidonie sono aiutate dal gallo Agenor a travestire Craquetou in meno di cinque minuti."
      },
      {
        "id": 26,
        "question": "Quale animale era il signor Ed nella serie di nomi per bambini negli Stati Uniti ?",
        "propositions": [
          "Ane",
          "Gufo",
          "Leone",
          "Cavallo"
        ],
        "réponse": "Cavallo",
        "anecdote": "Il signor Ed, il cavallo parlante che appartiene all'architetto Wilbur Post, usa questo dono in abbondanza dicendo tutto ciò che pensa."
      },
      {
        "id": 27,
        "question": "Qual è il lavoro di Picolo, un personaggio creato per Radio-Canada ?",
        "propositions": [
          "Banchiere",
          "Idraulico",
          "Pittore",
          "Baker"
        ],
        "réponse": "Pittore",
        "anecdote": "Creato da Jean Image nel 1963, Picolo viaggia per le strade di Parigi in compagnia di Picolette, il suo amante."
      },
      {
        "id": 28,
        "question": "Quanti sono gli eroi delle Petites Canailles apparsi nel 1962 ?",
        "propositions": [
          "Cinque",
          "Sei",
          "Sette",
          "Otto"
        ],
        "réponse": "Cinque",
        "anecdote": "Questi ragazzi sacri con una personalità molto diversa si chiamano Alfafa, Buck, Darla, Porky e Spanky."
      },
      {
        "id": 29,
        "question": "Quale di questi cartoni non è stato prodotto da Hanna-Barbera ?",
        "propositions": [
          "Captain Cavern",
          "The Flintstones",
          "Scoubidou",
          "Calimero"
        ],
        "réponse": "Calimero",
        "anecdote": "La carriera di William Hanna e Joseph Barbera è iniziata con Tom e Jerry per il film e MGM nel 1940."
      },
      {
        "id": 30,
        "question": "Quale piccolo animale è Hamtaro nel manga creato da Ritsuko Kawai ?",
        "propositions": [
          "Cavallo",
          "Anatroccolo",
          "Procione",
          "Criceto"
        ],
        "réponse": "Criceto",
        "anecdote": "Il cartone è firmato Ritsuko Kawai e apparso sugli schermi di 'Midi the zouzous' di France 5 nel 2003."
      }
      ]
      }
    ],
    "nl": [
    {
      "débutant": [
      {
        "id": 1,
        "question": "Waar zijn de twee Astro boosters de kleine robot ?",
        "propositions": [
          "In zijn voeten",
          "In de taille",
          "Aan de achterkant",
          "Onder zijn armen"
        ],
        "réponse": "In zijn voeten",
        "anecdote": "Uitgezonden sinds 1963 op Japanse schermen, de manga van Osamu Tezuka was al voor het eerst gepubliceerd in 1952."
      },
      {
        "id": 2,
        "question": "Wie eindigt niet met sterven in de eerste seizoenen van South Park ?",
        "propositions": [
          "Stan",
          "Kenny",
          "Eric",
          "Kyle"
        ],
        "réponse": "Kenny",
        "anecdote": "De kleine jongen met de oranje kap is de spot van Cartman, een van de vier cartoonhelden van Trey Parker en Matt Stone."
      },
      {
        "id": 3,
        "question": "Met welke jongens van zijn band maakt hij meestal Scoubidou-team ?",
        "propositions": [
          "Sammy",
          "Fred",
          "Roger",
          "Logan"
        ],
        "réponse": "Sammy",
        "anecdote": "De recherchehond was snel terug, vergezeld door gaststerren als Batman en Robin of Laurel en Hardy."
      },
      {
        "id": 4,
        "question": "Wie is het oudste kind van de Simpson-familie ?",
        "propositions": [
          "Marge",
          "Lisa",
          "Maggie",
          "Bart"
        ],
        "réponse": "Bart",
        "anecdote": "Sinds de oprichting in 1989 is de cartoon van Matt Groenig een wereldwijd succes geworden, vertaald naar het grote scherm in 2007."
      },
      {
        "id": 5,
        "question": "Welk dier is kapucijn, het kleine vriendje van Candy ?",
        "propositions": [
          "Raccoon",
          "Hamster",
          "Konijn",
          "Chat"
        ],
        "réponse": "Raccoon",
        "anecdote": "Het meisje belandt in het weeshuis van Miss Pony en Candy wordt verliefd op de prins van de heuvels."
      },
      {
        "id": 6,
        "question": "Hoe de draaimolen van Margotte, Zebulon et Pollux, te beschrijven ?",
        "propositions": [
          "Spookt",
          "Omcirkeld",
          "Enchanted",
          "Bang gemaakt"
        ],
        "réponse": "Enchanted",
        "anecdote": "De animatieserie van Serge Danot verscheen in 1963 op het eerste kanaal van de ORTF."
      },
      {
        "id": 7,
        "question": "Wie is er rond als een ballon en meer geel dan een citroen ?",
        "propositions": [
          "Digger",
          "Pengo",
          "Fruitig",
          "Pac-Man"
        ],
        "réponse": "Pac-Man",
        "anecdote": "Deze held was een van de eerste videospelsterren die zijn eigen cartoon had, vóór Super Mario Bros en Zelda."
      },
      {
        "id": 8,
        "question": "Welke specht bezit de meest herkenbare lach van televisie ?",
        "propositions": [
          "Woody Woodpecker",
          "Oscar Rapace",
          "Geslacht",
          "Falco Lombardi"
        ],
        "réponse": "Woody Woodpecker",
        "anecdote": "Het kleine vogeltje met de rode trekwolk, geboren in 1940 maar verspreid in 1967, heeft een originele lach ondertekend door Mel Blanc."
      },
      {
        "id": 9,
        "question": "Welke filmverhalen 'Clone Wars' is het ?",
        "propositions": [
          "Star Wars",
          "Star Trek",
          "Harry Potter",
          "Vraatzucht"
        ],
        "réponse": "Star Wars",
        "anecdote": "Volgens het verhaal ondertekend George Lucas, werd de cartoon geproduceerd vanaf 2003, tussen de releases van afleveringen 2 en 3."
      },
      {
        "id": 10,
        "question": "Wie is de beste vriend van Tom Sayer in St. Petersburg ?",
        "propositions": [
          "Jim Hollis",
          "Muff Potter",
          "Benjamin Rogers",
          "Huckleberry Finn"
        ],
        "réponse": "Huckleberry Finn",
        "anecdote": "Hij is een echte zwerver en coacht Tom Sayer met hem op talloze avonturen op de Mississippi."
      }
    ],
    "confirmé": [
      {
        "id": 11,
        "question": "Welk object weet Gigi om te zetten in een jonge vrouw ?",
        "propositions": [
          "Paraplu",
          "Riem",
          "Hanger",
          "Hoed"
        ],
        "réponse": "Hanger",
        "anecdote": "Op 12-jarige leeftijd is Gigi een prinses die door haar ouders naar de aarde is gestuurd om hoop te geven aan sommige mensen."
      },
      {
        "id": 12,
        "question": "Wat gebruikt de goblin Tofffsy om te weten of ze hem de waarheid vertellen ?",
        "propositions": [
          "Grimoire",
          "Blue Diamond",
          "Magic Key",
          "Muzikaal gras"
        ],
        "réponse": "Muzikaal gras",
        "anecdote": "De kleine geelharige elf heeft altijd ingenieuze ideeën om zijn vrienden te helpen die bij hem wonen in het kasteel van de gravin."
      },
      {
        "id": 13,
        "question": "Welke 10-jarige tv-serieheldin gebruikt Omnitrix ?",
        "propositions": [
          "Yogi",
          "Astro",
          "Kenny",
          "Ben 10"
        ],
        "réponse": "Ben 10",
        "anecdote": "De omnitrix is de armband die hij aan zijn pols bevestigt en laat hem muteren in tien superkrachten."
      },
      {
        "id": 14,
        "question": "Met welk doel communiceert Sophie met Finot in 'Inspector Gadget' ?",
        "propositions": [
          "Telefoon",
          "Ring",
          "Doll",
          "Kijk"
        ],
        "réponse": "Kijk",
        "anecdote": "Ultra-verfijnd, het horloge biedt Sophie de mogelijkheid om te praten en haar hond te zien samenkomen om Gadget te helpen."
      },
      {
        "id": 15,
        "question": "Wat vliegen Satanas en Diabolo om de Zephyrin-boodschapper te vangen ?",
        "propositions": [
          "Rocket",
          "Motorfiets",
          "Bussen",
          "Biplan"
        ],
        "réponse": "Biplan",
        "anecdote": "Als resultaat van het succes van 'Fools of the wheel' hebben Satanas en Diabolo inderdaad hun vluchten in de lucht voortgezet."
      },
      {
        "id": 16,
        "question": "Waarom is Calimero de enige zwarte chick om hem heen ?",
        "propositions": [
          "Hij is ziek",
          "Hij is vies",
          "Hij is woedend",
          "Hij is verbrand"
        ],
        "réponse": "Hij is vies",
        "anecdote": "In 1961 was Calimero de ster van een advertentie voor Italiaanse was, waar hij zijn oorspronkelijke kleur terugkreeg na het schoonmaken."
      },
      {
        "id": 17,
        "question": "Wat is de bijzonderheid van Yogi the Bear ?",
        "propositions": [
          "Cape en panty's",
          "Stropdas en hoed",
          "Pet en korte broek",
          "T-shirts en flip-flops"
        ],
        "réponse": "Stropdas en hoed",
        "anecdote": "Reizend door Jellystone Park met zijn vriend Boubou, hij is altijd op jacht naar voedsel."
      },
      {
        "id": 18,
        "question": "Welk dier is Saturnin, heldin van de serie gemaakt door Jean Tourane ?",
        "propositions": [
          "Een zebra",
          "Een eendje",
          "Een wasbeer",
          "Een olifant"
        ],
        "réponse": "Een eendje",
        "anecdote": "De kleine temperamentvolle vogel, wiens miniatuurwereld identiek is aan die van mensen, begon zijn carrière in 1965."
      },
      {
        "id": 19,
        "question": "Door welk animatieproces is de Kiri-clown gemaakt ?",
        "propositions": [
          "Kartonnen papier",
          "Puppets",
          "Mozaïek",
          "Plasticine"
        ],
        "réponse": "Puppets",
        "anecdote": "Van stad tot stad rijdt zijn trailer Pip'lett, Laura, Ratibus en Bianca in vele avonturen."
      },
      {
        "id": 20,
        "question": "Welke cartoonheldin was de ster van Fleischer Studios met Popeye ?",
        "propositions": [
          "Dora Marquez",
          "Betty Boop",
          "Charlotte",
          "Manny"
        ],
        "réponse": "Betty Boop",
        "anecdote": "Verscheen in 1930, de sensuele brunette is een van de emblematische geanimeerde karakters van de inter-oorlogsperiode."
      }
    ],
    "expert": [
      {
        "id": 21,
        "question": "Wat is de jongerenzender met de slogan 'De tv die het hele gezin beweegt' ?",
        "propositions": [
          "HD1",
          "Gulli",
          "W9",
          "Cstar"
        ],
        "réponse": "Gulli",
        "anecdote": "Bij de lancering van DTT in Frankrijk in 2005 hebben de Lagardère Group en France Televisions hun krachten gebundeld."
      },
      {
        "id": 22,
        "question": "Welke karakters springen in hun zakken ?",
        "propositions": [
          "Tifins",
          "Entrechats",
          "Popples",
          "Troetelbeertjes"
        ],
        "réponse": "Popples",
        "anecdote": "Deze haarballen houden ervan om plezier te hebben en hebben een zak achterin waarmee ze ongebruikelijke objecten naar voren kunnen brengen."
      },
      {
        "id": 23,
        "question": "Welke geanimeerde televisieshow is de jonge Yugo de held ?",
        "propositions": [
          "Star Butterfly",
          "Molusco",
          "Wakfu",
          "Code Lyoko"
        ],
        "réponse": "Wakfu",
        "anecdote": "Vergezeld door zijn vijf vrienden zal het kind proberen de ambities van Nox te stoppen die de creatieve energie van de wereld overspoelen."
      },
      {
        "id": 24,
        "question": "Wie is waarschijnlijk het beroemdste ruimteschip ?",
        "propositions": [
          "Bioman",
          "X-Or",
          "Jiban",
          "Ulysses"
        ],
        "réponse": "X-Or",
        "anecdote": "Deze Japanse serie uitgezonden in 1983 heeft voor haar man Gordan die verandert in X-Gold om transmutatie."
      },
      {
        "id": 25,
        "question": "Wat is de vos en vijand van Aglae en Sidonie ?",
        "propositions": [
          "Hugo",
          "Saturnin",
          "Agenor",
          "Croquetou"
        ],
        "réponse": "Croquetou",
        "anecdote": "Op de boerderij, zaaien Aglaé en gans Sidonie worden geholpen door haan Agénor om Craquetou in minder dan vijf minuten te ontmaskeren."
      },
      {
        "id": 26,
        "question": "Welk dier was meneer Ed in de Amerikaanse kindernamenreeks ?",
        "propositions": [
          "Ane",
          "Owl",
          "Leeuw",
          "Paard"
        ],
        "réponse": "Paard",
        "anecdote": "Mr. Ed, het pratende paard dat toebehoort aan de architect Wilbur Post, gebruikt dit geschenk in overvloed door alles te zeggen wat hij denkt."
      },
      {
        "id": 27,
        "question": "Wat is het werk van Picolo, een personage gemaakt voor Radio-Canada ?",
        "propositions": [
          "Loodgieter",
          "Schilder",
          "Baker",
          "Bankier"
        ],
        "réponse": "Schilder",
        "anecdote": "Gemaakt door Jean Image in 1963, reist Picolo door de straten van Parijs in het gezelschap van Picolette, zijn geliefde."
      },
      {
        "id": 28,
        "question": "Hoeveel zijn de helden van de Petites Canailles verschenen in 1962 ?",
        "propositions": [
          "Acht",
          "Zes",
          "Seven",
          "Vijf"
        ],
        "réponse": "Vijf",
        "anecdote": "Deze verdomde jongens met een andere persoonlijkheid zijn Alfafa, Buck, Darla, Porky en Spanky."
      },
      {
        "id": 29,
        "question": "Welke van deze cartoons werd niet geproduceerd door Hanna-Barbera ?",
        "propositions": [
          "The Flintstones",
          "Captain Cavern",
          "Calimero",
          "Scoubidou"
        ],
        "réponse": "Calimero",
        "anecdote": "De carrière van William Hanna en Joseph Barbera begon met Tom en Jerry voor film en MGM in 1940."
      },
      {
        "id": 30,
        "question": "Welk klein beestje is Hamtaro in de manga gemaakt door Ritsuko Kawai ?",
        "propositions": [
          "Hamster",
          "Raccoon",
          "Eendje",
          "Paard"
        ],
        "réponse": "Hamster",
        "anecdote": "De cartoon is ondertekend Ritsuko Kawai en verscheen op de schermen van 'Midi zouzous' van France 5 in 2003."
      }
      ]
      }
    ]
  }
}