<?xml version="1.0" encoding="UTF-8" standalone="yes" ?>
<quizz fournisseur="OpenQuizzDB : Fournisseur de contenu libre"
       url="http://www.openquizzdb.org"
       rédacteur="Philippe Bresoux"
       thème="Constructeurs automobiles (Un piéton est un homme qui va chercher sa voiture)"
       difficulté="3">
  <débutant>
    <contenu id="1">
      <question>Quel constructeur a pour slogan « le plaisir de conduire » ?</question>
      <propositions>
        <proposition id="1-1">Lotus</proposition>
        <proposition id="1-2">BMW</proposition>
        <proposition id="1-3">Lexus</proposition>
        <proposition id="1-4">Mercedes</proposition>
      </propositions>
      <réponse proposition="1-2">BMW</réponse>
      <anecdote>En 2016, le groupe BMW a vendu 2.117.965 véhicules automobiles (BMW, Mini, et Rolls-Royce) ainsi que 123.495 deux-roues.</anecdote>
    </contenu>
    <contenu id="2">
      <question>Quelles couleurs sont présentes sur le logo circulaire de la marque BMW ?</question>
      <propositions>
        <proposition id="2-1">Noir et rouge</proposition>
        <proposition id="2-2">Vert et jaune</proposition>
        <proposition id="2-3">Bleu et blanc</proposition>
        <proposition id="2-4">Rouge et bleu</proposition>
      </propositions>
      <réponse proposition="2-3">Bleu et blanc</réponse>
      <anecdote>L'emblème de la marque reprend le cercle noir du logo de Rapp, avec au centre les couleurs symbolisant la Bavière.</anecdote>
    </contenu>
    <contenu id="3">
      <question>Quel constructeur automobile a produit les modèles Diablo et Countach ?</question>
      <propositions>
        <proposition id="3-1">Lamborghini</proposition>
        <proposition id="3-2">Ferrari</proposition>
        <proposition id="3-3">Maserati</proposition>
        <proposition id="3-4">Porsche</proposition>
      </propositions>
      <réponse proposition="3-1">Lamborghini</réponse>
      <anecdote>La Lamborghini Diablo succède à la légendaire Lamborghini Countach après seize ans de carrière et 2 200 exemplaires produits.</anecdote>
    </contenu>
    <contenu id="4">
      <question>Laquelle de ces voitures est un modèle du constructeur Nissan ?</question>
      <propositions>
        <proposition id="4-1">Qashqai</proposition>
        <proposition id="4-2">Elantra</proposition>
        <proposition id="4-3">Diablo</proposition>
        <proposition id="4-4">Fiesta</proposition>
      </propositions>
      <réponse proposition="4-1">Qashqai</réponse>
      <anecdote>En mai 2007, la Qashqai de chez Nissan a décroché la plus haute note possible aux crash tests EuroNCAP, soit 5 étoiles.</anecdote>
    </contenu>
    <contenu id="5">
      <question>Quel constructeur a pour ornement « l'Esprit d'extase » ?</question>
      <propositions>
        <proposition id="5-1">Mercedes</proposition>
        <proposition id="5-2">Jaguar</proposition>
        <proposition id="5-3">Porshe</proposition>
        <proposition id="5-4">Rolls-Royce</proposition>
      </propositions>
      <réponse proposition="5-4">Rolls-Royce</réponse>
      <anecdote>Spirit of Ecstasy, le fameux bouchon de radiateur de la marque Rolls-Royce, a été créé en 1911 par l'artiste anglais Charles Sykes.</anecdote>
    </contenu>
    <contenu id="6">
      <question>Lequel de ces modèles Volkswagen s'est vendu le plus ?</question>
      <propositions>
        <proposition id="6-1">Jetta</proposition>
        <proposition id="6-2">Golf</proposition>
        <proposition id="6-3">Passat</proposition>
        <proposition id="6-4">Scarabée</proposition>
      </propositions>
      <réponse proposition="6-2">Golf</réponse>
      <anecdote>Ce concept de petite voiture sportive à hayon et traction avec un moteur à injection contrastait avec les moteurs à carburateur.</anecdote>
    </contenu>
    <contenu id="7">
      <question>Quel constructeur a produit la très populaire Coccinelle ?</question>
      <propositions>
        <proposition id="7-1">Suzuki</proposition>
        <proposition id="7-2">Nissan</proposition>
        <proposition id="7-3">Volkswagen</proposition>
        <proposition id="7-4">Volvo</proposition>
      </propositions>
      <réponse proposition="7-3">Volkswagen</réponse>
      <anecdote>Produite en 1938, la Coccinelle fut conçue par l'ingénieur autrichien Ferdinand Porsche à la demande du chancelier Adolf Hitler.</anecdote>
    </contenu>
    <contenu id="8">
      <question>Combien de passagers peut accueillir une Tesla Modèle S de 2014 ?</question>
      <propositions>
        <proposition id="8-1">7</proposition>
        <proposition id="8-2">5</proposition>
        <proposition id="8-3">3</proposition>
        <proposition id="8-4">1</proposition>
      </propositions>
      <réponse proposition="8-1">7</réponse>
      <anecdote>Outre la recharge sur bornes ordinaires, la Model S bénéficie de bornes gratuites ultra-rapides appelées Superchargeurs.</anecdote>
    </contenu>
    <contenu id="9">
      <question>Quel constructeur automobile a créé le modèle Cayenne ?</question>
      <propositions>
        <proposition id="9-1">Porsche</proposition>
        <proposition id="9-2">Lamborghini</proposition>
        <proposition id="9-3">Ferrari</proposition>
        <proposition id="9-4">Maserati</proposition>
      </propositions>
      <réponse proposition="9-1">Porsche</réponse>
      <anecdote>Le Cayenne a été fabriqué en collaboration avec Volkswagen avec qui il partage la même plate-forme de son 4x4 Touareg.</anecdote>
    </contenu>
    <contenu id="10">
      <question>Quel constructeur a produit une voiture hybride du nom de « Civic » ?</question>
      <propositions>
        <proposition id="10-1">Tesla</proposition>
        <proposition id="10-2">Jaguar</proposition>
        <proposition id="10-3">Honda</proposition>
        <proposition id="10-4">Ford</proposition>
      </propositions>
      <réponse proposition="10-3">Honda</réponse>
      <anecdote>Le terme « Civic » exprime l'ambition de la marque Honda de réduire ses émissions polluantes et de proposer une voiture propre.</anecdote>
    </contenu>
  </débutant>
  <confirmé>
    <contenu id="11">
      <question>En quelle année la Citroën DS a-t-elle été vendue pour la première fois ?</question>
      <propositions>
        <proposition id="11-1">1955</proposition>
        <proposition id="11-2">1964</proposition>
        <proposition id="11-3">1947</proposition>
        <proposition id="11-4">1971</proposition>
      </propositions>
      <réponse proposition="11-1">1955</réponse>
      <anecdote>Le « D » viendrait de l'usage du moteur le plus récent alors de Citroën, le « moteur série D », qui équipait la Traction 11 D.</anecdote>
    </contenu>
    <contenu id="12">
      <question>Quel constructeur américain a produit le modèle Chieftain ?</question>
      <propositions>
        <proposition id="12-1">Chrysler</proposition>
        <proposition id="12-2">Pontiac</proposition>
        <proposition id="12-3">Ford</proposition>
        <proposition id="12-4">Lotus</proposition>
      </propositions>
      <réponse proposition="12-2">Pontiac</réponse>
      <anecdote>La Chieftain de 1949 marque le tout premier nouveau design des modèles Pontiac sortis après la Seconde Guerre mondiale.</anecdote>
    </contenu>
    <contenu id="13">
      <question>Dacia est un constructeur automobile originaire de quel pays ?</question>
      <propositions>
        <proposition id="13-1">Grèce</proposition>
        <proposition id="13-2">Pologne</proposition>
        <proposition id="13-3">Bulgarie</proposition>
        <proposition id="13-4">Roumanie</proposition>
      </propositions>
      <réponse proposition="13-4">Roumanie</réponse>
      <anecdote>Les véhicules produits sont commercialisés sous la marque Dacia en Europe et sous la marque Renault dans le reste du monde.</anecdote>
    </contenu>
    <contenu id="14">
      <question>Quel constructeur a pour slogan « la puissance des rêves » ?</question>
      <propositions>
        <proposition id="14-1">Honda</proposition>
        <proposition id="14-2">Land Rover</proposition>
        <proposition id="14-3">Skoda</proposition>
        <proposition id="14-4">Jaguar</proposition>
      </propositions>
      <réponse proposition="14-1">Honda</réponse>
      <anecdote>En 2008, Honda a vendu plus de 17 millions de moteurs à quatre temps, ce qui en a fait le plus important producteur du monde.</anecdote>
    </contenu>
    <contenu id="15">
      <question>Quel état a été choisi pour héberger la « Gigafactory 1 » de Tesla ?</question>
      <propositions>
        <proposition id="15-1">Nevada</proposition>
        <proposition id="15-2">Illinois</proposition>
        <proposition id="15-3">New York</proposition>
        <proposition id="15-4">Washington</proposition>
      </propositions>
      <réponse proposition="15-1">Nevada</réponse>
      <anecdote>Cette usine a été conçue dans le but de produire, à terme, assez d'énergie renouvelable pour faire face à sa consommation.</anecdote>
    </contenu>
    <contenu id="16">
      <question>Quel constructeur a possédé la marque Jaguar de 1990 à 2008 ?</question>
      <propositions>
        <proposition id="16-1">Nissan</proposition>
        <proposition id="16-2">Ford</proposition>
        <proposition id="16-3">Honda</proposition>
        <proposition id="16-4">BMW</proposition>
      </propositions>
      <réponse proposition="16-2">Ford</réponse>
      <anecdote>La société SSC, fondée en 1922, prit le nom de Jaguar en 1945 pour ne pas évoquer les SS allemands de sinistre mémoire.</anecdote>
    </contenu>
    <contenu id="17">
      <question>La Bel Air était autrefois un modèle très populaire proposé par quel constructeur ?</question>
      <propositions>
        <proposition id="17-1">Volskwagen</proposition>
        <proposition id="17-2">American Motors</proposition>
        <proposition id="17-3">Chevrolet</proposition>
        <proposition id="17-4">Chrysler</proposition>
      </propositions>
      <réponse proposition="17-3">Chevrolet</réponse>
      <anecdote>Le nom de Bel Air vient d'un quartier huppé de la ville de Los Angeles, situé 27 kilomètres à l'ouest de Downtown Los Angeles.</anecdote>
    </contenu>
    <contenu id="18">
      <question>Quel constructeur a pour slogan « l'art de la performance » ?</question>
      <propositions>
        <proposition id="18-1">Mini Cooper</proposition>
        <proposition id="18-2">Peugeot</proposition>
        <proposition id="18-3">Chevrolet</proposition>
        <proposition id="18-4">Jaguar</proposition>
      </propositions>
      <réponse proposition="18-4">Jaguar</réponse>
      <anecdote>Le 26 mars 2008, dans le cadre d'un démantèlement, Ford a vendu Jaguar à l'entreprise indienne Tata Motors.</anecdote>
    </contenu>
    <contenu id="19">
      <question>Quel modèle de voiture Ford sortit en premier dans les années 60 ?</question>
      <propositions>
        <proposition id="19-1">Fort Mustang</proposition>
        <proposition id="19-2">Ford Stallion</proposition>
        <proposition id="19-3">Ford Gelding</proposition>
        <proposition id="19-4">Ford Mare</proposition>
      </propositions>
      <réponse proposition="19-1">Fort Mustang</réponse>
      <anecdote>Fait unique pour la marque Ford, tous les modèles Mustang arborent leur propre logotype de calandre (un mustang au galop).</anecdote>
    </contenu>
    <contenu id="20">
      <question>Dans quelle ville italienne est situé le siège social du constructeur Fiat ?</question>
      <propositions>
        <proposition id="20-1">Naples</proposition>
        <proposition id="20-2">Turin</proposition>
        <proposition id="20-3">Gênes</proposition>
        <proposition id="20-4">Milan</proposition>
      </propositions>
      <réponse proposition="20-2">Turin</réponse>
      <anecdote>La compagnie FIAT a été créée le 11 juillet 1899 au Palazzo Bricherasio par trente actionnaires, dont Giovanni Agnelli.</anecdote>
    </contenu>
  </confirmé>
  <expert>
    <contenu id="21">
      <question>Par quelle entreprise fut conçu le moteur de la Chevrolet Corvette C4 ZR1 ?</question>
      <propositions>
        <proposition id="21-1">Nissan</proposition>
        <proposition id="21-2">Lotus</proposition>
        <proposition id="21-3">BMW</proposition>
        <proposition id="21-4">Saab</proposition>
      </propositions>
      <réponse proposition="21-2">Lotus</réponse>
      <anecdote>Si la Corvette C4 est apparue en 1983, sa version « sportive » ZR1 n'apparaîtra quant à elle qu'au salon de Genève 1989.</anecdote>
    </contenu>
    <contenu id="22">
      <question>Quel était le prénom du mécanicien et fondateur de la Chrysler Company ?</question>
      <propositions>
        <proposition id="22-1">Walter</proposition>
        <proposition id="22-2">Wilfried</proposition>
        <proposition id="22-3">William</proposition>
        <proposition id="22-4">Wade</proposition>
      </propositions>
      <réponse proposition="22-1">Walter</réponse>
      <anecdote>De 1928 à 1930, Walter P. Chrysler fait construire un immeuble à la gloire de la marque automobile de son nom : le Chrysler Building.</anecdote>
    </contenu>
    <contenu id="23">
      <question>Quel véhicule reste à ce jour la plus petite voiture jamais produite ?</question>
      <propositions>
        <proposition id="23-1">Mini Cooper</proposition>
        <proposition id="23-2">Peel P50</proposition>
        <proposition id="23-3">Isetta</proposition>
        <proposition id="23-4">Chevrolet Camaro</proposition>
      </propositions>
      <réponse proposition="23-2">Peel P50</réponse>
      <anecdote>La Peel P50 est une mini voiture à trois roues fabriquée de 1962 à 1965 par la société Peel Engineering Company sur l'Île de Man.</anecdote>
    </contenu>
    <contenu id="24">
      <question>Les Herald, Vitesse et Spitfire sont des modèles fabriqués par quelle entreprise ?</question>
      <propositions>
        <proposition id="24-1">Triumph</proposition>
        <proposition id="24-2">Vauxhall</proposition>
        <proposition id="24-3">Peugeot</proposition>
        <proposition id="24-4">Austin</proposition>
      </propositions>
      <réponse proposition="24-1">Triumph</réponse>
      <anecdote>Le but de la Spitfire était de créer une petite voiture de sport bon marché, située un niveau en-dessous de celui des roadsters TR.</anecdote>
    </contenu>
    <contenu id="25">
      <question>Jusqu'en quelle année la marque Duesenberg a-t-elle conçu des voitures ?</question>
      <propositions>
        <proposition id="25-1">1917</proposition>
        <proposition id="25-2">1927</proposition>
        <proposition id="25-3">1937</proposition>
        <proposition id="25-4">1947</proposition>
      </propositions>
      <réponse proposition="25-3">1937</réponse>
      <anecdote>Après la Seconde Guerre mondiale, l'américain August Duesenberg essayera tant bien que mal de relancer la marque, sans succès.</anecdote>
    </contenu>
    <contenu id="26">
      <question>Quel constructeur a pour slogan « innover autrement » ?</question>
      <propositions>
        <proposition id="26-1">Jaguar</proposition>
        <proposition id="26-2">Volkswagen</proposition>
        <proposition id="26-3">Lexus</proposition>
        <proposition id="26-4">Nissan</proposition>
      </propositions>
      <réponse proposition="26-4">Nissan</réponse>
      <anecdote>Nissan Motor Company, Limited ou Nissan est un constructeur automobile japonais né en 1932 sous le nom de Datsun.</anecdote>
    </contenu>
    <contenu id="27">
      <question>Dans quelle ville d'Allemagne se trouve le siège social d'Audi ?</question>
      <propositions>
        <proposition id="27-1">Ingolstadt</proposition>
        <proposition id="27-2">Dortmund</proposition>
        <proposition id="27-3">Kiel</proposition>
        <proposition id="27-4">Frankfort</proposition>
      </propositions>
      <réponse proposition="27-1">Ingolstadt</réponse>
      <anecdote>Implantée dans 55 pays du monde, la marque Audi est présente sur la plupart des segments du marché des véhicules particuliers.</anecdote>
    </contenu>
    <contenu id="28">
      <question>De quelle compagnie fait partie la division Smart Automobile ?</question>
      <propositions>
        <proposition id="28-1">BMW</proposition>
        <proposition id="28-2">General Motors</proposition>
        <proposition id="28-3">Daimler AG</proposition>
        <proposition id="28-4">Chrysler</proposition>
      </propositions>
      <réponse proposition="28-3">Daimler AG</réponse>
      <anecdote>Smart (dérivé du nom de projet Swatch Mercedes Art car1) est une marque créée en 1994 sous l'impulsion du groupe horloger Swatch.</anecdote>
    </contenu>
    <contenu id="29">
      <question>Quelle compagnie d'automobiles possède un modèle appelé Forester ?</question>
      <propositions>
        <proposition id="29-1">Toyota</proposition>
        <proposition id="29-2">Subaru</proposition>
        <proposition id="29-3">Ford</proposition>
        <proposition id="29-4">Hyundai</proposition>
      </propositions>
      <réponse proposition="29-2">Subaru</réponse>
      <anecdote>Il a été élu en 2009 et 2014 Meilleur SUV de l'année par Motor Trend et Meilleure voiture à acheter en 2014 par Car Connection.</anecdote>
    </contenu>
    <contenu id="30">
      <question>Quel modèle de voiture succéda directement à la Porsche 944 ?</question>
      <propositions>
        <proposition id="30-1">968</proposition>
        <proposition id="30-2">956</proposition>
        <proposition id="30-3">977</proposition>
        <proposition id="30-4">945</proposition>
      </propositions>
      <réponse proposition="30-1">968</réponse>
      <anecdote>Au niveau esthétique, la Porsche 944 reprend les caractéristiques de la 924, ses ailes renflées rappellent celles de la 924 Carrera GT.</anecdote>
    </contenu>
  </expert>
</quizz>