1;fr;Combien de travaux Hercule dut-il exécuter pour Eurysthée, roi de Tirynthe ?;12;10;100;40;Débutant;Héraclès correspond à l'Hercule romain, au Melqart phénicien, à l'Hercle étrusque et au Kakasbos en Asie Mineure.;https://fr.wikipedia.org/wiki/Héraclès
2;fr;À quel âge Nadia Comaneci a-t-elle obtenu la note parfaite de 10 aux Jeux olympiques ?;14 ans;15 ans;13 ans;16 ans;Débutant;Nadia Comaneci a été naturalisée américaine après sa carrière sportive, n'ayant donc jamais représenté ce pays en compétition.;https://fr.wikipedia.org/wiki/Nadia_Comaneci
3;fr;Quelle est la différence chiffrée entre le carré de 87 et le carré de 86 ?;173;87;86;1;Débutant;Tout nombre réel strictement positif est le carré d'exactement deux nombres, l'un strictement positif, l'autre strictement négatif.;https://fr.wikipedia.org/wiki/Carré_(algèbre)
4;fr;Combien de milliers de passagers le Titanic pouvait-il contenir à son bord ?;Trois;Deux;Un;Quatre;Débutant;La coque du Titanic était pourvue de seize compartiments étanches servant à protéger le navire en cas de voies d'eau.;https://fr.wikipedia.org/wiki/Titanic
5;fr;En quelle année Charlemagne a-t-il été couronné empereur à Rome ?;800;900;700;600;Débutant;Souverain réformateur, soucieux de culture, il protège les arts et lettres et est à l'origine de la renaissance carolingienne.;https://fr.wikipedia.org/wiki/Charlemagne
6;fr;En mesure, quelle est la valeur en millimètres d'un pouce anglais ?;25 mm;32 mm;16 mm;45 mm;Débutant;Le pouce est une unité de longueur datant du Moyen Âge, aujourd'hui utilisée pour les tailles des pneus ou des écrans d'ordinateur.;https://fr.wikipedia.org/wiki/Pouce_(unité)
7;fr;Quel âge avait Mozart lorsque son premier opéra fut joué en public ?;13 ans;15 ans;11 ans;17 ans;Débutant;Mort à 35 ans, Mozart laisse derrière lui 626 œuvres répertoriées qui embrassent tous les genres musicaux de son époque.;https://fr.wikipedia.org/wiki/Wolfgang_Amadeus_Mozart
8;fr;Dans la mythologie grecque, combien d'Argonautes ont accompagné Jason ?;50;40;100;500;Débutant;Le périple des Argonautes a donné lieu à plusieurs péplums qui s'inspirent assez librement des différentes sources du mythe.;https://fr.wikipedia.org/wiki/Argonautes
9;fr;En quelle année a eu lieu le tout premier Festival de Cannes ?;1946;1956;1966;1976;Débutant;Le Festival fut fondé en 1946 sur un projet de Jean Zay, ministre de l'Éducation nationale et des Beaux-arts du Front populaire.;https://fr.wikipedia.org/wiki/Festival_de_Cannes
10;fr;Combien d'années Robinson Crusoé a-t-il passé sur son île ?;28;24;20;16;Débutant;Robinson Crusoé est un roman anglais écrit par Daniel Defoe dont l'histoire s'inspire très librement de la vie d'Alexandre Selkirk.;https://fr.wikipedia.org/wiki/Robinson_Crusoé
11;fr;En informatique, combien y a-t-il d'octets dans un kilooctet ?;1 024;256;512;32;Confirmé;Le terme est utilisé comme unité de mesure en informatique pour indiquer la capacité de mémorisation des mémoires.;https://fr.wikipedia.org/wiki/Octet
12;fr;En quelle année Michel Preud'homme a-t-il décroché le Prix Lev Yachine ?;1994;1992;1990;1988;Confirmé;Michel Preud'homme a occupé le poste d'entraîneur au Standard de Liège, après avoir été le directeur sportif du même club.;https://fr.wikipedia.org/wiki/Michel_Preud'homme
13;fr;Combien le site de Carnac compte-t-il de menhirs dans ses alignements ?;2 934;2 394;1 934;1 394;Confirmé;Le site de Carnac est situé sur la limite nord de Mor braz, entre le golfe du Morbihan à l'est et la presqu'île de Quiberon à l'ouest.;https://fr.wikipedia.org/wiki/Carnac
14;fr;Combien dénombre-t-on à ce jour de satellites naturels connus autour de Jupiter ?;69;59;49;39;Confirmé;Jupiter est la deuxième planète du Système solaire, après Saturne, avec le plus grand nombre de satellites naturels observés.;https://fr.wikipedia.org/wiki/Satellites_naturels_de_Jupiter
15;fr;Quelle distance sépare la ligne de départ de la première haie au 400 m haies ?;45 m;37 m;29 m;18 m;Confirmé;La première haie (sur les dix au total) se trouve à 45 m de la ligne de départ et les suivantes à 35 m les unes des autres.;https://fr.wikipedia.org/wiki/400_mètres_haies
16;fr;Combien de matchs l'équipe nationale de foot belge a-t-elle disputés avec Guy Thys ?;100;80;120;140;Confirmé;Né à Anvers et fils de Ivan Thys, Guy Thys a été l'entraîneur de l'équipe nationale belge de football le plus couronné de succès.;https://fr.wikipedia.org/wiki/Guy_Thys
17;fr;Quel est le pourcentage de silicium entrant dans la composition de l'écorce terrestre ?;25 %;19 %;8 %;32 %;Confirmé;Le silicium n'est comparativement présent qu'en relativement faible quantité dans la matière constituant le vivant.;https://fr.wikipedia.org/wiki/Silicium
18;fr;Combien d'années Ferdinand Marcos a-t-il été président des Philippines ?;21;17;25;19;Confirmé;Marcos peut être considéré comme un expert du détournement de fonds : il aurait détourné des milliards de dollars du Trésor philippin.;https://fr.wikipedia.org/wiki/Ferdinand_Marcos
19;fr;Combien de spectateurs peuvent aujourd'hui accueillir les arènes de Vérone ?;22 000;19 000;16 000;13 000;Confirmé;Presque tous les soirs de mars à septembre environ, des spectacles ont lieu et ont pour thème les anciens combats de gladiateurs.;https://fr.wikipedia.org/wiki/Arènes_de_Vérone
20;fr;Combien de pièces contenait le palais impérial dans la Cité interdite ?;9 999;8 888;7 777;6 666;Confirmé;Le chiffre de 9 999 s'explique par le fait que seules leurs divinités avaient le droit de construire un palais comprenant 10 000 pièces.;https://fr.wikipedia.org/wiki/Cité_interdite
21;fr;Quelle est la longueur totale du pont du Golden Gate de San Francisco ?;1 280 m;1 146 m;1 073 m;996 m;Expert;Le pont du Golden Gate fut, jusqu'en 1964, le pont suspendu le plus long du monde et reste un célèbre monument de San Francisco.;https://fr.wikipedia.org/wiki/Pont_du_Golden_Gate
22;fr;Combien de chansons d'Elvis Presley ont été numéro un au hit-parade américain ?;18;16;14;12;Expert;Elvis a contribué à populariser le genre naissant du rockabilly, un mélange énergique de musique country et de rhythm and blues.;https://fr.wikipedia.org/wiki/Elvis_Presley
23;fr;Dans la mythologie grecque, combien le géant Argos avait-il d'yeux ?;100;80;60;40;Expert;Il y en a en permanence cinquante qui dorment et cinquante qui veillent, de sorte qu'il soit impossible de tromper sa vigilance.;https://fr.wikipedia.org/wiki/Argos_(Panoptès)
24;fr;De combien de fois la superficie de la Chine est-elle plus grande que celle du Japon ?;39;29;19;9;Expert;Le Japon forme, depuis 1945, un archipel de 6 852 îles dont les quatre plus grandes sont Hokkaido, Honshu, Shikoku, et Kyushu.;https://fr.wikipedia.org/wiki/Japon
25;fr;Quelle est la longueur de la cordillère des Andes culminant à 6 962 mètres ?;7 100 km;6 700 km;8 300 km;9 700 km;Expert;La cordillère des Andes débute au Venezuela puis traverse la Colombie, l'Équateur, le Pérou, la Bolivie, le Chili et l'Argentine.;https://fr.wikipedia.org/wiki/Cordillère_des_Andes
26;fr;Quelle est la longueur du tunnel ferroviaire japonais du Seikan ?;53 km;42 km;37 km;29 km;Expert;Le tunnel du Seikan est légèrement plus long que le tunnel sous la Manche et comporte un tronçon de 23.3 km sous le fond marin.;https://fr.wikipedia.org/wiki/Tunnel_du_Seikan
27;fr;Combien de confettis ont été lancés sur John Glenn après son célèbre voyage spatial ?;3 474 tonnes;2 828 tonnes;1 732 tonnes;4 437 tonnes;Expert;Après avoir quitté la NASA en 1963, il entame une carrière politique infructueuse qui l'oblige à se tourner vers le monde des affaires.;https://fr.wikipedia.org/wiki/John_Glenn
28;fr;Combien de soldats environ compte l'armée enterrée de l'empereur Qin ?;8 000;6 000;4 000;10 000;Expert;Des couleurs minérales étaient appliquées après cuisson sur les statues, permettant ainsi de distinguer les différentes unités.;https://fr.wikipedia.org/wiki/Mausolée_de_l'empereur_Qin
29;fr;En quelle année Nicolas Appert a-t-il découvert la boîte de conserve ?;1795;1829;1847;1902;Expert;L'appertisation peut être définie comme un procédé de conservation qui consiste à stériliser par la chaleur des denrées périssables.;https://fr.wikipedia.org/wiki/Nicolas_Appert
30;fr;Quel est le nombre d'îles présentes sur l'ensemble du territoire finlandais ?;180 000;160 000;140 000;120 000;Expert;La plupart des îles sont dans le Sud-Ouest, dans l'archipel d'Aland, et le long de la côte méridionale du golfe de Finlande.;https://fr.wikipedia.org/wiki/Finlande
31;en;How many works did Hercules execute for Eurystheus, King of Tiryns ?;12;10;100;40;Beginner;Hebrew corresponds to Roman Hercules, Phenician Melqart, Artifical Circle and Kakasbos in Asia Minor.;https://en.wikipedia.org/wiki/Heracles
32;en;At what age did Nadia Comaneci get the perfect score of 10 at the Olympics ?;14 years old;15 years old;13 years old;16 years old;Beginner;Nadia Comaneci was naturalized American after her sports career, having never represented this country in competition.;https://en.wikipedia.org/wiki/Nadia_Com?neci
33;en;What is the difference between the 87 and the 86 square ?;173;87;86;1;Beginner;Every strictly positive real number is the square of exactly two numbers, one strictly positive, the other strictly negative.;https://en.wikipedia.org/wiki/Square_(algebra)
34;en;How many thousands of passengers could the Titanic hold on board ?;3,000;2,000;1,000;4,000;Beginner;The Titanic's hull was equipped with sixteen watertight compartments to protect the ship from waterways.;https://en.wikipedia.org/wiki/RMS Titanic
35;en;In which year was Charlemagne crowned emperor in Rome ?;800;900;700;600;Beginner;Sovereign reformer, culturally conscious, he protects the arts and letters and is at the origin of the Carolingian renaissance.;https://en.wikipedia.org/wiki/Charlemagne
36;en;In measure, what is the value in millimeters of an inch ?;25 mm;32 mm;16 mm;45 mm;Beginner;The thumb is a unit dating back to the Middle Ages, now used for tire sizes or computer screens.;https://en.wikipedia.org/wiki/Inch
37;en;What age had Mozart when his first opera was performed in public ?;13 years old;15 years old;11 years old;17 years old;Beginner;Died at the age of 35, Mozart leaves behind him 626 works of art that embrace all the musical genres of his time.;https://en.wikipedia.org/wiki/Wolfgang_Amadeus_Mozart
38;en;In Greek mythology, how many Argonauts accompanied Jason ?;50;40;100;500;Beginner;The Argonauts plague has given rise to several pleas that are inspired quite freely from different sources of myth.;https://en.wikipedia.org/wiki/Argonauts
39;en;In which year did the first Cannes Film Festival take place ?;1946;1956;1966;1976;Beginner;The Festival was founded in 1946 on a project by Jean Zay, Minister of National Education and Fine Arts of the Popular Front.;https://en.wikipedia.org/wiki/Cannes_Film_Festival
40;en;How many years has Robinson Crusoe spent on his island ?;28;24;20;16;Beginner;Robinson Crusoe is an English novel written by Daniel Defoe whose story is very freely inspired by the life of Alexander Selkirk.;https://en.wikipedia.org/wiki/Robinson_Crusoe
41;en;In computing, how many bytes are in a kilobyte ?;1 024;256;512;32;Confirmed;The term is used as a computer measurement unit to indicate memory memorization ability.;https://en.wikipedia.org/wiki/Octet (computing)
42;en;In which year did Michel Preud'homme win the Lev Yachine Prize ?;1994;1992;1990;1988;Confirmed;Michel Preud'homme held the coaching post at Standard de Liege, after being the sports director of the same club.;https://en.wikipedia.org/wiki/Michel_Preud'homme
43;en;How much does the site of Carnac have menhirs in its alignments ?;2 934;2 394;1 934;1 394;Confirmed;The Carnac site is located on the northern limit of Mor Braz, between the Gulf of Morbihan to the east and the Quiberon peninsula to the west.;https://en.wikipedia.org/wiki/Carnac
44;en;How many so far are known natural satellites around Jupiter ?;69;59;49;39;Confirmed;Jupiter is the second planet of the Solar System, after Saturn, with the largest number of natural satellites observed.;https://en.wikipedia.org/wiki/Moons_of_Jupiter
45;en;How far is the departure line from the first hurdle to the 400m hurdle ?;45 m;37 m;29 m;18 m;Confirmed;The best male athletes finish the race in about 47 seconds and the female athletes in about 53 seconds.;https://en.wikipedia.org/wiki/400_metres_hurdles
46;en;How many matches has the Belgian national football team played with Guy Thys ?;100;80;120;140;Confirmed;Born in Antwerp and son of Ivan Thys, Guy Thys was the coach of the most successful Belgian national football team.;https://en.wikipedia.org/wiki/Guy_Thys
47;en;What is the percentage of silicon used in the composition of the terrestrial bark ?;25%;19%;8%;32%;Confirmed;Silicon is comparatively only present in relatively small amounts in the matter constituting the living.;https://en.wikipedia.org/wiki/Silicon
48;en;How many years has Ferdinand Marcos been President of the Philippines ?;21;17;25;19;Confirmed;Marcos may be considered as an expert on the disbursement of funds: he would have turned away billions of dollars from the Philippine Treasury.;https://en.wikipedia.org/wiki/Ferdinand_Marcos
49;en;How many spectators can today welcome the arenas of Verona ?;22,000;19,000;16,000;13 000;Confirmed;Almost every night from March to September, shows take place and have the theme of ancient gladiatorial fights.;https://en.wikipedia.org/wiki/Verona_Arena
50;en;How many pieces contained the imperial palace in the Forbidden City ?;9,999;8,888;7,777;6,666;Confirmed;The figure of 9,999 is explained by the fact that only their divinities were allowed to build a palace with 10,000 pieces.;https://en.wikipedia.org/wiki/Forbidden_City
51;en;What is the total length of the Golden Gate Bridge in San Francisco ?;1 280 m;1 146 m;1 073 m;996 m;Expert;The Golden Gate Bridge was, until 1964, the longest suspension bridge in the world and remains a famous monument of San Francisco.;https://en.wikipedia.org/wiki/Golden_Gate_Bridge
52;en;How many songs of Elvis Presley were number one in the American hit parade ?;18;16;14;12;Expert;Elvis has helped popularize the nascent rockabilly genre, an energetic mix of country music and rhythm and blues.;https://en.wikipedia.org/wiki/Elvis_Presley
53;en;In Greek mythology, how much did the giant Argos have eyes ?;100;80;60;40;Expert;There are always fifty who sleep and fifty who watch, so that it is impossible to deceive his vigilance.;https://en.wikipedia.org/wiki/Argus_Panoptes
54;en;How often is China's area larger than Japan's ?;39;29;19;9;Expert;Since 1945, Japan has formed an archipelago of 6,852 islands, the four largest of which are Hokkaido, Honshu, Shikoku, and Kyushu.;https://en.wikipedia.org/wiki/Japan
55;en;What is the length of the Andes mountain range at 6,962 meters ?;7,100 km;6,700 km;8,300 km;9,700 km;Expert;The Andes cordillera begins in Venezuela and then crosses Colombia, Ecuador, Peru, Bolivia, Chile and Argentina.;https://en.wikipedia.org/wiki/Andes
56;en;How long is the Seikan Japanese Railway Tunnel ?;53 km;42 km;37 km;29 km;Expert;The Seikan tunnel is slightly longer than the Channel Tunnel and has a 23.3 km section under the seabed.;https://en.wikipedia.org/wiki/Seikan_Tunnel
57;en;How many confetti were thrown at John Glenn after his famous space trip ?;3,474 tonnes;2,828 tonnes;1,732 tonnes;4,437 tonnes;Expert;After leaving NASA in 1963, he began an unsuccessful political career that forced him to turn to the business world.;https://en.wikipedia.org/wiki/John_Glenn
58;en;How many soldiers does the Emperor Qin's buried army have ?;8,000;6,000;4,000;10,000;Expert;Mineral colors were applied after cooking on the statues thus making it possible to distinguish the different units.;https://en.wikipedia.org/wiki/Mausoleum_of_the_First_Qin_Emperor
59;en;In which year did Nicolas Appert discover the tin can ?;1795;1829;1847;1902;Expert;Canning can be defined as a process of conservation which consists in sterilizing by heat the perishable goods.;https://en.wikipedia.org/wiki/Nicolas_Appert
60;en;What is the number of islands present in all of Finland ?;180,000;160,000;140,000;120,000;Expert;Most of the islands are in the South West, in the Aland Archipelago, and along the southern coast of the Gulf of Finland.;https://en.wikipedia.org/wiki/Finland
61;de;Wie viele Werke hat Herkules für Eurystheus, König von Tiryns, ausgeführt ?;12;10;100;40;Newbie;Hebräisch entspricht Roman Hercules, Phönizier Melqart, Künstlicher Kreis und Kakasbos in Kleinasien.;https://de.wikipedia.org/wiki/Herakles
62;de;In welchem Alter erreichte Nadia Comaneci bei den Olympischen Spielen die perfekte Punktzahl von 10 ?;14 Jahre alt;15 Jahre alt;13 Jahre alt;16 Jahre alt;Newbie;Nadia Comaneci wurde nach ihrer Sportkarriere in den USA eingebürgert, nachdem sie dieses Land noch nie im Wettbewerb vertreten hatte.;https://de.wikipedia.org/wiki/Nadia_Com?neci
63;de;Was ist der Unterschied zwischen dem 87er und dem 86er Quadrat ?;173;87;86;1;Newbie;Jede streng positive reelle Zahl ist das Quadrat aus genau zwei Zahlen, eine streng positive und eine streng negative.;https://de.wikipedia.org/wiki/Quadrat_(Mathematik)
64;de;Wie viele tausend Passagiere konnte die Titanic an Bord halten ?;3.000;2.000;1.000;4.000;Newbie;Der Rumpf der Titanic war mit sechzehn wasserdichten Fächern ausgestattet, um das Schiff vor Wasserstraßen zu schützen.;https://de.wikipedia.org/wiki/RMS Titanic
65;de;In welchem Jahr wurde Karl der Große in Rom zum Kaiser gekrönt ?;800;900;700;600;Newbie;Souveräner Reformer, kulturbewusst, beschützt die Künste und Briefe und steht am Ursprung der karolingischen Renaissance.;https://de.wikipedia.org/wiki/Karl_der_Große
66;de;Was ist der Millimeter-Zoll-Wert ?;25 mm;32 mm;16 mm;45 mm;Newbie;Der Daumen ist eine Einheit aus dem Mittelalter, die heute für Reifengrößen oder Computerbildschirme verwendet wird.;https://de.wikipedia.org/wiki/Zoll_(Einheit)
67;de;In welchem Alter war Mozart, als seine erste Oper öffentlich aufgeführt wurde ?;13 Jahre;15 Jahre;11 Jahre;17 Jahre;Newbie;Mozart ist 35 Jahre alt und hinterlässt 626 Kunstwerke, die alle musikalischen Genres seiner Zeit umfassen.;https://de.wikipedia.org/wiki/Wolfgang_Amadeus_Mozart
68;de;Wie viele Argonauten begleiteten Jason in der griechischen Mythologie ?;50;40;100;500;Newbie;Die Argonautenpest hat zu mehreren Klagegründen geführt, die sich ganz frei von verschiedenen Mythosquellen inspirieren lassen.;https://de.wikipedia.org/wiki/Argonautensage
69;de;In welchem Jahr fanden die ersten Filmfestspiele von Cannes statt ?;1946;1956;1966;1976;Newbie;Das Festival wurde 1946 auf der Grundlage eines Projekts von Jean Zay, Minister für nationale Bildung und Bildende Kunst der Volksfront, gegründet.;https://de.wikipedia.org/wiki/Internationale_Filmfestspiele_von_Cannes
70;de;Wie viele Jahre hat Robinson Crusoe auf seiner Insel verbracht ?;28;24;20;16;Newbie;Robinson Crusoe ist ein englischer Roman von Daniel Defoe, dessen Geschichte sehr frei vom Leben von Alexander Selkirk inspiriert ist.;https://de.wikipedia.org/wiki/Robinson_Crusoe
71;de;Wie viele Bytes enthält ein Kilobyte ?;1 024;256;512;32;Bestätigt;Der Begriff wird als Computermesseinheit verwendet, um die Fähigkeit zum Speichern von Speichern anzuzeigen.;https://de.wikipedia.org/wiki/Oktett (Informatik)
72;de;In welchem Jahr hat Michel Preud'homme den Lev Yachine-Preis gewonnen ?;1994;1992;1990;1988;Bestätigt;Michel Preud'homme bekleidete den Trainerposten bei Standard de Liège, nachdem er der Sportdirektor desselben Vereins war.;https://de.wikipedia.org/wiki/Michel_Preud?homme
73;de;Wie viel Menhire hat der Standort Carnac in seinen Ausrichtungen ?;2 934;2 394;1 934;1 394;Bestätigt;Der Standort Carnac befindet sich an der Nordgrenze von Mor Braz, zwischen dem Golf von Morbihan im Osten und der Halbinsel Quiberon im Westen.;https://de.wikipedia.org/wiki/Carnac
74;de;Wie viele natürliche Satelliten sind bisher rund um Jupiter bekannt ?;69;59;49;39;Bestätigt;Jupiter ist nach Saturn der zweite Planet des Sonnensystems, auf dem die meisten natürlichen Satelliten beobachtet werden.;https://de.wikipedia.org/wiki/Liste_der_Jupitermonde
75;de;Wie weit ist die Abfahrtslinie von der ersten Hürde bis zur 400-m-Hürde ?;45 m;37 m;29 m;18 m;Bestätigt;Die besten männlichen Athleten beenden das Rennen in ca. 47 Sekunden und die weiblichen Athleten in ca. 53 Sekunden.;https://de.wikipedia.org/wiki/400-Meter-Hürdenlauf
76;de;Wie viele Spiele hat die belgische Fußballnationalmannschaft mit Guy Thys gespielt ?;100;80;120;140;Bestätigt;Guy Thys wurde in Antwerpen als Sohn von Ivan Thys geboren und war der Trainer der erfolgreichsten belgischen Fußballnationalmannschaft.;https://de.wikipedia.org/wiki/Guy_Thys
77;de;Wie viel Prozent Silizium werden für die Zusammensetzung der Erdrinde verwendet ?;25%;19%;8%;32%;Bestätigt;Silizium ist in der Materie der Lebenden vergleichsweise nur in relativ geringen Mengen vorhanden.;https://de.wikipedia.org/wiki/Silicium
78;de;Wie viele Jahre war Ferdinand Marcos Präsident der Philippinen ?;21;17;25;19;Bestätigt;Marcos kann als Experte für die Auszahlung von Geldern gelten: Er hätte Milliarden von Dollar vom philippinischen Finanzministerium abgewiesen.;https://de.wikipedia.org/wiki/Ferdinand_Marcos
79;de;Wie viele Zuschauer können heute die Arenen von Verona begrüßen ?;22.000;19.000;16.000;13 000;Bestätigt;Fast jede Nacht von März bis September finden Shows statt, die das Thema antiker Gladiatorenkämpfe haben.;https://de.wikipedia.org/wiki/Arena_von_Verona
80;de;Wie viele Stücke enthielten den Kaiserpalast in der Verbotenen Stadt ?;9.999;8.888;7.777;6 666;Bestätigt;Die Zahl von 9.999 erklärt sich aus der Tatsache, dass nur ihre Gottheiten einen Palast mit 10.000 Stücken errichten durften.;https://de.wikipedia.org/wiki/Verbotene_Stadt
81;de;Wie lang ist die Golden Gate Bridge in San Francisco insgesamt ?;1 280 m;1 146 m;1 073 m;996 m;Expert;Die Golden Gate Bridge war bis 1964 die längste Hängebrücke der Welt und ist bis heute ein berühmtes Denkmal von San Francisco.;https://de.wikipedia.org/wiki/Golden_Gate_Bridge
82;de;Wie viele Songs von Elvis Presley waren die Nummer eins in der amerikanischen Hitparade ?;18;16;14;12;Expert;Elvis hat geholfen, das aufkeimende Rockabilly-Genre, eine energiegeladene Mischung aus Country-Musik und Rhythmus und Blues, bekannt zu machen.;https://de.wikipedia.org/wiki/Elvis_Presley
83;de;Wie viele Augen hatte der Riese Argos in der griechischen Mythologie ?;100;80;60;40;Expert;Es gibt immer fünfzig, die schlafen und fünfzig, die zuschauen, so dass es unmöglich ist, seine Wachsamkeit zu täuschen.;https://de.wikipedia.org/wiki/Argos_(Riese)
84;de;Wie oft ist Chinas Fläche größer als die Japans ?;39;29;19;9;Expert;Seit 1945 hat Japan ein Archipel von 6.852 Inseln gebildet, von denen die vier größten Hokkaido, Honshu, Shikoku und Kyushu sind.;https://de.wikipedia.org/wiki/Japan
85;de;Wie lang sind die Anden mit 6.962 Metern ?;7.100 km;6.700 km;8.300 km;9.700 km;Expert;Die Andenkordillere beginnt in Venezuela und durchquert dann Kolumbien, Ecuador, Peru, Bolivien, Chile und Argentinien.;
86;de;Wie lang ist der japanische Eisenbahntunnel von Seikan ?;53 km;42 km;37 km;29 km;Expert;Der Seikan-Tunnel ist etwas länger als der Kanaltunnel und hat einen Abschnitt von 23,3 km unter dem Meeresboden.;https://de.wikipedia.org/wiki/Seikan-Tunnel
87;de;Wie viele Konfetti wurden nach seiner berühmten Raumfahrt auf John Glenn geworfen ?;3,474 Tonnen;2,828 Tonnen;1,732 Tonnen;4,437 Tonnen;Expert;Nachdem er die NASA 1963 verlassen hatte, begann eine erfolglose politische Karriere, die ihn zwang, sich der Geschäftswelt zuzuwenden.;https://de.wikipedia.org/wiki/John_Glenn
88;de;Wie viele Soldaten hat die beerdigte Armee des Kaisers Qin ?;8.000;6.000;4.000;10.000;Expert;Nach dem Garen der Statuen wurden Mineralfarben aufgetragen, wodurch die verschiedenen Einheiten unterschieden werden konnten.;https://de.wikipedia.org/wiki/Mausoleum_Qin_Shihuangdis
89;de;In welchem Jahr entdeckte Nicolas Appert die Blechdose ?;1795;1829;1847;1902;Expert;Einmachen kann als ein Konservierungsprozess definiert werden, der darin besteht, die verderblichen Waren durch Erhitzen zu sterilisieren.;https://de.wikipedia.org/wiki/Nicolas_Appert
90;de;Wie viele Inseln gibt es in ganz Finnland ?;180.000;160.000;140.000;120.000;Expert;Die meisten Inseln liegen im Südwesten, im Aland-Archipel und an der Südküste des Finnischen Meerbusens.;https://de.wikipedia.org/wiki/Finnland
91;es;¿Cuántas obras ejecutó Hércules para Eurystheus, el rey de Tiryns ?;12;10;100;40;Novato;El hebreo corresponde a Roman Hercules, Phenician Melqart, Artifical Circle y Kakasbos in Asia Minor.;https://es.wikipedia.org/wiki/Heracles
92;es;¿A qué edad obtuvo Nadia Comaneci la puntuación perfecta de 10 en los Juegos Olímpicos ?;14 años;15 años;13 años;16 años;Novato;Nadia Comaneci se naturalizó en Estados Unidos después de su carrera deportiva, ya que nunca representó a este país en la competencia.;https://es.wikipedia.org/wiki/Nadia_Com?neci
93;es;¿Cuál es la diferencia entre el 87 y el 86 cuadrado ?;173;87;86;1;Novato;Cada número real estrictamente positivo es el cuadrado de exactamente dos números, uno estrictamente positivo y el otro estrictamente negativo.;https://es.wikipedia.org/wiki/Cuadrado_(álgebra)
94;es;¿Cuántos miles de pasajeros podría sostener el Titanic a bordo ?;3,000;2,000;1,000;4,000;Novato;El casco del Titanic estaba equipado con dieciséis compartimentos estancos para proteger la nave de los cursos de agua.;https://es.wikipedia.org/wiki/RMS Titanic
95;es;¿En qué año fue coronado emperador Carlomagno en Roma ?;800;900;700;600;Novato;Soberano reformador, con conciencia cultural, protege las artes y las letras y está en el origen del renacimiento carolingio.;https://es.wikipedia.org/wiki/Carlomagno
96;es;En medida, ¿cuál es el valor en milímetros de pulgada ?;25 mm;32 mm;16 mm;45 mm;Novato;El pulgar es una unidad que se remonta a la Edad Media, que ahora se usa para tamaños de neumáticos o pantallas de computadora.;https://es.wikipedia.org/wiki/Pulgada
97;es;¿Qué edad tenía Mozart cuando se realizó su primera ópera en público ?;13 años;15 años;11 años;17 años;Novato;Murió a la edad de 35 años, Mozart deja atrás 626 obras de arte que abarcan todos los géneros musicales de su época.;https://es.wikipedia.org/wiki/Wolfgang_Amadeus_Mozart
98;es;En la mitología griega, ¿cuántos argonautas acompañaron a Jason ?;50;40;100;500;Novato;La plaga de los argonautas ha dado lugar a varios motivos que se inspiran con bastante libertad de diferentes fuentes del mito.;https://es.wikipedia.org/wiki/Argonautas
99;es;¿En qué año tuvo lugar el primer Festival de Cine de Cannes ?;1946;1956;1966;1976;Novato;El Festival se fundó en 1946 en un proyecto de Jean Zay, Ministro de Educación Nacional y Bellas Artes del Frente Popular.;https://es.wikipedia.org/wiki/Festival_de_Cannes
100;es;¿Cuántos años ha pasado Robinson Crusoe en su isla ?;28;24;20;16;Novato;Robinson Crusoe es una novela inglesa escrita por Daniel Defoe cuya historia está inspirada en la vida de Alexander Selkirk.;https://es.wikipedia.org/wiki/Robinson_Crusoe
101;es;En computación, ¿cuántos bytes hay en un kilobyte ?;1 024;256;512;32;Confirmado;El término se usa como una unidad de medida de computadora para indicar la capacidad de memorización de la memoria.;
102;es;¿En qué año ganó Michel Preud'homme el Premio Lev Yachine ?;1994;1992;1990;1988;Confirmado;Michel Preud'homme ocupó el puesto de entrenador en el Standard de Liège, después de ser el director deportivo del mismo club.;https://es.wikipedia.org/wiki/Michel_Preud'homme
103;es;¿Cuánto tiene el sitio de Carnac menhires en sus alineaciones ?;2 934;2 394;1 934;1 394;Confirmado;El sitio de Carnac está ubicado en el límite norte de Mor Braz, entre el Golfo de Morbihan al este y la península de Quiberon al oeste.;https://es.wikipedia.org/wiki/Carnac
104;es;¿Cuántos son los satélites naturales conocidos alrededor de Júpiter ?;69;59;49;39;Confirmado;Júpiter es el segundo planeta del Sistema Solar, después de Saturno, con el mayor número de satélites naturales observados.;https://es.wikipedia.org/wiki/Satélites_de_Júpiter
105;es;¿A qué distancia está la línea de salida desde el primer obstáculo hasta los 400 m ?;45 m;37 m;29 m;18 m;Confirmado;Los mejores atletas masculinos terminan la carrera en unos 47 segundos y las atletas femeninas en unos 53 segundos.;https://es.wikipedia.org/wiki/400_metros_vallas
106;es;¿Cuántos partidos ha jugado la selección belga de fútbol con Guy Thys ?;100;80;120;140;Confirmado;Nacido en Amberes e hijo de Ivan Thys, Guy Thys fue el entrenador del equipo de fútbol nacional belga más exitoso.;https://es.wikipedia.org/wiki/Guy_Thys
107;es;¿Cuál es el porcentaje de silicio utilizado en la composición de la corteza terrestre ?;25%;19%;8%;32%;Confirmado;El silicio está comparativamente solo presente en cantidades relativamente pequeñas en la materia que constituye el ser vivo.;https://es.wikipedia.org/wiki/Silicio
108;es;¿Cuántos años ha sido Ferdinand Marcos presidente de Filipinas ?;21;17;25;19;Confirmado;Marcos puede ser considerado como un experto en el desembolso de fondos: habría rechazado miles de millones de dólares del Tesoro de Filipinas.;https://es.wikipedia.org/wiki/Ferdinand_Marcos
109;es;¿Cuántos espectadores pueden hoy dar la bienvenida a las arenas de Verona ?;22,000;19,000;16,000;13 000;Confirmado;Casi todas las noches de marzo a septiembre, los espectáculos tienen lugar y tienen el tema de antiguas luchas de gladiadores.;https://es.wikipedia.org/wiki/Arena_de_Verona
110;es;¿Cuántas piezas contenía el palacio imperial en la Ciudad Prohibida ?;9,999;8,888;7,777;6,666;Confirmado;La cifra de 9.999 se explica por el hecho de que solo a sus divinidades se les permitió construir un palacio con 10.000 piezas.;https://es.wikipedia.org/wiki/Ciudad_Prohibida
111;es;¿Cuál es la longitud total del puente Golden Gate en San Francisco ?;1 280 m;1 146 m;1 073 m;996 m;Experto;El puente Golden Gate fue, hasta 1964, el puente colgante más largo del mundo y sigue siendo un famoso monumento de San Francisco.;https://es.wikipedia.org/wiki/Puente_Golden_Gate
112;es;¿Cuántas canciones de Elvis Presley fueron las número uno en el desfile de éxitos de Estados Unidos ?;18;16;14;12;Experto;Elvis ha ayudado a popularizar el incipiente género rockabilly, una combinación enérgica de música country, rhythm and blues.;https://es.wikipedia.org/wiki/Elvis_Presley
113;es;En la mitología griega, ¿cuánto tenía el gigante Argos ojos ?;100;80;60;40;Experto;Siempre hay cincuenta que duermen y cincuenta que miran, por lo que es imposible engañar a su vigilancia.;https://es.wikipedia.org/wiki/Argos_Panoptes
114;es;¿Con qué frecuencia es el área de China más grande que la de Japón ?;39;29;19;9;Experto;Desde 1945, Japón ha formado un archipiélago de 6.852 islas, las cuatro más grandes de las cuales son Hokkaido, Honshu, Shikoku y Kyushu.;https://es.wikipedia.org/wiki/Japón
115;es;¿Cuál es la longitud de la cordillera de los Andes a 6,962 metros ?;7,100 km;6,700 km;8,300 km;9,700 km;Experto;La cordillera de los Andes comienza en Venezuela y luego cruza Colombia, Ecuador, Perú, Bolivia, Chile y Argentina.;https://es.wikipedia.org/wiki/Cordillera_de_los_Andes
116;es;¿Cuánto dura el túnel ferroviario japonés Seikan ?;53 km;42 km;37 km;29 km;Experto;El túnel Seikan es un poco más largo que el Túnel del Canal y tiene una sección de 23,3 km bajo el lecho marino.;https://es.wikipedia.org/wiki/Túnel_Seikan
117;es;¿Cuántos confeti fueron arrojados a John Glenn después de su famoso viaje espacial ?;3,474 toneladas;2,828 toneladas;1,732 toneladas;4,437 toneladas;Experto;Después de dejar la NASA en 1963, comenzó una exitosa carrera política que lo obligó a dedicarse al mundo de los negocios.;https://es.wikipedia.org/wiki/John_Glenn
118;es;¿Cuántos soldados tiene el ejército enterrado del emperador Qin ?;8,000;6,000;4,000;10,000;Experto;Los colores minerales se aplicaron después de cocinar en las estatuas, lo que permitió distinguir las diferentes unidades.;https://es.wikipedia.org/wiki/Mausoleo_de_Qin_Shi_Huang
119;es;¿En qué año descubrió la lata Nicolas Appert ?;1795;1829;1847;1902;Experto;El enlatado se puede definir como un proceso de conservación que consiste en esterilizar por calor los productos perecederos.;https://es.wikipedia.org/wiki/Nicolás_Appert
120;es;¿Cuál es el número de islas presentes en toda Finlandia ?;180,000;160,000;140,000;120,000;Experto;La mayoría de las islas se encuentran en el suroeste, en el archipiélago de Aland, y en la costa sur del golfo de Finlandia.;https://es.wikipedia.org/wiki/Finlandia
121;it;Quanti lavori ha eseguito Hercules per Eurystheus, King of Tiryns ?;12;10;100;40;Newbie;L'ebraico corrisponde a Ercole Romano, Fenice Melqart, Cerchio Artificiale e Kakasbo in Asia Minore.;https://it.wikipedia.org/wiki/Eracle
122;it;A che età Nadia Comaneci ha ottenuto il punteggio perfetto di 10 alle Olimpiadi ?;14 anni;15 anni;13 anni;16 anni;Newbie;Nadia Comaneci è stata naturalizzata americana dopo la sua carriera sportiva, non avendo mai rappresentato questo paese in competizione.;https://it.wikipedia.org/wiki/Nadia_Com?neci
123;it;Qual è la differenza tra la 87 e la 86 piazza ?;173;87;86;1;Newbie;Ogni numero reale strettamente positivo è il quadrato di esattamente due numeri, uno strettamente positivo, l'altro strettamente negativo.;https://it.wikipedia.org/wiki/Quadrato_(algebra)
124;it;Quante migliaia di passeggeri potrebbero tenere il Titanic a bordo ?;3.000;2.000;1.000;4.000;Newbie;Lo scafo del Titanic era dotato di sedici compartimenti stagni per proteggere la nave dai corsi d'acqua.;https://it.wikipedia.org/wiki/RMS Titanic
125;it;In quale anno Carlo Magno fu incoronato imperatore a Roma ?;800;900;700;600;Newbie;Sovrano riformatore, culturalmente cosciente, protegge le arti e le lettere ed è all'origine del rinascimento carolingio.;https://it.wikipedia.org/wiki/Carlo Magno
126;it;In misura, qual è il valore in millimetri di un pollice ?;25 mm;32 mm;16 mm;45 mm;Newbie;Il pollice è un'unità risalente al Medioevo, ora utilizzata per taglie di pneumatici o schermi di computer.;https://it.wikipedia.org/wiki/Pollice_(unità_di_misura)
127;it;Che età aveva Mozart quando la sua prima opera fu rappresentata in pubblico ?;13 anni;15 anni;11 anni;17 anni;Newbie;Morto all'età di 35 anni, Mozart lascia alle sue spalle 626 opere provate che abbracciano tutti i generi musicali della sua epoca.;https://it.wikipedia.org/wiki/Wolfgang_Amadeus_Mozart
128;it;Nella mitologia greca, quanti Argonauti hanno accompagnato Jason ?;50;40;100;500;Newbie;La piaga degli Argonauti ha dato origine a numerosi motivi ispirati abbastanza liberamente da diverse fonti di mito.;https://it.wikipedia.org/wiki/Argonauti
129;it;In quale anno si è svolto il primo Festival di Cannes ?;1946;1956;1966;1976;Newbie;Il Festival è stato fondato nel 1946 su progetto di Jean Zay, Ministro dell'Istruzione Nazionale e delle Belle Arti del Fronte Popolare.;https://it.wikipedia.org/wiki/Festival_di_Cannes
130;it;Quanti anni ha trascorso Robinson Crusoe nella sua isola ?;28;24;20;16;Newbie;Robinson Crusoe è un romanzo inglese scritto da Daniel Defoe la cui storia è ispirata molto liberamente alla vita di Alexander Selkirk.;https://it.wikipedia.org/wiki/Robinson_Crusoe
131;it;Nel calcolo, quanti byte sono in un kilobyte ?;1 024;256;512;32;Confermato;Il termine è usato come unità di misura del computer per indicare la capacità di memorizzazione della memoria.;
132;it;In quale anno Michel Preud'homme ha vinto il Premio Lev Yachine ?;1994;1992;1990;1988;Confermato;Michel Preud'homme ha ricoperto la carica di allenatore dello Standard de Liège, dopo essere stato il direttore sportivo dello stesso club.;https://it.wikipedia.org/wiki/Michel_Preud'homme
133;it;Quanto il sito di Carnac ha i menhir nei suoi allineamenti ?;2 934;2 394;1 934;1 394;Confermato;Il sito Carnac si trova al limite settentrionale di Mor Braz, tra il Golfo di Morbihan a est e la penisola di Quiberon a ovest.;https://it.wikipedia.org/wiki/Carnac
134;it;Quanti sono finora noti i satelliti naturali attorno a Giove ?;69;59;49;39;Confermato;Giove è il secondo pianeta del Sistema Solare, dopo Saturno, con il maggior numero di satelliti naturali osservati.;https://it.wikipedia.org/wiki/Satelliti_naturali_di_Giove
135;it;Quanto dista la linea di partenza dal primo ostacolo alla barriera dei 400 metri ?;45 m;37 m;29 m;18 m;Confermato;I migliori atleti di sesso maschile terminano la gara in circa 47 secondi e le atlete in circa 53 secondi.;https://it.wikipedia.org/wiki/400_metri_ostacoli
136;it;Quante partite ha giocato la squadra nazionale belga con Guy Thys ?;100;80;120;140;Confermato;Nato ad Anversa e figlio di Ivan Thys, Guy Thys è stato l'allenatore della squadra nazionale di calcio belga di maggior successo.;https://it.wikipedia.org/wiki/Guy_Thys
137;it;Qual è la percentuale di silicio utilizzato nella composizione della corteccia terrestre ?;25%;19%;8%;32%;Confermato;Il silicio è comparativamente presente solo in quantità relativamente piccole nella materia che costituisce il vivente.;https://it.wikipedia.org/wiki/Silicio
138;it;Da quanti anni Ferdinand Marcos è stato presidente delle Filippine ?;21;17;25;19;Confermato;Marcos potrebbe essere considerato un esperto per l'erogazione di fondi: avrebbe allontanato miliardi di dollari dal Tesoro delle Filippine.;https://it.wikipedia.org/wiki/Ferdinand_Marcos
139;it;Quanti spettatori possono oggi accogliere le arene di Verona ?;22.000;19.000;16.000;13 000;Confermato;Quasi tutte le sere da marzo a settembre, gli spettacoli hanno luogo e hanno il tema delle antiche lotte dei gladiatori.;https://it.wikipedia.org/wiki/Arena_di_Verona
140;it;Quanti pezzi contenevano il palazzo imperiale nella Città Proibita ?;9.999;8.888;7.777;6.666;Confermato;La cifra di 9.999 è spiegata dal fatto che solo le loro divinità potevano costruire un palazzo con 10.000 pezzi.;https://it.wikipedia.org/wiki/Città_Proibita
141;it;Qual è la lunghezza totale del Golden Gate Bridge a San Francisco ?;1 280 m;1 146 m;1 073 m;996 m;Expert;Il Golden Gate Bridge fu, fino al 1964, il ponte sospeso più lungo del mondo e rimane un famoso monumento di San Francisco.;https://it.wikipedia.org/wiki/Golden_Gate_Bridge
142;it;Quante canzoni di Elvis Presley erano al primo posto nella hit parade americana ?;18;16;14;12;Expert;Elvis ha contribuito a diffondere il nascente genere rockabilly, un energico mix di musica country e rhythm and blues.;https://it.wikipedia.org/wiki/Elvis_Presley
143;it;Nella mitologia greca, quanto ha visto il gigante Argos ?;100;80;60;40;Expert;Ci sono sempre cinquanta che dormono e cinquanta che guardano, così che è impossibile ingannare la sua vigilanza.;https://it.wikipedia.org/wiki/Argo_Panoptes
144;it;Quante volte l'area della Cina è più grande di quella del Giappone ?;39;29;19;9;Expert;Dal 1945, il Giappone ha formato un arcipelago di 6.852 isole, le quattro più grandi delle quali sono Hokkaido, Honshu, Shikoku e Kyushu.;https://it.wikipedia.org/wiki/Giappone
145;it;Qual è la lunghezza della catena montuosa delle Ande a 6.962 metri ?;7.100 km;6.700 km;8.300 km;9.700 km;Expert;La Cordigliera delle Ande inizia in Venezuela e attraversa poi Colombia, Ecuador, Perù, Bolivia, Cile e Argentina.;https://it.wikipedia.org/wiki/Ande
146;it;Quanto dura il tunnel ferroviario giapponese di Seikan ?;53 km;42 km;37 km;29 km;Expert;Il tunnel di Seikan è leggermente più lungo del tunnel sotto la Manica e ha una sezione di 23,3 km sotto il fondo del mare.;https://it.wikipedia.org/wiki/Galleria_Seikan
147;it;Quanti coriandoli sono stati lanciati a John Glenn dopo il suo famoso viaggio nello spazio ?;3,474 tonnellate;2,828 tonnellate;1,732 tonnellate;4,437 tonnellate;Expert;Dopo aver lasciato la NASA nel 1963, iniziò una carriera politica senza successo che lo costrinse a rivolgersi al mondo degli affari.;https://it.wikipedia.org/wiki/John_Glenn
148;it;Quanti soldati ha l'esercito sepolto dell'Imperatore Qin ?;8.000;6.000;4.000;10.000;Expert;I colori minerali sono stati applicati dopo la cottura sulle statue, rendendo così possibile distinguere le diverse unità.;https://it.wikipedia.org/wiki/Mausoleo_di_Qin_Shi_Huang
149;it;In quale anno Nicolas Appert ha scoperto il barattolo di latta ?;1795;1829;1847;1902;Expert;L'inscatolamento può essere definito come un processo di conservazione che consiste nella sterilizzazione a caldo delle merci deperibili.;https://it.wikipedia.org/wiki/Nicolas_Appert
150;it;Qual è il numero di isole presenti in tutta la Finlandia ?;180.000;160.000;140.000;120.000;Expert;La maggior parte delle isole si trova nel sud-ovest, nell'arcipelago di Aland e lungo la costa meridionale del Golfo di Finlandia.;https://it.wikipedia.org/wiki/Finlandia
151;nl;Hoeveel werken heeft Hercules uitgevoerd voor Eurystheus, koning van Tiryns ?;12;10;100;40;Newbie;Hebreeuws komt overeen met Roman Hercules, Phenician Melqart, Artifical Circle en Kakasbos in Klein-Azië.;https://nl.wikipedia.org/wiki/Herakles_(mythologie)
152;nl;Op welke leeftijd kreeg Nadia Comaneci de perfecte score van 10 op de Olympische Spelen ?;14 jaar oud;15 jaar oud;13 jaar oud;16 jaar oud;Newbie;Nadia Comaneci werd Amerikaan genaturaliseerd na haar sportcarrière en had dit land nog nooit in competitie vertegenwoordigd.;https://nl.wikipedia.org/wiki/Nadia_Com?neci
153;nl;Wat is het verschil tussen het 87 en het 86 vierkant ?;173;87;86;1;Newbie;Elk strikt positief reëel getal is het kwadraat van precies twee getallen, één strikt positief, de andere strikt negatief.;https://nl.wikipedia.org/wiki/Kwadraat
154;nl;Hoeveel duizenden passagiers kon de Titanic aan boord houden ?;3000;2.000;1.000;4.000;Newbie;De romp van de Titanic was uitgerust met zestien waterdichte compartimenten om het schip tegen waterwegen te beschermen.;https://nl.wikipedia.org/wiki/Titanic (schip, 1912)
155;nl;In welk jaar werd Karel de Grote tot keizer gekroond in Rome ?;800;900;700;600;Newbie;Soeverein hervormer, cultureel bewust, hij beschermt de kunst en letters en is de oorsprong van de Karolingische renaissance.;https://nl.wikipedia.org/wiki/Karel_de_Grote
156;nl;Wat is de waarde in millimeters van een inch in maat ?;25 mm;32 mm;16 mm;45 mm;Newbie;De duim is een eenheid die dateert uit de Middeleeuwen en wordt nu gebruikt voor bandenmaten of computerschermen.;https://nl.wikipedia.org/wiki/Inch
157;nl;Hoe oud was Mozart toen zijn eerste opera in het openbaar werd uitgevoerd ?;13 jaar oud;15 jaar;11 jaar;17 jaar;Newbie;Op zijn 35e stierf Mozart met achterlating van 626 kunstwerken die alle muzikale genres van zijn tijd omvatten.;https://nl.wikipedia.org/wiki/Wolfgang_Amadeus_Mozart
158;nl;Hoeveel Argonauten vergezelden Jason in de Griekse mythologie ?;50;40;100;500;Newbie;De Argonauts-pest heeft aanleiding gegeven tot verschillende smeekbeden die vrijelijk geïnspireerd zijn door verschillende bronnen van mythen.;https://nl.wikipedia.org/wiki/Argonauten
159;nl;In welk jaar vond het eerste Filmfestival van Cannes plaats ?;1946;1956;1966;1976;Newbie;Het festival werd in 1946 opgericht op initiatief van Jean Zay, minister van Nationale Educatie en Schone Kunsten van het Volksfront.;https://nl.wikipedia.org/wiki/Filmfestival_van_Cannes
160;nl;Hoeveel jaar heeft Robinson Crusoë op zijn eiland doorgebracht ?;28;24;20;16;Newbie;Robinson Crusoe is een Engelse roman geschreven door Daniel Defoe, wiens verhaal is geïnspireerd op het leven van Alexander Selkirk.;https://nl.wikipedia.org/wiki/Robinson_Crusoe
161;nl;Hoeveel computers zijn in een kilobyte berekend ?;1 024;256;512;32;Bevestigd;De term wordt gebruikt als een computer-meeteenheid om geheugenopslagcapaciteit aan te geven.;
162;nl;In welk jaar won Michel Preud'homme de Lev Yachine-prijs ?;1994;1992;1990;1988;Bevestigd;Michel Preud'homme bekleedde de coachingspost bij Standard de Liege, nadat hij de sportdirecteur van dezelfde club was.;https://nl.wikipedia.org/wiki/Michel_Preud'homme
163;nl;Hoeveel heeft de site van Carnac menhirs in zijn afstemming ?;2 934;2 394;1 934;1 394;Bevestigd;De site van Carnac ligt aan de noordelijke grens van Mor Braz, tussen de Golf van Morbihan in het oosten en het schiereiland Quiberon in het westen.;https://nl.wikipedia.org/wiki/Carnac
164;nl;Hoeveel tot nu toe zijn bekende natuurlijke satellieten rond Jupiter ?;69;59;49;39;Bevestigd;Jupiter is de tweede planeet van het zonnestelsel, na Saturnus, met het grootste aantal waargenomen natuurlijke satellieten.;https://nl.wikipedia.org/wiki/Lijst_van_manen_van_Jupiter
165;nl;Hoe ver is de vertreklijn van de eerste horde naar de 400 m hindernis ?;45 m;37 m;29 m;18 m;Bevestigd;De beste mannelijke atleten eindigen de race in ongeveer 47 seconden en de vrouwelijke atleten in ongeveer 53 seconden.;https://nl.wikipedia.org/wiki/400_meter_horden
166;nl;Hoeveel wedstrijden heeft het Belgische nationale voetbalteam gespeeld met Guy Thys ?;100;80;120;140;Bevestigd;Guy Thys werd geboren in Antwerpen en zoon van Ivan Thys en was de coach van het meest succesvolle Belgische nationale voetbalteam.;https://nl.wikipedia.org/wiki/Guy_Thys
167;nl;Wat is het percentage silicium dat wordt gebruikt in de samenstelling van de terrestrische schors ?;25%;19%;8%;32%;Bevestigd;Silicium is relatief slechts in relatief kleine hoeveelheden aanwezig in de materie die de levenden vormt.;https://nl.wikipedia.org/wiki/Silicium
168;nl;Hoeveel jaar is Ferdinand Marcos president van de Filipijnen geweest ?;21;17;25;19;Bevestigd;Marcos kan worden beschouwd als een expert in het uitbetalen van fondsen: hij zou miljarden dollars van de Filippijnse schatkist hebben afgewend.;https://nl.wikipedia.org/wiki/Ferdinand_Marcos
169;nl;Hoeveel toeschouwers kunnen vandaag de arena's van Verona verwelkomen ?;22.000;19.000;16.000;13 000;Bevestigd;Bijna elke avond van maart tot september vinden er shows plaats met het thema van oude gladiatorengevechten.;https://nl.wikipedia.org/wiki/Arena_van_Verona
170;nl;Hoeveel stukken bevatten het keizerlijk paleis in de Verboden Stad ?;9.999;8.888;7.777;6.666;Bevestigd;Het cijfer van 9.999 wordt verklaard door het feit dat alleen hun godheden een paleis mochten bouwen met 10.000 stuks.;https://nl.wikipedia.org/wiki/Verboden_Stad
171;nl;Wat is de totale lengte van de Golden Gate Bridge in San Francisco ?;1 280 m;1 146 m;1 073 m;996 m;Expert;De Golden Gate Bridge was tot 1964 de langste hangbrug ter wereld en blijft een beroemd monument van San Francisco.;https://nl.wikipedia.org/wiki/Golden_Gate_Bridge
172;nl;Hoeveel nummers van Elvis Presley waren nummer één in de Amerikaanse hitlijsten ?;18;16;14;12;Expert;Elvis heeft het ontluikende rockabilly-genre gepopulariseerd, een energieke mix van countrymuziek en ritme en blues.;https://nl.wikipedia.org/wiki/Elvis_Presley
173;nl;In de Griekse mythologie, hoeveel had de reus Argos ogen ?;100;80;60;40;Expert;Er zijn altijd vijftig die slapen en vijftig die waken, zodat het onmogelijk is om zijn waakzaamheid te misleiden.;https://nl.wikipedia.org/wiki/Argus_Panoptes
174;nl;Hoe vaak is China's gebied groter dan dat van Japan ?;39;29;19;9;Expert;Sinds 1945 heeft Japan een archipel gevormd van 6.852 eilanden, waarvan de vier grootste zijn Hokkaido, Honshu, Shikoku en Kyushu.;https://nl.wikipedia.org/wiki/Japan
175;nl;Hoe lang is het Andesgebergte op 6.962 meter ?;7.100 km;6.700 km;8.300 km;9.700 km;Expert;De Andes-cordillera begint in Venezuela en passeert vervolgens Colombia, Ecuador, Peru, Bolivia, Chili en Argentinië.;https://nl.wikipedia.org/wiki/Andes
176;nl;Hoe lang is de Seikan Japanese Railway Tunnel ?;53 km;42 km;37 km;29 km;Expert;De Seikan-tunnel is iets langer dan de Kanaaltunnel en heeft een deel van 23,3 km onder de zeebodem.;https://nl.wikipedia.org/wiki/Seikantunnel
177;nl;Hoeveel confetti werden er naar John Glenn gegooid na zijn beroemde ruimtereis ?;3,474 ton;2.828 ton;1.732 ton;4.437 ton;Expert;Nadat hij in 1963 de NASA had verlaten, begon hij aan een niet-succesvolle politieke carrière die hem dwong zich tot het bedrijfsleven te wenden.;https://nl.wikipedia.org/wiki/John_Glenn
178;nl;Hoeveel soldaten heeft het leger van de keizer Qin ?;8,000;6.000;4.000;10.000;Expert;Minerale kleuren werden aangebracht na het koken op de standbeelden, waardoor het mogelijk was om de verschillende eenheden te onderscheiden.;
179;nl;In welk jaar heeft Nicolas Appert het blik ontdekt ?;1795;1829;1847;1902;Expert;Inblikken kan worden gedefinieerd als een proces van conservering dat bestaat uit het steriliseren door warmte van de bederfelijke goederen.;https://nl.wikipedia.org/wiki/Nicolas_Appert
180;nl;Hoe groot is het aantal eilanden in heel Finland ?;180.000;160.000;140.000;120.000;Expert;De meeste eilanden liggen in het zuidwesten, in de Aland-archipel en aan de zuidkust van de Finse Golf.;https://nl.wikipedia.org/wiki/Finland
