<?xml version="1.0" encoding="UTF-8" standalone="yes" ?>
<quizz fournisseur="OpenQuizzDB : Fournisseur de contenu libre"
       url="http://www.openquizzdb.org"
       rédacteur="Philippe Bresoux"
       thème="Saints"
       difficulté="3">
  <débutant>
    <contenu id="1">
      <question>Quelle sainte est la mère de la Vierge Marie, elle-même la Mère de Dieu ?</question>
      <propositions>
        <proposition id="1-1">Anne</proposition>
        <proposition id="1-2">Marthe</proposition>
        <proposition id="1-3">Odile</proposition>
        <proposition id="1-4">Jeanne</proposition>
      </propositions>
      <réponse proposition="1-1">Anne</réponse>
      <anecdote>Les Églises catholique et orthodoxe accordent une place essentielle à Marie, qu'elles appellent « Sainte Vierge ».</anecdote>
    </contenu>
    <contenu id="2">
      <question>Quelle sainte est la patronne des musiciens ainsi que des brodeuses ?</question>
      <propositions>
        <proposition id="2-1">Sainte Marguerite</proposition>
        <proposition id="2-2">Sainte Agathe</proposition>
        <proposition id="2-3">Sainte Cécile</proposition>
        <proposition id="2-4">Sainte Véronique</proposition>
      </propositions>
      <réponse proposition="2-3">Sainte Cécile</réponse>
      <anecdote>Ayant vécu à Rome, sa légende en fait une vierge qui, mariée de force, continua à respecter son vu de virginité.</anecdote>
    </contenu>
    <contenu id="3">
      <question>Quelle sainte lava les pieds de Jésus au cours du banquet chez Simon ?</question>
      <propositions>
        <proposition id="3-1">Madeleine</proposition>
        <proposition id="3-2">Béthanie</proposition>
        <proposition id="3-3">Béatrice</proposition>
        <proposition id="3-4">Marthe</proposition>
      </propositions>
      <réponse proposition="3-1">Madeleine</réponse>
      <anecdote>L'Évangile selon Jean en fait la première personne à avoir vu Jésus après sa Résurrection, chargée d'avertir les apôtres. </anecdote>
    </contenu>
    <contenu id="4">
      <question>Quel est le jour de la Saint-Valentin, devenu une fête laïque au XXe siècle ?</question>
      <propositions>
        <proposition id="4-1">Le 18 février</proposition>
        <proposition id="4-2">Le 16 février</proposition>
        <proposition id="4-3">Le 12 février</proposition>
        <proposition id="4-4">Le 14 février</proposition>
      </propositions>
      <réponse proposition="4-4">Le 14 février</réponse>
      <anecdote>Les couples en profitent pour échanger des mots doux et des cadeaux comme preuves d'amour ainsi que des roses rouges.</anecdote>
    </contenu>
    <contenu id="5">
      <question>Par qui a été perpétré le massacre de la Saint-Barthélémy le 24 août 1572 ?</question>
      <propositions>
        <proposition id="5-1">Les Chouans</proposition>
        <proposition id="5-2">Les Anglicans</proposition>
        <proposition id="5-3">Les Catholiques</proposition>
        <proposition id="5-4">Les Protestants</proposition>
      </propositions>
      <réponse proposition="5-3">Les Catholiques</réponse>
      <anecdote>Cet épisode tragique des guerres de religion résulte d'un enchevêtrement complexe de facteurs multiples.</anecdote>
    </contenu>
    <contenu id="6">
      <question>Quel saint ne faut-il pas trop honorer quand on surveille sa ligne ?</question>
      <propositions>
        <proposition id="6-1">Le saint-germain</proposition>
        <proposition id="6-2">Le saint-pierre</proposition>
        <proposition id="6-3">Le saint-honoré</proposition>
        <proposition id="6-4">Le saint-charles</proposition>
      </propositions>
      <réponse proposition="6-3">Le saint-honoré</réponse>
      <anecdote>Le saint-honoré, qui porte le nom du patron des boulangers, est constitué de petits choux à la crème, nappés de caramel.</anecdote>
    </contenu>
    <contenu id="7">
      <question>Quel saint garde les clefs du salut des âmes et du Paradis ?</question>
      <propositions>
        <proposition id="7-1">Saint Thomas</proposition>
        <proposition id="7-2">Saint Pierre</proposition>
        <proposition id="7-3">Saint Jean</proposition>
        <proposition id="7-4">Saint Luc</proposition>
      </propositions>
      <réponse proposition="7-2">Saint Pierre</réponse>
      <anecdote>Les statues de saint Pierre tenant les clefs du paradis sont toujours présentes dans les églises et cathédrales des diocèses.</anecdote>
    </contenu>
    <contenu id="8">
      <question>Sur de nombreux tableaux de maîtres, par quel oiseau le Saint-Esprit est-il symbolisé ?</question>
      <propositions>
        <proposition id="8-1">Un merle</proposition>
        <proposition id="8-2">Une colombe</proposition>
        <proposition id="8-3">Une pie</proposition>
        <proposition id="8-4">Une grue</proposition>
      </propositions>
      <réponse proposition="8-2">Une colombe</réponse>
      <anecdote>Une colombe blanche tenant un rameau d'olivier dans le bec est reconnu dans le monde entier comme un symbole de paix.</anecdote>
    </contenu>
    <contenu id="9">
      <question>Quel saint, considéré comme le patron des voyageurs, a porté le Christ sur son dos ?</question>
      <propositions>
        <proposition id="9-1">Saint Marc</proposition>
        <proposition id="9-2">Saint Luc</proposition>
        <proposition id="9-3">Saint Christophe</proposition>
        <proposition id="9-4">Saint Pierre</proposition>
      </propositions>
      <réponse proposition="9-3">Saint Christophe</réponse>
      <anecdote>Autrefois, Christophe de Lycie passait pour mettre à l'abri des maladies quiconque voyait sa statue.</anecdote>
    </contenu>
    <contenu id="10">
      <question>Durant quel mois ont lieu les saints de glace, célébrés les 11, 12 et 13 du mois ?</question>
      <propositions>
        <proposition id="10-1">Le mois de mai</proposition>
        <proposition id="10-2">Le mois de février</proposition>
        <proposition id="10-3">Le mois de juin</proposition>
        <proposition id="10-4">Le mois de mars</proposition>
      </propositions>
      <réponse proposition="10-1">Le mois de mai</réponse>
      <anecdote>Chaque année, ces saints sont invoqués par les agriculteurs pour éviter l'effet d'une baisse de la température sur les cultures.</anecdote>
    </contenu>
  </débutant>
  <confirmé>
    <contenu id="11">
      <question>Qui était le compagnon de Paul de Tarse, désigné aussi sous le nom de saint Paul ?</question>
      <propositions>
        <proposition id="11-1">Saint Marc</proposition>
        <proposition id="11-2">Saint Luc</proposition>
        <proposition id="11-3">Saint Jean</proposition>
        <proposition id="11-4">Saint Matthieu</proposition>
      </propositions>
      <réponse proposition="11-2">Saint Luc</réponse>
      <anecdote>Sans faire partie des « Douze », Saint Paul a marqué le christianisme par son interprétation de l'enseignement de Jésus.</anecdote>
    </contenu>
    <contenu id="12">
      <question>Dans quelle ville est né le moine Saint Émilion qui donna son nom au célèbre vignoble ?</question>
      <propositions>
        <proposition id="12-1">Saintes</proposition>
        <proposition id="12-2">Nantes</proposition>
        <proposition id="12-3">Bordeaux</proposition>
        <proposition id="12-4">Vannes</proposition>
      </propositions>
      <réponse proposition="12-4">Vannes</réponse>
      <anecdote>Devenu moine à Saujon, près de Royan, il fut contraint à la fuite en raison de l'afflux de pèlerins à la suite de ses miracles.</anecdote>
    </contenu>
    <contenu id="13">
      <question>Dans le calendrier grégorien, quel mois honore le plus de saints ?</question>
      <propositions>
        <proposition id="13-1">Janvier</proposition>
        <proposition id="13-2">Juillet</proposition>
        <proposition id="13-3">Avril</proposition>
        <proposition id="13-4">Novembre</proposition>
      </propositions>
      <réponse proposition="13-4">Novembre</réponse>
      <anecdote>Le calendrier grégorien, contenant des années bissextiles, est utilisé dans la majeure partie du monde pour les usages civils.</anecdote>
    </contenu>
    <contenu id="14">
      <question>Quelle princesse se paya au premier sens du terme la tête de Saint-Jean-Baptiste ?</question>
      <propositions>
        <proposition id="14-1">Judith</proposition>
        <proposition id="14-2">Salomé</proposition>
        <proposition id="14-3">Magdalène</proposition>
        <proposition id="14-4">Cléopâtre</proposition>
      </propositions>
      <réponse proposition="14-2">Salomé</réponse>
      <anecdote>Connue sous le nom de Salomé, elle demanda pour sa mère Hérodiade la tête de Jean Baptiste présentée sur un plateau.</anecdote>
    </contenu>
    <contenu id="15">
      <question>Combien de périls attribue-t-on à Saint Patrick, le Saint patron des Irlandais ?</question>
      <propositions>
        <proposition id="15-1">6</proposition>
        <proposition id="15-2">10</proposition>
        <proposition id="15-3">12</proposition>
        <proposition id="15-4">3</proposition>
      </propositions>
      <réponse proposition="15-3">12</réponse>
      <anecdote>Le motif de la souffrance dans les écritures de Patrick, fondateur du christianisme irlandais, encapsule ses « douze périls ».</anecdote>
    </contenu>
    <contenu id="16">
      <question>Quel animal se tient très souvent aux côtés de Saint-Roch ?</question>
      <propositions>
        <proposition id="16-1">Un chien</proposition>
        <proposition id="16-2">Un cochon</proposition>
        <proposition id="16-3">Un cheval</proposition>
        <proposition id="16-4">Une chèvre</proposition>
      </propositions>
      <réponse proposition="16-1">Un chien</réponse>
      <anecdote>Dans le langage populaire, pour parler de deux personnes inséparables, on dit : « c'est saint Roch et son chien ».</anecdote>
    </contenu>
    <contenu id="17">
      <question>Quel écrivain et journaliste a écrit 'Le camps des Saints' ?</question>
      <propositions>
        <proposition id="17-1">André Martel</proposition>
        <proposition id="17-2">Jean Raspail</proposition>
        <proposition id="17-3">Léon-Paul Fargue</proposition>
        <proposition id="17-4">Pierre Mac-Orlan</proposition>
      </propositions>
      <réponse proposition="17-2">Jean Raspail</réponse>
      <anecdote>Pendant vingt ans, Jean Raspail a couru le monde à la découverte de populations menacées par la confrontation avec la modernité.</anecdote>
    </contenu>
    <contenu id="18">
      <question>Quel ouvrage de Jacques de Voragine raconte la vie de 180 saints ?</question>
      <propositions>
        <proposition id="18-1">La Légende dorée</proposition>
        <proposition id="18-2">La Sainte histoire</proposition>
        <proposition id="18-3">Leur vraie vie</proposition>
        <proposition id="18-4">Hagiographus</proposition>
      </propositions>
      <réponse proposition="18-1">La Légende dorée</réponse>
      <anecdote>Très rapidement, la 'Légende dorée' devient avec la 'Bible' l'uvre la plus lue par les adeptes de la religion.</anecdote>
    </contenu>
    <contenu id="19">
      <question>Selon Saint Jean, quel est le premier sens du mot « Apocalypse » ?</question>
      <propositions>
        <proposition id="19-1">Cataclysme</proposition>
        <proposition id="19-2">Volonté divine</proposition>
        <proposition id="19-3">Révélation</proposition>
        <proposition id="19-4">Nouvelle vie</proposition>
      </propositions>
      <réponse proposition="19-3">Révélation</réponse>
      <anecdote>L''Apocalypse' ou encore 'Livre de la Révélation' décrit une vision allégorique qui prophétise la fin des Temps.</anecdote>
    </contenu>
    <contenu id="20">
      <question>Dans quelle ville belge se déroule la fête de la Saint-Jean ?</question>
      <propositions>
        <proposition id="20-1">Tournai</proposition>
        <proposition id="20-2">Namur</proposition>
        <proposition id="20-3">Mons</proposition>
        <proposition id="20-4">Liège</proposition>
      </propositions>
      <réponse proposition="20-3">Mons</réponse>
      <anecdote>Depuis le 23 juin 1990, une nouvelle fête a repris grâce à un nouveau comité, l'association non lucrative 'Les Feux de saint Jean'.</anecdote>
    </contenu>
  </confirmé>
  <expert>
    <contenu id="21">
      <question>Quel ordre fondé en 1212 fut réformé par sainte Colette après approbation de Pie II ?</question>
      <propositions>
        <proposition id="21-1">Les chartreuses</proposition>
        <proposition id="21-2">Les carmélites</proposition>
        <proposition id="21-3">Les ursulines</proposition>
        <proposition id="21-4">Les clarisses</proposition>
      </propositions>
      <réponse proposition="21-4">Les clarisses</réponse>
      <anecdote>Colette de Corbie a fixé en quinze chapitres les détails de sa réforme qui avait pour but de rétablir la rigueur primitive.</anecdote>
    </contenu>
    <contenu id="22">
      <question>Quand célèbre-t-on la fête nationale du Québec, traditionnellement appelée la Saint-Jean-Baptiste ?</question>
      <propositions>
        <proposition id="22-1">Le 24 juin</proposition>
        <proposition id="22-2">Le 15 août</proposition>
        <proposition id="22-3">Le 1<sup>er</sup>  juillet</proposition>
        <proposition id="22-4">Le 4 juillet</proposition>
      </propositions>
      <réponse proposition="22-1">Le 24 juin</réponse>
      <anecdote>En vertu de la Loi sur la fête nationale, le 24 juin est une journée fériée et chômée par presque tous les québecois.</anecdote>
    </contenu>
    <contenu id="23">
      <question>Auteur des 'Dialogues', en quelle année saint Grégoire, dit le Grand, fut-il élu pape ?</question>
      <propositions>
        <proposition id="23-1">590</proposition>
        <proposition id="23-2">594</proposition>
        <proposition id="23-3">588</proposition>
        <proposition id="23-4">598</proposition>
      </propositions>
      <réponse proposition="23-1">590</réponse>
      <anecdote>C'est en l'honneur de Grégoire Ier que, deux siècles après sa mort, le Chant messin est appelé « chant grégorien ».</anecdote>
    </contenu>
    <contenu id="24">
      <question>Sous quel nom connaît-on également le « mal de Sainte-Marie » ?</question>
      <propositions>
        <proposition id="24-1">Le ténia</proposition>
        <proposition id="24-2">La gale</proposition>
        <proposition id="24-3">La dysenterie</proposition>
        <proposition id="24-4">La gangrène</proposition>
      </propositions>
      <réponse proposition="24-2">La gale</réponse>
      <anecdote>La gale ou scabiose est une affection contagieuse de la peau, déterminée par une femelle acarien, le sarcopte.</anecdote>
    </contenu>
    <contenu id="25">
      <question>Quel était le véritable nom de saint Pierre, aussi appelé Kephas ?</question>
      <propositions>
        <proposition id="25-1">Jean</proposition>
        <proposition id="25-2">Paul</proposition>
        <proposition id="25-3">Luc</proposition>
        <proposition id="25-4">Simon</proposition>
      </propositions>
      <réponse proposition="25-4">Simon</réponse>
      <anecdote>Saint Pierre est souvent représenté en possession de deux clés : l'une en or, céleste, l'autre en argent, terrestre.</anecdote>
    </contenu>
    <contenu id="26">
      <question>Quel spécialiste étudie et critique les écritures saintes ?</question>
      <propositions>
        <proposition id="26-1">Un scoliaste</proposition>
        <proposition id="26-2">Un écrivailleur</proposition>
        <proposition id="26-3">Un exégète</proposition>
        <proposition id="26-4">Un scribe</proposition>
      </propositions>
      <réponse proposition="26-3">Un exégète</réponse>
      <anecdote>On pratique l'exégèse comme un travail préalable à lédition sur les travaux de tous les auteurs, anciens comme contemporains.</anecdote>
    </contenu>
    <contenu id="27">
      <question>Comment Sainte Barbe, fêtée le 4 décembre, est-elle décédée ?</question>
      <propositions>
        <proposition id="27-1">Décapitée</proposition>
        <proposition id="27-2">Empoisonnée</proposition>
        <proposition id="27-3">Lapidée</proposition>
        <proposition id="27-4">Crucifiée</proposition>
      </propositions>
      <réponse proposition="27-1">Décapitée</réponse>
      <anecdote>Comme la jeune fille refusait d'abjurer sa foi, le gouverneur ordonna au père de trancher lui-même la tête de sa fille.</anecdote>
    </contenu>
    <contenu id="28">
      <question>Quel était le nom de famille de sainte Thérèse de Lisieux ?</question>
      <propositions>
        <proposition id="28-1">Martin</proposition>
        <proposition id="28-2">Dubois</proposition>
        <proposition id="28-3">Dupont</proposition>
        <proposition id="28-4">Lefebvre</proposition>
      </propositions>
      <réponse proposition="28-1">Martin</réponse>
      <anecdote>Fille de Louis et Zélie Martin, Thérèse perd sa mère à l'âge de quatre ans et demi et deviendra une religieuse carmélite.</anecdote>
    </contenu>
    <contenu id="29">
      <question>Quel saint et mystique espagnol a été béatifié en 1675 et canonisé en 1726 ?</question>
      <propositions>
        <proposition id="29-1">Jean de La Croix</proposition>
        <proposition id="29-2">Rodrigo da Fonseca</proposition>
        <proposition id="29-3">Pierre Claver</proposition>
        <proposition id="29-4">Innocent Canoura</proposition>
      </propositions>
      <réponse proposition="29-1">Jean de La Croix</réponse>
      <anecdote>Après sa mort, il fut très vite considéré comme l'un des plus grands mystiques espagnols, au même titre que Thérèse d'Avila.</anecdote>
    </contenu>
    <contenu id="30">
      <question>Quelles couleurs dominent les chapeaux portés pour la Sainte Catherine ?</question>
      <propositions>
        <proposition id="30-1">Rose et orange</proposition>
        <proposition id="30-2">Grise et violette</proposition>
        <proposition id="30-3">Rouge et bleue</proposition>
        <proposition id="30-4">Jaune et verte</proposition>
      </propositions>
      <réponse proposition="30-4">Jaune et verte</réponse>
      <anecdote>Autrefois, les statues de sainte Catherine placées dans les églises étaient ornées d'une coiffe qui était renouvelée chaque année.</anecdote>
    </contenu>
  </expert>
</quizz>