<?xml version="1.0" encoding="UTF-8" standalone="yes" ?>
<quizz fournisseur="OpenQuizzDB : Fournisseur de contenu libre"
       url="http://www.openquizzdb.org"
       rédacteur="Philippe Bresoux"
       thème="Guerres et batailles"
       difficulté="3">
  <débutant>
    <contenu id="1">
      <question>En quelle année les États-Unis ont-ils pris part à la Première Guerre mondiale ?</question>
      <propositions>
        <proposition id="1-1">1915</proposition>
        <proposition id="1-2">1916</proposition>
        <proposition id="1-3">1917</proposition>
        <proposition id="1-4">1918</proposition>
      </propositions>
      <réponse proposition="1-3">1917</réponse>
      <anecdote>Cette guerre a atteint une échelle et une intensité inconnues jusqu'alors.</anecdote>
    </contenu>
    <contenu id="2">
      <question>Quels Jeux olympiques ont été supprimés à cause de la Seconde Guerre mondiale ?</question>
      <propositions>
        <proposition id="2-1">1944 et 1948</proposition>
        <proposition id="2-2">1932 et 1936</proposition>
        <proposition id="2-3">1940 et 1944</proposition>
        <proposition id="2-4">1936 et 1940</proposition>
      </propositions>
      <réponse proposition="2-3">1940 et 1944</réponse>
      <anecdote>Les jeux ont été rénovés par le baron Pierre de Coubertin à la fin du XIX<sup>e</sup> siècle.</anecdote>
    </contenu>
    <contenu id="3">
      <question>Dans les plaines de quel champ de bataille se dresse la Butte du Lion ?</question>
      <propositions>
        <proposition id="3-1">Verdun</proposition>
        <proposition id="3-2">Waterloo</proposition>
        <proposition id="3-3">Valmy</proposition>
        <proposition id="3-4">Austerlitz</proposition>
      </propositions>
      <réponse proposition="3-2">Waterloo</réponse>
      <anecdote>Une table d'orientation permet de situer les fermes et les troupes antagonistes.</anecdote>
    </contenu>
    <contenu id="4">
      <question>Quelle ligne de défense française fut contournée par les Allemands en 1940 ?</question>
      <propositions>
        <proposition id="4-1">La ligne Maginot</proposition>
        <proposition id="4-2">La ligne Daladier</proposition>
        <proposition id="4-3">La ligne Verte</proposition>
        <proposition id="4-4">La ligne Siegfried</proposition>
      </propositions>
      <réponse proposition="4-1">La ligne Maginot</réponse>
      <anecdote>Le terme « ligne Maginot » désigne parfois le système entier, mais plus souvent les seules défenses contre l'Allemagne.</anecdote>
    </contenu>
    <contenu id="5">
      <question>Le général Cambronne, qui commandait la vieille garde, eut une conduite héroïque à...</question>
      <propositions>
        <proposition id="5-1">Midway</proposition>
        <proposition id="5-2">Iena</proposition>
        <proposition id="5-3">Wagram</proposition>
        <proposition id="5-4">Waterloo</proposition>
      </propositions>
      <réponse proposition="5-4">Waterloo</réponse>
      <anecdote>La détermination de Cambronne provoqua l'admiration des Britanniques.</anecdote>
    </contenu>
    <contenu id="6">
      <question>Où a eu lieu le grand procès des criminels de guerre nazis ?</question>
      <propositions>
        <proposition id="6-1">Hambourg</proposition>
        <proposition id="6-2">Munich</proposition>
        <proposition id="6-3">Nuremberg</proposition>
        <proposition id="6-4">Berlin</proposition>
      </propositions>
      <réponse proposition="6-3">Nuremberg</réponse>
      <anecdote>Le procès de Nuremberg fut intenté contre 24 responsables du Troisième Reich.</anecdote>
    </contenu>
    <contenu id="7">
      <question>Qui fut vainqueur de la Guerre de Troie, conflit légendaire de la mythologie grecque ?</question>
      <propositions>
        <proposition id="7-1">Ulysse</proposition>
        <proposition id="7-2">Sophocle</proposition>
        <proposition id="7-3">Ajax</proposition>
        <proposition id="7-4">Arkantos</proposition>
      </propositions>
      <réponse proposition="7-1">Ulysse</réponse>
      <anecdote>La guerre de Troie, qui représente une pierre fondatrice de la culture grecque, est un conflit légendaire suscité par l'enlèvement d'Hélène.</anecdote>
    </contenu>
    <contenu id="8">
      <question>En quelle année la bataille de Waterloo a-t-elle eu lieu, à vingt kilomètres au sud de Bruxelles ?</question>
      <propositions>
        <proposition id="8-1">1815</proposition>
        <proposition id="8-2">1824</proposition>
        <proposition id="8-3">1809</proposition>
        <proposition id="8-4">1831</proposition>
      </propositions>
      <réponse proposition="8-1">1815</réponse>
      <anecdote>La bataille de Waterloo est la dernière bataille à laquelle prit part directement Napoléon Bonaparte.</anecdote>
    </contenu>
    <contenu id="9">
      <question>Quel humoriste représenta la « voix de la France » sur Radio Londres en 1943-1944 ?</question>
      <propositions>
        <proposition id="9-1">Francis Blanche</proposition>
        <proposition id="9-2">Pierre Dac</proposition>
        <proposition id="9-3">Fernand Raynaud</proposition>
        <proposition id="9-4">Fernandel</proposition>
      </propositions>
      <réponse proposition="9-2">Pierre Dac</réponse>
      <anecdote>Preuve de son succès : les Allemands tenteront de faire interdire l'écoute de Radio Londres en confisquant les postes.</anecdote>
    </contenu>
    <contenu id="10">
      <question>Quelle célèbre bataille se déroula en 1515 et fit environ 16 000 morts en seize heures de combat ?</question>
      <propositions>
        <proposition id="10-1">Waterloo</proposition>
        <proposition id="10-2">Valmy</proposition>
        <proposition id="10-3">Marino</proposition>
        <proposition id="10-4">Marignan</proposition>
      </propositions>
      <réponse proposition="10-4">Marignan</réponse>
      <anecdote>Elle donna lieu à une intense propagande développée par le pouvoir royal afin de justifier cette expédition.</anecdote>
    </contenu>
  </débutant>
  <confirmé>
    <contenu id="11">
      <question>Exception faite des porte-aéronefs, quel est le plus grand des navires de guerre ?</question>
      <propositions>
        <proposition id="11-1">Un destroyer</proposition>
        <proposition id="11-2">Un aviso</proposition>
        <proposition id="11-3">Une frégate</proposition>
        <proposition id="11-4">Un croiseur</proposition>
      </propositions>
      <réponse proposition="11-4">Un croiseur</réponse>
      <anecdote>Le croiseur était considéré comme un navire susceptible d'opérer individuellement.</anecdote>
    </contenu>
    <contenu id="12">
      <question>De quelle guerre le film britanno-américain 'Full Metal Jacket' traite-t-il ?</question>
      <propositions>
        <proposition id="12-1">Viêt Nam</proposition>
        <proposition id="12-2">Koweit</proposition>
        <proposition id="12-3">Irak</proposition>
        <proposition id="12-4">Corée</proposition>
      </propositions>
      <réponse proposition="12-1">Viêt Nam</réponse>
      <anecdote>Le titre du film fait référence à un type de munition standard utilisé par les armées.</anecdote>
    </contenu>
    <contenu id="13">
      <question>Quel collaborateur hitlérien fit des efforts historiques en 1941 pour négocier la paix ?</question>
      <propositions>
        <proposition id="13-1">Herbert Backe</proposition>
        <proposition id="13-2">Reinhard Heydrich</proposition>
        <proposition id="13-3">Hans Kammler</proposition>
        <proposition id="13-4">Rudolf Hess</proposition>
      </propositions>
      <réponse proposition="13-4">Rudolf Hess</réponse>
      <anecdote>Lors du procès de Nuremberg, Hess sera condamné à l'emprisonnement à perpétuité.</anecdote>
    </contenu>
    <contenu id="14">
      <question>Quel roi poussa les Grecs à la guerre contre Troie pour reprendre sa femme Hélène ?</question>
      <propositions>
        <proposition id="14-1">Ménélas</proposition>
        <proposition id="14-2">Diomède</proposition>
        <proposition id="14-3">Egée</proposition>
        <proposition id="14-4">Agamemnon</proposition>
      </propositions>
      <réponse proposition="14-1">Ménélas</réponse>
      <anecdote>Ménélas est l'un des héros grecs de la guerre de Troie et le roi de Sparte.</anecdote>
    </contenu>
    <contenu id="15">
      <question>À quelle guerre la France a-t-elle été mêlée entre 1853 et 1856 ?</question>
      <propositions>
        <proposition id="15-1">Guerre des Cent-Jours</proposition>
        <proposition id="15-2">Guerre de Sécession</proposition>
        <proposition id="15-3">Guerre de Crimée</proposition>
        <proposition id="15-4">Guerre du Mexique</proposition>
      </propositions>
      <réponse proposition="15-3">Guerre de Crimée</réponse>
      <anecdote>Durant cette période, Napoléon III avait besoin d'une guerre pour asseoir son pouvoir.</anecdote>
    </contenu>
    <contenu id="16">
      <question>Qui a réalisé le film de guerre 'Platoon', inspiré en partie par la propre vie du réalisateur ?</question>
      <propositions>
        <proposition id="16-1">Oliver Stone</proposition>
        <proposition id="16-2">Clint Eastwood</proposition>
        <proposition id="16-3">Brian De Palma</proposition>
        <proposition id="16-4">Steven Spielberg</proposition>
      </propositions>
      <réponse proposition="16-1">Oliver Stone</réponse>
      <anecdote>Oliver Stone s'est lui-même engagé comme volontaire pour la guerre du Viêt Nam où il a été blessé à deux reprises.</anecdote>
    </contenu>
    <contenu id="17">
      <question>Quel écrivain célèbre perdit un bras lors de la Première Guerre Mondiale ?</question>
      <propositions>
        <proposition id="17-1">Blaise Cendrars</proposition>
        <proposition id="17-2">Max Jacob</proposition>
        <proposition id="17-3">Guillaume Apollinaire</proposition>
        <proposition id="17-4">Louis Aragon</proposition>
      </propositions>
      <réponse proposition="17-1">Blaise Cendrars</réponse>
      <anecdote>Blaise Cendrars participa dès le début à la Première Guerre mondiale comme engagé volontaire.</anecdote>
    </contenu>
    <contenu id="18">
      <question>Dans quelle ville fut signé le traité marquant la fin de la Première Guerre mondiale ?</question>
      <propositions>
        <proposition id="18-1">Lyon</proposition>
        <proposition id="18-2">Versailles</proposition>
        <proposition id="18-3">Bordeaux</proposition>
        <proposition id="18-4">Paris</proposition>
      </propositions>
      <réponse proposition="18-2">Versailles</réponse>
      <anecdote>Le traité de Versailles de 1919 est le traité de paix entre l'Allemagne et les Alliés.</anecdote>
    </contenu>
    <contenu id="19">
      <question>Quel acteur américain fut recherché par Hitler pendant la seconde Guerre mondiale ?</question>
      <propositions>
        <proposition id="19-1">John Wayne</proposition>
        <proposition id="19-2">Dean Martin</proposition>
        <proposition id="19-3">Charlie chaplin</proposition>
        <proposition id="19-4">Clark Gable</proposition>
      </propositions>
      <réponse proposition="19-4">Clark Gable</réponse>
      <anecdote>Adolf Hitler plaçait Clark Gable au-dessus des autres acteurs et offrit une récompense pour sa capture.</anecdote>
    </contenu>
    <contenu id="20">
      <question>Quel roi est sorti vainqueur à la bataille des Thermopyles ?</question>
      <propositions>
        <proposition id="20-1">Cyrus</proposition>
        <proposition id="20-2">Xerxès</proposition>
        <proposition id="20-3">Artaxerxès</proposition>
        <proposition id="20-4">Darius</proposition>
      </propositions>
      <réponse proposition="20-2">Xerxès</réponse>
      <anecdote>La bataille des Thermopyles est l'un des plus célèbres faits d'armes de l'histoire antique.</anecdote>
    </contenu>
  </confirmé>
  <expert>
    <contenu id="21">
      <question>Sur quelle plage les troupes britanniques débarquèrent le 7 juin 1944 pour libérer Bayeux ?</question>
      <propositions>
        <proposition id="21-1">Gold Beach</proposition>
        <proposition id="21-2">Omaha-Beach</proposition>
        <proposition id="21-3">Arromanches</proposition>
        <proposition id="21-4">Utah Beach</proposition>
      </propositions>
      <réponse proposition="21-1">Gold Beach</réponse>
      <anecdote>Environ 25 000 hommes ont débarqué à Gold Beach le jour J où l'on dénombra 413 pertes au total.</anecdote>
    </contenu>
    <contenu id="22">
      <question>Dans quel pays a eu lieu la bataille des Arapiles, livrée le 22 juillet 1812 ?</question>
      <propositions>
        <proposition id="22-1">En Turquie</proposition>
        <proposition id="22-2">En Grèce</proposition>
        <proposition id="22-3">En Espagne</proposition>
        <proposition id="22-4">En Italie</proposition>
      </propositions>
      <réponse proposition="22-3">En Espagne</réponse>
      <anecdote>On a dit que Wellington y avait défait une armée de 40 000 hommes en 40 minutes.</anecdote>
    </contenu>
    <contenu id="23">
      <question>En quelle année se déroula la bataille de Pavie, événement décisif de la sixième guerre d'Italie ?</question>
      <propositions>
        <proposition id="23-1">1415</proposition>
        <proposition id="23-2">1635</proposition>
        <proposition id="23-3">1775</proposition>
        <proposition id="23-4">1525</proposition>
      </propositions>
      <réponse proposition="23-4">1525</réponse>
      <anecdote>La bataille de Pavie marque la défaite des rois de France dans leur domination du nord de l'Italie.</anecdote>
    </contenu>
    <contenu id="24">
      <question>En quelle année débuta la guerre de Cent Ans, entrecoupée de trêves plus ou moins longues ?</question>
      <propositions>
        <proposition id="24-1">1327</proposition>
        <proposition id="24-2">1337</proposition>
        <proposition id="24-3">1347</proposition>
        <proposition id="24-4">1317</proposition>
      </propositions>
      <réponse proposition="24-2">1337</réponse>
      <anecdote>La guerre de Cent Ans marque l'apparition de l'artillerie et le déclin de la chevalerie.</anecdote>
    </contenu>
    <contenu id="25">
      <question>Quel roman écrit par Émile Zola relate la guerre Franco-Allemande de 1870 ?</question>
      <propositions>
        <proposition id="25-1">La bête humaine</proposition>
        <proposition id="25-2">Le ventre de Paris</proposition>
        <proposition id="25-3">Le naturalisme</proposition>
        <proposition id="25-4">La débâcle</proposition>
      </propositions>
      <réponse proposition="25-4">La débâcle</réponse>
      <anecdote>'La Débâcle' est le dix-neuvième volume de la série 'les Rougon-Macquart'.</anecdote>
    </contenu>
    <contenu id="26">
      <question>Quelle déesse personnifie la Guerre sanglante et furieuse chez les Romains ?</question>
      <propositions>
        <proposition id="26-1">Artémis</proposition>
        <proposition id="26-2">Bellone</proposition>
        <proposition id="26-3">Hécate</proposition>
        <proposition id="26-4">Cérès</proposition>
      </propositions>
      <réponse proposition="26-2">Bellone</réponse>
      <anecdote>Bellone est considérée tantôt comme l'épouse, tantôt comme la sur de Mars.</anecdote>
    </contenu>
    <contenu id="27">
      <question>Qui a dit : « Il est plus facile de faire la guerre que la paix » ?</question>
      <propositions>
        <proposition id="27-1">Churchill</proposition>
        <proposition id="27-2">Pompidou</proposition>
        <proposition id="27-3">Clemenceau</proposition>
        <proposition id="27-4">De Gaulle</proposition>
      </propositions>
      <réponse proposition="27-3">Clemenceau</réponse>
      <anecdote>Pour mémoire, on a dit de lui qu'il avait gagné la guerre mais perdu la paix.</anecdote>
    </contenu>
    <contenu id="28">
      <question>Quel militaire français fut surnommé « Père des chars » ?</question>
      <propositions>
        <proposition id="28-1">Colonel Estienne</proposition>
        <proposition id="28-2">Général Mangin</proposition>
        <proposition id="28-3">Général Gallieni </proposition>
        <proposition id="28-4">Général De Castelnau</proposition>
      </propositions>
      <réponse proposition="28-1">Colonel Estienne</réponse>
      <anecdote>Jean-Baptiste Eugène Estienne est l'homme qui créa une arme blindée en France.</anecdote>
    </contenu>
    <contenu id="29">
      <question>Lequel de ces hommes fut emprisonné à la sinistre Tour de Londres ?</question>
      <propositions>
        <proposition id="29-1">Le maréchal Pétain</proposition>
        <proposition id="29-2">Rudolf Hess</proposition>
        <proposition id="29-3">Le mahatma Gandhi</proposition>
        <proposition id="29-4">Oscar Wilde</proposition>
      </propositions>
      <réponse proposition="29-2">Rudolf Hess</réponse>
      <anecdote>La construction de la Tour de Londres commença vers la fin de l'année 1066 dans le cadre de la conquête normande de lAngleterre.</anecdote>
    </contenu>
    <contenu id="30">
      <question>Quel général auvergnat, qui s'est illustré sous les ordres de Bonaparte, est mort à Marengo ?</question>
      <propositions>
        <proposition id="30-1">Junot</proposition>
        <proposition id="30-2">Kléber</proposition>
        <proposition id="30-3">Desaix</proposition>
        <proposition id="30-4">Hoche</proposition>
      </propositions>
      <réponse proposition="30-3">Desaix</réponse>
      <anecdote>Malgré la mort de Desaix, la victoire permit à Bonaparte de monter une vaste opération de propagande.</anecdote>
    </contenu>
  </expert>
</quizz>