1;fr;Contre quel président a-t-on lancé une procédure de destitution en 2019 ?;Donald Trump;Vladimir Poutine;Emmanuel Macron;Rodrigo Duterte;Débutant;Donald Trump sera mis en accusation par la Chambre des représentants, devenant le troisième président américain à être inculpé.;https://fr.wikipedia.org/wiki/Procédure_de_destitution_de_Donald_Trump
2;fr;Quel clip vidéo de Luis Fonsi a dépassé les six milliards de vues sur YouTube ?;Despacito;Calypso;Respira;Tentación;Débutant;Le clip de Despacito de Luis Fonsi était déjà la première vidéo à avoir dépassé les 3 milliards, les 4 milliards et les 5 milliards de vues.;https://fr.wikipedia.org/wiki/Despacito
3;fr;Qui a remporté en 2019 son sixième titre de champion du monde de Formule 1 ?;Lewis Hamilton;Sebastian Vettel;Lando Norris;Pierre Gasly;Débutant;Sextuple champion du monde de Formule 1 en 2008, 2014, 2015, 2017, 2018 et 2019, il est aussi recordman du nombre de pole positions.;https://fr.wikipedia.org/wiki/Lewis_Hamilton
4;fr;Quel pape a annoncé en 2019 une ouverture des archives secrètes du Vatican pour 2020 ?;François;Benoît XVI;Jean-Paul II;Pie XI;Débutant;Jorge Mario Bergoglio, né le 17 décembre 1936 à Buenos Aires, était avant le 13 mars 2013 archevêque de Buenos Aires et cardinal.;https://fr.wikipedia.org/wiki/François_(pape)
5;fr;Quelle célèbre cathédrale fut ravagée par un incendie le 15 avril 2019 ?;Notre-Dame de Paris;Notre-Dame de Bayeux;Notre-Dame de Verdun;Notre-Dame de Die;Débutant;Cet important sinistre subi par la cathédrale a détruit la flèche et la totalité de la toiture couvrant la nef, le chœur et le transept.;https://fr.wikipedia.org/wiki/Cathédrale_Notre-Dame_de_Paris
6;fr;Qui fut nommé Premier ministre du Royaume-Uni, succédant ainsi à Theresa May ?;Boris Johnson;David Cameron;Gordon Brown;Tony Blair;Débutant;Les conservateurs obtinrent leur plus grande majorité depuis 1987, ce qui permettra à Boris Johnson d'annoncer la réalisation du Brexit.;https://fr.wikipedia.org/wiki/Boris_Johnson
7;fr;En août 2019, dans quel pays s'est tenu le sommet du G7 ?;France;Canada;Italie;Japon;Débutant;Le dernier sommet du G7 organisé sur le territoire français, avant celui de 2019, remontait à 2011 sous la présidence de Nicolas Sarkozy.;https://fr.wikipedia.org/wiki/Sommet_du_G7_de_2019
8;fr;Quelle suédoise a tenu en 2019 un discours à l'ONU en faveur de l'écologie ?;Greta Thunberg;Simone Giertz;Lisbet Rausing;Hilda Nilsson;Débutant;Ayant reçu prix et distinctions, elle a fait en mai 2019 la couverture du magazine Time qui lui a décerné le titre de personnalité de l'année.;https://fr.wikipedia.org/wiki/Greta_Thunberg
9;fr;Dans quel pays s'est déroulée la Coupe du monde de rugby à XV de 2019 ?;Japon;France;Nouvelle-Zélande;Australie;Débutant;L'Afrique du Sud remportera cette Coupe du monde en battant l'Angleterre, devenant ainsi championne du monde pour la troisième fois.;https://fr.wikipedia.org/wiki/Coupe_du_monde_de_rugby_à_XV_2019
10;fr;Quel ex-président nous a quitté le 26 septembre 2019, journée de deuil national ?;Jacques Chirac;Nicolas Sarkozy;François Mitterrand;François Hollande;Débutant;Engagé à gauche dans sa jeunesse, Jacques Chirac sera généralement considéré comme gaulliste et classé à droite de l'échiquier politique.;https://fr.wikipedia.org/wiki/Jacques_Chirac
11;fr;Quel président algérien a démissionné de son poste en avril 2019 ?;Abdelaziz Bouteflika;Chadli Bendjedid;Liamine Zéroual;Ali Kafi;Confirmé;Après avoir été victime en 2013 d'un grave accident vasculaire cérébral, Abdelaziz Bouteflika a vu son état de santé se dégrader rapidement.;https://fr.wikipedia.org/wiki/Abdelaziz_Bouteflika
12;fr;Quels nouveaux billets furent mis en circulation en Europe en 2019 ?;100 et 200 euros;50 et 100 euros;200 et 500 euros;20 et 50 euros;Confirmé;Au 1er janvier 2019, il y avait 2 804 486 391 billets de 100 euros en circulation dans le monde, pour une valeur totale de 280 448 639 100 €.;https://fr.wikipedia.org/wiki/Billet_de_100_euros
13;fr;Quel empereur du Japon, intronisé en 1990, a abdiqué le 30 avril 2019 ?;Akihito;Naruhito;Showa;Taisho;Confirmé;La Constitution japonaise de 1947 avait limité le rôle de l'empereur Akihito à celui de symbole de l'État et de l'unité du peuple japonais.;https://fr.wikipedia.org/wiki/Akihito
14;fr;Dans quelle ville eut lieu la finale du concours Eurovision de la chanson 2019 ?;Tel-Aviv;Lisbonne;Kiev;Stockholm;Confirmé;Cette compétition s'est tenue à Tel Aviv, en Israël, à la suite de la victoire de Netta lors de l'édition 2018, avec la chanson Toy.;https://fr.wikipedia.org/wiki/Concours_Eurovision_de_la_chanson_2019
15;fr;Quel pays a remporté la Coupe du monde masculine de basket-ball 2019 ?;Espagne;Argentine;France;Australie;Confirmé;La compétition sera marquée par l'élimination des États-Unis, tenants du titre, et de la France (première défaite depuis treize ans).;https://fr.wikipedia.org/wiki/Coupe_du_monde_masculine_de_basket-ball_2019
16;fr;En Belgique, qui fut nommée Première ministre le 28 octobre 2019 ?;Sophie Wilmès;Erna Solberg;Julie Payette;Brigitte Bierlein;Confirmé;Échevine à Rhode-Saint-Genèse entre 2000 et 2015, Sophie Wilmès deviendra en 2014 députée fédérale en suppléance de Didier Reynders.;https://fr.wikipedia.org/wiki/Sophie_Wilmès
17;fr;En 2019, quel anniversaire a-t-on fêté concernant la chute du mur de Berlin ?;Les trente ans;Les vingt ans;Les dix ans;Les quarante ans;Confirmé;Ce fut rendu possible par la nouvelle politique de l'URSS vis-à-vis des pays de l'Est instaurée par Mikhaïl Gorbatchev depuis 1985.;https://fr.wikipedia.org/wiki/Chute_du_mur_de_Berlin
18;fr;Combien de soldats français sont morts au Mali après une collision d'hélicoptères ?;Treize;Dix;Seize;Vingt;Confirmé;Le 2 décembre, la France leur rendra un hommage national, le président de la République leur remettant la Légion d'honneur à titre posthume.;https://fr.wikipedia.org/wiki/Combat_de_la_vallée_d'Eranga
19;fr;Quel compositeur et musicien français nous a quitté le 26 janvier 2019 ?;Michel Legrand;Maurice Jarre;Francis Lai;Vladimir Cosma;Confirmé;Comme suite à son décès, de nombreux artistes francophones ont repris un de ses plus grands succès, Les Moulins de mon cœur.;https://fr.wikipedia.org/wiki/Michel_Legrand
20;fr;Dans quelle ville eurent lieu les Championnats du monde d'athlétisme 2019 ?;Doha;Londres;Pékin;Moscou;Confirmé;Le Qatar accueille pour la première fois cet événement sportif, organisé par l'Association internationale des fédérations d'athlétisme (IAAF).;https://fr.wikipedia.org/wiki/Championnats_du_monde_d'athlétisme_2019
21;fr;De quel artiste les Pays-Bas ont-ils célébré en 2019 les 350 ans de la mort ?;Rembrandt;Van Dijck;De Jongh;Bosschaert;Expert;Rembrandt est généralement considéré comme l'un des plus grands peintres de l'histoire de la peinture, notamment de la peinture baroque.;https://fr.wikipedia.org/wiki/Rembrandt
22;fr;En 2019, contre quelle maladie le vaccin est-il devenu obligatoire en Somalie ?;Rougeole;Rubéole;Varicelle;Coqueluche;Expert;Cette vaccination fait suite à une épidémie qui a fait 63 morts, elle-même causée par une faible couverture vaccinale des Îles Samoa.;https://fr.wikipedia.org/wiki/Rougeole
23;fr;Quel pays a pris en janvier 2019 la présidence tournante de l'Union européenne ?;Roumanie;Finlande;Croatie;Allemagne;Expert;La présidence du Conseil n'est pas détenue par un président unique mais est exercée par le gouvernement de l'État membre.;https://fr.wikipedia.org/wiki/Présidence_du_Conseil_de_l'Union_européenne
24;fr;La rupture de quel barrage brésilien eut un impact important sur la biodiversité amazonienne ?;Brumadinho;Arapiraca;Camacari;Sumaré;Expert;La rupture du barrage de Brumadinho au Minas Gerais fit au moins 115 morts et de nombreux disparus, provoquant un désastre écologique.;https://fr.wikipedia.org/wiki/Rupture_du_barrage_de_Brumadinho
25;fr;Quel nouveau site maya d'offrandes quasi-intact fut révélé au grand public en 2019 ?;Chichén Itzá;Uxmal;Bonampak;Culuba;Expert;Connu par les archéologues mexicains et les populations mayas locales depuis 50 ans, le site était jusque-là caché dans une grotte murée.;https://fr.wikipedia.org/wiki/Chichén_Itzá
26;fr;Quel cyclone a provoqué plus de trois cents morts au Mozambique et au Zimbabwe ?;Idai;Gamède;Tracy;Bingiza;Expert;Alors que les morts se comptent très probablement en milliers au Mozambique, Idai y a détruit à 90 % Beira, la deuxième ville du pays.;https://fr.wikipedia.org/wiki/Cyclone_Idai
27;fr;Quel eurodéputé italien a été élu président du Parlement européen en 2019 ?;David Sassoli;Mario Mauro;Franco Bonanini;Paolo De Castro;Expert;Ce journaliste et homme politique italien a également été présentateur de l'édition de 20 heures et vice-directeur du TG1 sur Rai 1.;https://fr.wikipedia.org/wiki/David_Sassoli
28;fr;Au Mexique, quelle famille fut massacrée dans la Sierra Madre en 2019 ?;LeBaron;Fernando;Sinaloa;Michoacana;Expert;Si les assaillants de ce groupe de femmes et d'enfants sont bien des narcotrafiquants, cela en ferait un massacre de la Guerre de la drogue.;https://fr.wikipedia.org/wiki/Massacre_de_la_famille_LeBaron
29;fr;Quel volcan est entré en éruption le 9 décembre 2019 en Nouvelle-Zélande ?;White Island;Home Reef;Kambalny;Mont Carlisle;Expert;L'île est constituée de deux volcans andésitiques imbriqués dont l'un est un cratère en forme de fer à cheval ouvert vers le sud-est.;https://fr.wikipedia.org/wiki/White_Island
30;fr;Quelle ville a fêté en 2019 les cent ans de sa station de radio ?;Montréal;Berlin;Londres;Miami;Expert;Montréal, ville du Canada, a en effet été la première ville au monde à posséder une vraie station de radio en 1919.;https://fr.wikipedia.org/wiki/Montréal
31;en;Against which president was a dismissal procedure launched in 2019 ?;Donald Trump;Vladimir Putin;Emmanuel Macron;Rodrigo Duterte;Beginner;Donald Trump will be indicted by the House of Representatives, becoming the third US president to be charged.;
32;en;Which Luis Fonsi video clip has exceeded six billion views on YouTube ?;Despacito;Calypso;Respira;Tentación;Beginner;The clip of Despacito by Luis Fonsi was already the first video to have exceeded 3 billion, 4 billion and 5 billion views.;https://en.wikipedia.org/wiki/Despacito
33;en;Who won in 2019 his sixth title of world champion of Formula 1 ?;Lewis Hamilton;Sebastian Vettel;Lando Norris;Pierre Gasly;Beginner;Six-time Formula 1 world champion in 2008, 2014, 2015, 2017, 2018 and 2019, he is also record holder for the number of pole positions.;https://en.wikipedia.org/wiki/Lewis_Hamilton
34;en;Which pope announced in 2019 the opening of the Vatican secret archives for 2020 ?;French;Benedict XVI;John Paul II;Pius XI;Beginner;Jorge Mario Bergoglio, born December 17, 1936 in Buenos Aires, was before March 13, 2013 Archbishop of Buenos Aires and cardinal.;
35;en;Which famous cathedral was devastated by a fire on April 15, 2019 ?;Our Lady of Paris;Our Lady of Bayeux;Our Lady of Verdun;Our Lady of Die;Beginner;This major disaster suffered by the cathedral destroyed the arrow and the entire roof covering the nave, the choir and the transept.;
36;en;Who was appointed Prime Minister of the United Kingdom, succeeding Theresa May ?;Boris Johnson;David Cameron;Gordon Brown;Tony Blair;Beginner;The Conservatives obtained their largest majority since 1987, which will allow Boris Johnson to announce the completion of Brexit.;https://en.wikipedia.org/wiki/Boris_Johnson
37;en;In August 2019, in which country did the G7 summit take place ?;France;Canada;Italy;Japan;Beginner;The last G7 summit organized on French territory, before that of 2019, dates back to 2011 under the chairmanship of Nicolas Sarkozy.;https://en.wikipedia.org/wiki/45th_G7_summit
38;en;Which Swedish woman held a speech at the UN in 2019 in favor of ecology ?;Greta Thunberg;Simone Giertz;Lisbet Rausing;Hilda Nilsson;Beginner;Having received awards and distinctions, she made the cover of Time magazine in May 2019, which awarded her the title of personality of the year.;https://en.wikipedia.org/wiki/Greta_Thunberg
39;en;In which country was the 2019 Rugby World Cup held ?;Japan;France;New Zealand;Australia;Beginner;South Africa will win this World Cup by beating England, becoming world champion for the third time.;
40;en;Which ex-president left us on September 26, 2019, the day of national mourning ?;Jacques Chirac;Nicolas Sarkozy;François Mitterrand;François Hollande;Beginner;Engaged on the left in his youth, Jacques Chirac will generally be considered as a Gaullist and classified on the right of the political chessboard.;https://en.wikipedia.org/wiki/Jacques_Chirac
41;en;Which Algerian president resigned from his post in April 2019 ?;Abdelaziz Bouteflika;Chadli Bendjedid;Liamine Zeroual;Ali Kafi;Confirmed;After having been the victim of a serious cerebrovascular accident in 2013, Abdelaziz Bouteflika saw his state of health deteriorate rapidly.;https://en.wikipedia.org/wiki/Abdelaziz_Bouteflika
42;en;What new banknotes were put into circulation in Europe in 2019 ?;100 and 200 euros;50 and 100 euros;200 and 500 euros;20 and 50 euros;Confirmed;As of January 1, 2019, there were 2,804,486,391 100-euro banknotes in circulation worldwide, with a total value of euros 280,448,639,100.;https://en.wikipedia.org/wiki/100_euro_note
43;en;Which Japanese emperor, inducted in 1990, abdicated on April 30, 2019 ?;Akihito;Naruhito;Showa;Taisho;Confirmed;The Japanese Constitution of 1947 limited the role of Emperor Akihito to that of a symbol of the Japanese people and the state.;
44;en;In which city did the 2019 Eurovision song contest take place ?;Tel Aviv;Lisbon;Kiev;Stockholm;Confirmed;This competition was held in Tel Aviv, Israel, following Netta's victory in the 2018 edition, with the song Toy.;https://en.wikipedia.org/wiki/Eurovision_Song_Contest_2019
45;en;Which country won the 2019 Men's Basketball World Cup ?;Spain;Argentina;France;Australia;Confirmed;The competition will be marked by the elimination of the United States, defending champions, and France (first defeat in thirteen years).;https://en.wikipedia.org/wiki/2019_FIBA_Basketball_World_Cup
46;en;In Belgium, who was appointed Prime Minister on October 28, 2019 ?;Sophie Wilmes;Erna Solberg;Julie Payette;Brigitte Bierlein;Confirmed;Riding in Rhode-Saint-Genesis between 2000 and 2015, Sophie Wilmès will become Federal Member of Parliament in 2014 for Didier Reynders.;
47;en;In 2019, what anniversary was celebrated for the fall of the Berlin Wall ?;Thirty years;Twenty years;The ten years;Forty years;Confirmed;This was made possible by the new policy of the USSR vis-à-vis the countries of the East established by Mikhaïl Gorbatchev since 1985.;https://en.wikipedia.org/wiki/Fall_of_the_Berlin_Wall
48;en;How many French soldiers died in Mali after a helicopter crash ?;Thirteen;Ten;Sixteen;Twenty;Confirmed;On December 2, France will pay them national homage, the President of the Republic handing them the Legion of Honor posthumously.;
49;en;Which French composer and musician left us on January 26, 2019 ?;Michel Legrand;Maurice Jarre;Francis Lai;Vladimir Cosma;Confirmed;Following his death, many French-speaking artists took over one of his greatest successes, Les Moulins de mon coeur.;https://en.wikipedia.org/wiki/Michel_Legrand
50;en;In which city were the 2019 World Athletics Championships held ?;Doha;London;Beijing;Moscow;Confirmed;Qatar is hosting this sporting event for the first time, organized by the International Association of Athletics Federations (IAAF).;
51;en;From which artist did the Netherlands celebrate 350 years of death in 2019 ?;Rembrandt;Van Dijck;De Jongh;Bosschaert;Expert;Rembrandt is generally regarded as one of the greatest painters in the history of painting, especially baroque painting.;https://en.wikipedia.org/wiki/Rembrandt
52;en;In 2019, against which disease did the vaccine become compulsory in Somalia ?;Measles;Rubella;Chickenpox;Whooping;Expert;This vaccination follows an epidemic that killed 63 people, itself caused by low vaccination coverage in the Samoa Islands.;https://en.wikipedia.org/wiki/Measles
53;en;Which country took the rotating presidency of the European Union in January 2019 ?;Romania;Finland;Croatia;Germany;Expert;The presidency of the Council is not held by a single president but is exercised by the government of the member state.;
54;en;The rupture of which Brazilian dam had a significant impact on Amazonian biodiversity ?;Brumadinho;Arapiraca;Camacari;Sumare;Expert;The rupture of the Brumadinho dam in Minas Gerais killed at least 115 people and many disappeared, causing an ecological disaster.;https://en.wikipedia.org/wiki/Brumadinho_dam_disaster
55;en;What new, almost intact Mayan offering site was revealed to the general public in 2019 ?;Chichen Itza;Uxmal;Bonampak;Culuba;Expert;Known by Mexican archaeologists and local Mayan populations for 50 years, the site was previously hidden in a walled cave.;
56;en;Which cyclone caused more than three hundred deaths in Mozambique and Zimbabwe ?;Idai;Gamede;Tracy;Bingiza;Expert;While the deaths are most likely in the thousands in Mozambique, Idai destroyed 90 % of Beira, the country's second city.;https://en.wikipedia.org/wiki/Cyclone_Idai
57;en;Which Italian MEP was elected President of the European Parliament in 2019 ?;David Sassoli;Mario Mauro;Franco Bonanini;Paolo De Castro;Expert;This Italian journalist and politician was also presenter of the 8 pm edition and vice-director of TG1 on Rai 1.;https://en.wikipedia.org/wiki/David_Sassoli
58;en;In Mexico, which family was massacred in the Sierra Madre in 2019 ?;LeBaron;Fernando;Sinaloa;Michoacana;Expert;If the attackers of this group of women and children are drug traffickers, it would make it a massacre in the Drug War.;https://en.wikipedia.org/wiki/LeBarón_family_massacre
59;en;Which volcano erupted on December 9, 2019 in New Zealand ?;White Island;Home Reef;Kambalny;Mount Carlisle;Expert;The island is made up of two nested andesitic volcanoes, one of which is a horseshoe-shaped crater open to the south-east.;https://en.wikipedia.org/wiki/Whakaari/White_Island
60;en;Which city celebrated its 100th anniversary of radio station in 2019 ?;Montreal;Berlin;London;Miami;Expert;Montreal, a city in Canada, was in fact the first city in the world to have a real radio station in 1919.;https://en.wikipedia.org/wiki/Montreal
61;de;Gegen welchen Präsidenten wurde 2019 ein Entlassungsverfahren eingeleitet ?;Donald Trump;Wladimir Putin;Emmanuel Macron;Rodrigo Duterte;Newbie;Donald Trump wird vom Repräsentantenhaus angeklagt und wird der dritte US-Präsident, der angeklagt wird.;
62;de;Welcher Luis Fonsi-Videoclip hat sechs Milliarden Aufrufe auf YouTube überschritten ?;Despacito;Calypso;Respira;Tentación;Newbie;Der Clip von Despacito von Luis Fonsi war bereits das erste Video, das mehr als 3 Milliarden, 4 Milliarden und 5 Milliarden Aufrufe hatte.;https://de.wikipedia.org/wiki/Despacito
63;de;Wer gewann 2019 seinen sechsten Weltmeistertitel in der Formel 1 ?;Lewis Hamilton;Sebastian Vettel;Lando Norris;Pierre Gasly;Newbie;Der sechsmalige Formel-1-Weltmeister war in den Jahren 2008, 2014, 2015, 2017, 2018 und 2019 ebenfalls Rekordhalter für die Pole-Positionen.;https://de.wikipedia.org/wiki/Lewis_Hamilton
64;de;Welcher Papst kündigte 2019 die Eröffnung des Vatikanischen Geheimarchivs für 2020 an ?;Französisch;Benedikt XVI;Johannes Paul II.;Pius XI;Newbie;Jorge Mario Bergoglio, geboren am 17. Dezember 1936 in Buenos Aires, war vor dem 13. März 2013 Erzbischof von Buenos Aires und Kardinal.;
65;de;Welche berühmte Kathedrale wurde am 15. April 2019 durch einen Brand zerstört ?;Unsere Liebe Frau von Paris;Unsere Liebe Frau von Bayeux;Unsere Liebe Frau von Verdun;Unsere Liebe Frau von Die;Newbie;Diese große Katastrophe der Kathedrale zerstörte den Pfeil und das gesamte Dach des Kirchenschiffs, des Chores und des Querschiffs.;
66;de;Wer wurde als Nachfolger von Theresa May zum Premierminister des Vereinigten Königreichs ernannt ?;Boris Johnson;David Cameron;Gordon Brown;Tony Blair;Newbie;Die Konservativen erhielten ihre größte Mehrheit seit 1987, wodurch Boris Johnson den Abschluss des Brexit ankündigen konnte.;https://de.wikipedia.org/wiki/Boris_Johnson
67;de;In welchem Land fand im August 2019 der G7-Gipfel statt ?;Frankreich;Kanada;Italien;Japan;Newbie;Der letzte G7-Gipfel, der vor 2019 auf französischem Territorium abgehalten wurde, wurde 2011 unter dem Vorsitz von Nicolas Sarkozy abgehalten.;https://de.wikipedia.org/wiki/G7-Gipfel_in_Biarritz_2019
68;de;Welche Schwedin hielt 2019 eine Rede vor der UNO für Ökologie ?;Greta Thunberg;Simone Giertz;Lisbet Rausing;Hilda Nilsson;Newbie;Nachdem sie Preise und Auszeichnungen erhalten hatte, machte sie im Mai 2019 das Cover des Time Magazins, das ihr den Titel der Persönlichkeit des Jahres verlieh.;https://de.wikipedia.org/wiki/Greta_Thunberg
69;de;In welchem Land fand die Rugby-Weltmeisterschaft 2019 statt ?;Japan;Frankreich;Neuseeland;Australien;Newbie;Südafrika gewinnt diese Weltmeisterschaft, indem es England besiegt und zum dritten Mal Weltmeister wird.;
70;de;Welcher Ex-Präsident hat uns am 26. September 2019, dem Tag der nationalen Trauer, verlassen ?;Jacques Chirac;Nicolas Sarkozy;François Mitterrand;François Hollande;Newbie;Jacques Chirac, der sich in seiner Jugend auf der linken Seite engagiert, wird allgemein als Gaullist betrachtet und auf der rechten Seite des politischen Schachbretts eingestuft.;https://de.wikipedia.org/wiki/Jacques_Chirac
71;de;Welcher algerische Präsident hat sein Amt im April 2019 niedergelegt ?;Abdelaziz Bouteflika;Chadli Bendjedid;Liamine Zeroual;Ali Kafi;Bestätigt;Nachdem Abdelaziz Bouteflika 2013 Opfer eines schweren zerebrovaskulären Unfalls geworden war, verschlechterte sich sein Gesundheitszustand rapide.;https://de.wikipedia.org/wiki/Abd_al-Aziz_Bouteflika
72;de;Welche neuen Banknoten wurden 2019 in Europa in Umlauf gebracht ?;100 und 200 euro;50 und 100 euro;200 und 500 euro;20 und 50 euro;Bestätigt;Zum 1. Januar 2019 waren weltweit 2.804.486.391 100-Euro-Banknoten mit einem Gesamtwert von 280.448.639.100 euros im Umlauf.;
73;de;Welcher 1990 eingeführte japanische Kaiser hat am 30. April 2019 abdankt ?;Akihito;Naruhito;Showa;Taisho;Bestätigt;Die japanische Verfassung von 1947 beschränkte die Rolle des Kaisers Akihito auf die eines Symbols des japanischen Volkes und des Staates.;
74;de;In welcher Stadt fand 2019 der Eurovision Song Contest statt ?;Tel Aviv;Lissabon;Kiew;Stockholm;Bestätigt;Dieser Wettbewerb fand nach Nettas Sieg in der Ausgabe 2018 mit dem Song Toy in Tel Aviv, Israel, statt.;https://de.wikipedia.org/wiki/Eurovision_Song_Contest_2019
75;de;Welches Land hat die Basketball-Weltmeisterschaft der Männer 2019 gewonnen ?;Spanien;Argentinien;Frankreich;Australien;Bestätigt;Der Wettbewerb wird von der Eliminierung der Vereinigten Staaten, der Titelverteidiger und Frankreichs (erste Niederlage seit dreizehn Jahren) geprägt sein.;https://de.wikipedia.org/wiki/Basketball-Weltmeisterschaft_2019
76;de;Wer wurde am 28. Oktober 2019 in Belgien zum Ministerpräsidenten ernannt ?;Sophie Wilmes;Erna Solberg;Julie Payette;Brigitte Bierlein;Bestätigt;Sophie Wilmès reitet zwischen 2000 und 2015 in Rhode-Saint-Genesis und wird 2014 Bundestagsabgeordnete von Didier Reynders.;
77;de;Welches Jubiläum wurde 2019 für den Fall der Berliner Mauer gefeiert ?;30 Jahre;Zwanzig Jahre;Die zehn Jahre;40 Jahre;Bestätigt;Dies wurde durch die neue Politik der UdSSR gegenüber den Ländern des Ostens ermöglicht, die seit 1985 von Mikhaïl Gorbatchev eingeführt wurde;
78;de;Wie viele französische Soldaten starben in Mali nach einem Hubschrauberabsturz ?;Dreizehn;Zehn;Sechzehn;Zwanzig;Bestätigt;Am 2. Dezember wird Frankreich ihnen eine nationale Hommage erweisen, und der Präsident der Republik übergibt ihnen posthum die Ehrenlegion.;
79;de;Welcher französische Komponist und Musiker hat uns am 26. Januar 2019 verlassen ?;Michel Legrand;Maurice Jarre;Francis Lai;Vladimir Cosma;Bestätigt;Infolge seines Todes übernahmen viele französischsprachige Künstler einen seiner größten Erfolge, Les Moulins de mon coeur.;https://de.wikipedia.org/wiki/Michel_Legrand
80;de;In welcher Stadt wurden die Leichtathletik-Weltmeisterschaften 2019 ausgetragen ?;Doha;London;Peking;Moskau;Bestätigt;Katar ist erstmals Gastgeber dieser Sportveranstaltung, die vom Internationalen Verband der Leichtathletik-Verbände (IAAF) organisiert wird.;
81;de;Von welchem Künstler feierten die Niederlande 2019 den 350. Todestag ?;Rembrandt;Van Dijck;De Jongh;Bosschaert;Expert;Rembrandt gilt allgemein als einer der größten Maler in der Geschichte der Malerei, insbesondere der Barockmalerei.;https://de.wikipedia.org/wiki/Rembrandt van Rijn
82;de;Gegen welche Krankheit war der Impfstoff 2019 in Somalia verpflichtend ?;Masern;Röteln;Windpocken;Whooping;Expert;Diese Impfung erfolgte nach einer Epidemie, bei der 63 Menschen ums Leben kamen, was wiederum auf eine geringe Impfrate auf den Samoa-Inseln zurückzuführen war.;https://de.wikipedia.org/wiki/Masern
83;de;Welches Land hat im Januar 2019 die rotierende Präsidentschaft der Europäischen Union übernommen ?;Rumänien;Finnland;Kroatien;Deutschland;Expert;Die Ratspräsidentschaft wird nicht von einem einzigen Präsidenten ausgeübt, sondern von der Regierung des Mitgliedstaats.;
84;de;Der Bruch des brasilianischen Staudamms hatte erhebliche Auswirkungen auf die Artenvielfalt in Amazonien ?;Brumadinho;Arapiraca;Camacari;Sumare;Expert;Beim Bruch des Brumadinho-Staudamms in Minas Gerais kamen mindestens 115 Menschen ums Leben und viele verschwanden, was zu einer ökologischen Katastrophe führte.;https://de.wikipedia.org/wiki/Dammbruch_von_Brumadinho
85;de;Welche neue, fast intakte Maya-Angebotsseite wurde 2019 der Öffentlichkeit vorgestellt ?;Chichen Itza;Uxmal;Bonampak;Culuba;Expert;Die Stätte, die seit 50 Jahren von mexikanischen Archäologen und einheimischen Maya-Bewohnern bekannt ist, war zuvor in einer von Mauern umgebenen Höhle versteckt.;
86;de;Welcher Wirbelsturm hat in Mosambik und Simbabwe mehr als dreihundert Todesfälle verursacht ?;Idai;Gamede;Tracy;Bingiza;Expert;Während die Todesfälle in Mosambik am wahrscheinlichsten zu Tausenden sind, zerstörte Idai 90 % von Beira, der zweitgrößten Stadt des Landes.;https://de.wikipedia.org/wiki/Zyklon_Idai
87;de;Welcher italienische Europaabgeordnete wurde 2019 zum Präsidenten des Europäischen Parlaments gewählt ?;David Sassoli;Mario Mauro;Franco Bonanini;Paolo De Castro;Expert;Dieser italienische Journalist und Politiker war auch Moderator der 20-Uhr-Ausgabe und Vizedirektor von TG1 auf Rai 1.;https://de.wikipedia.org/wiki/David_Sassoli
88;de;Welche Familie in Mexiko wurde 2019 in der Sierra Madre massakriert ?;LeBaron;Fernando;Sinaloa;Michoacana;Expert;Wenn die Angreifer dieser Gruppe von Frauen und Kindern Drogenhändler sind, wäre dies ein Massaker im Drogenkrieg.;
89;de;Welcher Vulkan ist am 9. Dezember 2019 in Neuseeland ausgebrochen ?;Weiße Insel;Hausriff;Kambalny;Mount Carlisle;Expert;Die Insel besteht aus zwei verschachtelten andesitischen Vulkanen, von denen einer ein nach Südosten offener hufeisenförmiger Krater ist.;https://de.wikipedia.org/wiki/White_Island_(Bay_of_Plenty)
90;de;In welcher Stadt feierte der Radiosender 2019 sein 100-jähriges Bestehen ?;Montreal;Berlin;London;Miami;Expert;Montreal, eine Stadt in Kanada, hatte 1919 als erste Stadt der Welt einen echten Radiosender.;https://de.wikipedia.org/wiki/Montreal
91;es;¿Contra qué presidente se lanzó un procedimiento de despido en 2019 ?;Donald Trump;Vladimir Putin;Emmanuel Macron;Rodrigo Duterte;Novato;Donald Trump será acusado por la Cámara de Representantes, convirtiéndose en el tercer presidente de los Estados Unidos en ser acusado.;
92;es;¿Qué videoclip de Luis Fonsi ha superado los seis mil millones de visitas en YouTube ?;Despacito;Calypso;Respira;Tentación;Novato;El clip de Despacito de Luis Fonsi ya fue el primer video que superó los 3 mil millones, 4 mil millones y 5 mil millones de visitas.;https://es.wikipedia.org/wiki/Despacito
93;es;¿Quién ganó en 2019 su sexto título de campeón mundial de Fórmula 1 ?;Lewis Hamilton;Sebastian Vettel;Lando Norris;Pierre Gasly;Novato;Seis veces campeón mundial de Fórmula 1 en 2008, 2014, 2015, 2017, 2018 y 2019, también es el poseedor del récord por el número de poles.;https://es.wikipedia.org/wiki/Lewis_Hamilton
94;es;¿Qué papa anunció en 2019 la apertura de los archivos secretos del Vaticano para 2020 ?;Francés;Benedicto XVI;Juan Pablo II;Pío XI;Novato;Jorge Mario Bergoglio, nacido el 17 de diciembre de 1936 en Buenos Aires, fue antes del 13 de marzo de 2013 arzobispo de Buenos Aires y cardenal.;
95;es;¿Qué famosa catedral fue devastada por un incendio el 15 de abril de 2019 ?;Nuestra Señora de Paris;Nuestra Señora de Bayeux;Nuestra Señora de Verdun;Nuestra señora de morir;Novato;Este gran desastre sufrido por la catedral destruyó la flecha y todo el techo que cubre la nave, el coro y el crucero.;
96;es;¿Quién fue nombrado primer ministro del Reino Unido, sucediendo a Theresa May ?;Boris Johnson;David Cameron;Gordon Brown;Tony Blair;Novato;Los conservadores obtuvieron su mayor mayoría desde 1987, lo que permitirá a Boris Johnson anunciar la finalización del Brexit.;https://es.wikipedia.org/wiki/Boris_Johnson
97;es;En agosto de 2019, ¿en qué país tuvo lugar la cumbre del G7 ?;Francia;Canada;Italia;Japón;Novato;La última cumbre del G7 organizada en territorio francés, antes de la de 2019, data de 2011 bajo la presidencia de Nicolas Sarkozy.;https://es.wikipedia.org/wiki/45.ª_Cumbre_del_G7
98;es;¿Qué mujer sueca pronunció un discurso en la ONU en 2019 a favor de la ecología ?;Greta Thunberg;Simone Giertz;Lisbet Rausing;Hilda Nilsson;Novato;Después de recibir premios y distinciones, en mayo de 2019 apareció en la portada de la revista Time, que le otorgó el título de personalidad del año.;https://es.wikipedia.org/wiki/Greta_Thunberg
99;es;¿En qué país se celebró la Copa Mundial de Rugby 2019 ?;Japón;Francia;Nueva Zelanda;Australia;Novato;Sudáfrica ganará este Mundial al vencer a Inglaterra y convertirse en campeón mundial por tercera vez.;
100;es;¿Qué ex presidente nos dejó el 26 de septiembre de 2019, el día del luto nacional ?;Jacques Chirac;Nicolas Sarkozy;François Mitterrand;François Hollande;Novato;Comprometido por la izquierda en su juventud, Jacques Chirac generalmente será considerado gaullista y clasificado a la derecha del tablero de ajedrez político.;https://es.wikipedia.org/wiki/Jacques_Chirac
101;es;¿Qué presidente argelino renunció a su cargo en abril de 2019 ?;Abdelaziz Bouteflika;Chadli Bendjedid;Liamine Zeroual;Ali Kafi;Confirmado;Después de haber sido víctima de un grave accidente cerebrovascular en 2013, Abdelaziz Bouteflika vio que su estado de salud se deterioraba rápidamente.;https://es.wikipedia.org/wiki/Abdelaziz_Buteflika
102;es;¿Qué billetes nuevos se pusieron en circulación en Europa en 2019 ?;100 y 200 euros;50 y 100 euros;200 y 500 euros;20 y 50 euros;Confirmado;A partir del 1 de enero de 2019, había 2.804.486.391 billetes de 100 euros en circulación en todo el mundo, por un valor total de euros 280.448.639.100.;https://es.wikipedia.org/wiki/Billete_de_cien_euros
103;es;¿Qué emperador japonés, incluido en 1990, abdicó el 30 de abril de 2019 ?;Akihito;Naruhito;Showa;Taisho;Confirmado;La Constitución japonesa de 1947 limitó el papel del emperador Akihito al de un símbolo del pueblo japonés y el estado.;
104;es;¿En qué ciudad tuvo lugar el concurso de canciones de Eurovisión 2019 ?;Tel Aviv;Lisboa;Kiev;Estocolmo;Confirmado;Esta competencia se llevó a cabo en Tel Aviv, Israel, después de la victoria de Netta en la edición de 2018, con la canción Toy.;https://es.wikipedia.org/wiki/Festival_de_la_Canción_de_Eurovisión_2019
105;es;¿Qué país ganó la Copa Mundial de Baloncesto Masculino 2019 ?;España;Argentina;Francia;Australia;Confirmado;La competencia estará marcada por la eliminación de Estados Unidos, campeones defensores y Francia (primera derrota en trece años).;https://es.wikipedia.org/wiki/Copa_Mundial_de_Baloncesto_de_2019
106;es;En Bélgica, ¿quién fue nombrado primer ministro el 28 de octubre de 2019 ?;Sophie Wilmes;Erna Solberg;Julie Payette;Brigitte Bierlein;Confirmado;Montando en Rhode-Saint-Genesis entre 2000 y 2015, Sophie Wilmès se convertirá en miembro federal del Parlamento en 2014 para Didier Reynders.;
107;es;En 2019, ¿qué aniversario se celebró por la caída del Muro de Berlín ?;Treinta años;Veinte años;Los diez años;Cuarenta años;Confirmado;Esto fue posible gracias a la nueva política de la URSS con respecto a los países del Este establecida por Mikhaïl Gorbatchev desde 1985.;https://es.wikipedia.org/wiki/Caída_del_Muro_de_Berlín
108;es;¿Cuántos soldados franceses murieron en Malí después de un accidente de helicóptero ?;Trece;Diez;Dieciséis;Veinte;Confirmado;El 2 de diciembre, Francia les rendirá homenaje nacional, y el Presidente de la República les entregará la Legión de Honor a título póstumo.;
109;es;¿Qué compositor y músico francés nos dejó el 26 de enero de 2019 ?;Michel Legrand;Maurice Jarre;Francis Lai;Vladimir Cosma;Confirmado;Como resultado de su muerte, muchos artistas de habla francesa se hicieron cargo de uno de sus mayores éxitos, Les Moulins de mon coeur.;https://es.wikipedia.org/wiki/Michel_Legrand
110;es;¿En qué ciudad se celebró el Campeonato Mundial de Atletismo 2019 ?;Doha;Londres;Beijing;Moscú;Confirmado;Qatar acoge este evento deportivo por primera vez, organizado por la Asociación Internacional de Federaciones de Atletismo (IAAF).;
111;es;¿De qué artista celebraron los Países Bajos 350 años de muerte en 2019 ?;Rembrandt;Van Dijck;De Jongh;Bosschaert;Experto;Rembrandt es generalmente considerado como uno de los mejores pintores de la historia de la pintura, especialmente la pintura barroca.;https://es.wikipedia.org/wiki/Rembrandt
112;es;En 2019, ¿contra qué enfermedad se hizo obligatoria la vacuna en Somalia ?;Sarampión;Rubéola;Varicela;Ferina;Experto;Esta vacunación sigue a una epidemia que mató a 63 personas, causada por la baja cobertura de vacunación en las Islas Samoa.;https://es.wikipedia.org/wiki/Sarampión
113;es;¿Qué país asumió la presidencia rotativa de la Unión Europea en enero de 2019 ?;Rumania;Finlandia;Croacia;Alemania;Experto;La presidencia del Consejo no la ocupa un solo presidente, sino que la ejerce el gobierno del estado miembro.;
114;es;¿La ruptura de qué presa brasileña tuvo un impacto significativo en la biodiversidad amazónica ?;Brumadinho;Arapiraca;Camacari;Sumare;Experto;La ruptura de la presa de Brumadinho en Minas Gerais mató al menos a 115 personas y muchas desaparecieron, causando un desastre ecológico.;https://es.wikipedia.org/wiki/Ruptura_de_la_presa_de_Brumadinho
115;es;¿Qué nuevo sitio de oferta maya casi intacto se reveló al público en general en 2019 ?;Chichen Itza;Uxmal;Bonampak;Culuba;Experto;Conocido por los arqueólogos mexicanos y las poblaciones mayas locales durante 50 años, el sitio estaba previamente oculto en una cueva amurallada.;
116;es;¿Qué ciclón causó más de trescientas muertes en Mozambique y Zimbabwe ?;Idai;Gamede;Tracy;Bingiza;Experto;Si bien las muertes son probablemente miles en Mozambique, Idai destruyó el 90 % de Beira, la segunda ciudad del país.;https://es.wikipedia.org/wiki/Ciclón_Idai
117;es;¿Qué eurodiputado italiano fue elegido presidente del Parlamento Europeo en 2019 ?;David Sassoli;Mario Mauro;Franco Bonanini;Paolo De Castro;Experto;Este periodista y político italiano también fue presentador de la edición de las 8 pm y vice-director de TG1 en Rai 1.;https://es.wikipedia.org/wiki/David_Sassoli
118;es;En México, ¿qué familia fue masacrada en la Sierra Madre en 2019 ?;LeBaron;Fernando;Sinaloa;Michoacana;Experto;Si los atacantes de este grupo de mujeres y niños son narcotraficantes, esto sería una masacre en la Guerra contra las Drogas.;https://es.wikipedia.org/wiki/Masacre_de_la_familia_LeBaron
119;es;¿Qué volcán hizo erupción el 9 de diciembre de 2019 en Nueva Zelanda ?;Isla blanca;Arrecife casero;Kambalny;Monte Carlisle;Experto;La isla está formada por dos volcanes andesíticos entrelazados, uno de los cuales es un cráter en forma de herradura abierto hacia el sureste.;https://es.wikipedia.org/wiki/Isla_Whakaari/White
120;es;¿Qué ciudad celebró su centésimo aniversario de estación de radio en 2019 ?;Montreal;Berlín;Londres;Miami;Experto;Montreal, una ciudad de Canadá, fue la primera ciudad del mundo en tener una verdadera estación de radio en 1919.;https://es.wikipedia.org/wiki/Montreal
121;it;Contro quale presidente è stata avviata una procedura di licenziamento nel 2019 ?;Donald Trump;Vladimir Putin;Emmanuel Macron;Rodrigo Duterte;Newbie;Donald Trump sarà incriminato dalla Camera dei rappresentanti, diventando il terzo presidente degli Stati Uniti ad essere accusato.;
122;it;Quale video di Luis Fonsi ha superato i sei miliardi di visualizzazioni su YouTube ?;Despacito;Calypso;Respira;Tentación;Newbie;La clip di Despacito di Luis Fonsi era già il primo video ad aver superato 3 miliardi, 4 miliardi e 5 miliardi di visualizzazioni.;https://it.wikipedia.org/wiki/Despacito
123;it;Chi ha vinto nel 2019 il suo sesto titolo di campione del mondo di Formula 1 ?;Lewis Hamilton;Sebastian Vettel;Lando Norris;Pierre Gasly;Newbie;Sei volte campione del mondo di Formula 1 nel 2008, 2014, 2015, 2017, 2018 e 2019, è anche detentore del record per il numero di pole position.;https://it.wikipedia.org/wiki/Lewis_Hamilton
124;it;Quale papa ha annunciato nel 2019 l'apertura degli archivi segreti vaticani per il 2020 ?;Francese;Benedetto XVI;Giovanni Paolo II;Pio XI;Newbie;Jorge Mario Bergoglio, nato il 17 dicembre 1936 a Buenos Aires, era prima del 13 marzo 2013 arcivescovo di Buenos Aires e cardinale.;
125;it;Quale famosa cattedrale è stata devastata da un incendio il 15 aprile 2019 ?;Nostra Signora di Parigi;Nostra Signora di Bayeux;Nostra Signora di Verdun;Nostra Signora dei Die;Newbie;Questo grave disastro subito dalla cattedrale distrusse la freccia e l'intero tetto che copriva la navata, il coro e il transetto.;
126;it;Chi è stato nominato Primo Ministro del Regno Unito, succedendo a Theresa May ?;Boris Johnson;David Cameron;Gordon Brown;Tony Blair;Newbie;I conservatori ottennero la maggioranza maggiore dal 1987, il che consentirà a Boris Johnson di annunciare il completamento della Brexit.;https://it.wikipedia.org/wiki/Boris_Johnson
127;it;Nell'agosto 2019, in quale paese si è svolto il vertice del G7 ?;Francia;Canada;Italia;Giappone;Newbie;L'ultimo vertice del G7 organizzato sul territorio francese, prima di quella del 2019, risale 2011 sotto la presidenza di Nicolas Sarkozy.;https://it.wikipedia.org/wiki/G7_del_2019
128;it;Quale donna svedese ha tenuto un discorso alle Nazioni Unite nel 2019 a favore dell'ecologia ?;Greta Thunberg;Simone Giertz;Lisbet Rausing;Hilda Nilsson;Newbie;Dopo aver ricevuto riconoscimenti e riconoscimenti, ha realizzato la copertina della rivista Time a maggio 2019, che le ha conferito il titolo di personalità dell'anno.;https://it.wikipedia.org/wiki/Greta_Thunberg
129;it;In quale paese si è svolta la Coppa del mondo di rugby 2019 ?;Giappone;Francia;Nuova Zelanda;Australia;Newbie;Il Sudafrica vincerà questo Mondiale sconfiggendo l'Inghilterra, diventando per la terza volta campione del mondo.;
130;it;Quale ex presidente ci ha lasciato il 26 settembre 2019, il giorno del lutto nazionale ?;Jacques Chirac;Nicolas Sarkozy;François Mitterrand;François Hollande;Newbie;Impegnato a sinistra nella sua giovinezza, Jacques Chirac sarà generalmente considerato un gollista e classificato alla destra della scacchiera politica.;https://it.wikipedia.org/wiki/Jacques_Chirac
131;it;Quale presidente algerino si è dimesso dal suo incarico nell'aprile 2019 ?;Abdelaziz Bouteflika;Chadli Bendjedid;Liamine Zeroual;Ali Kafi;Confermato;Dopo essere stato vittima di un grave incidente cerebrovascolare nel 2013, Abdelaziz Bouteflika ha visto rapidamente peggiorare il suo stato di salute.;https://it.wikipedia.org/wiki/Abdelaziz_Bouteflika
132;it;Quali nuove banconote sono state messe in circolazione in Europa nel 2019 ?;100 e 200 euro;50 e 100 euro;200 e 500 euro;20 e 50 euro;Confermato;Al 1 ° gennaio 2019 c'erano in circolazione 2.804.486.391 banconote da 100 euro in tutto il mondo, per un valore complessivo di euros 280.448.639.100.;https://it.wikipedia.org/wiki/Banconota_da_100_euro
133;it;Quale imperatore giapponese, introdotto nel 1990, abdicò il 30 aprile 2019 ?;Akihito;Naruhito;Showa;Taisho;Confermato;La Costituzione giapponese del 1947 limitò il ruolo dell'imperatore Akihito a quello di un simbolo del popolo giapponese e dello stato.;
134;it;In quale città si è svolto il concorso musicale Eurovision 2019 ?;Tel Aviv;Lisbona;Kiev;Stoccolma;Confermato;Questo concorso si è tenuto a Tel Aviv, in Israele, in seguito alla vittoria di Netta nell'edizione 2018, con la canzone Toy.;https://it.wikipedia.org/wiki/Eurovision_Song_Contest_2019
135;it;Quale paese ha vinto la Coppa del mondo di basket maschile 2019 ?;Spagna;Argentina;Francia;Australia;Confermato;La competizione sarà caratterizzata dall'eliminazione degli Stati Uniti, dei campioni in carica e della Francia (prima sconfitta in tredici anni).;https://it.wikipedia.org/wiki/Campionato_mondiale_maschile_di_pallacanestro_2019
136;it;In Belgio, che è stato nominato Primo Ministro il 28 ottobre 2019 ?;Sophie Wilmes;Erna Solberg;Julie Payette;Brigitte Bierlein;Confermato;Cavalcando nel Rhode-Saint-Genesis tra il 2000 e il 2015, Sophie Wilmès diventerà membro federale del Parlamento nel 2014 per Didier Reynders.;
137;it;Nel 2019, quale anniversario è stato celebrato per la caduta del muro di Berlino ?;Trenta anni;Venti anni;I dieci anni;Quarant'anni;Confermato;Ciò è stato reso possibile dalla nuova politica dell'URSS nei confronti dei paesi dell'est stabiliti da Mikhaïl Gorbatchev dal 1985.;
138;it;Quanti soldati francesi sono morti in Mali dopo un incidente in elicottero ?;Tredici;Dieci;Sedici;Venti;Confermato;Il 2 dicembre, la Francia renderà loro omaggio nazionale, il Presidente della Repubblica consegnando loro la Legione d'Onore postuma.;
139;it;Quale compositore e musicista francese ci ha lasciato il 26 gennaio 2019 ?;Michel Legrand;Maurice Jarre;Francis Lai;Vladimir Cosma;Confermato;A seguito della sua morte, molti artisti di lingua francese hanno acquisito uno dei suoi più grandi successi, Les Moulins de mon coeur.;https://it.wikipedia.org/wiki/Michel_Legrand
140;it;In quale città si sono svolti i campionati mondiali di atletica leggera del 2019 ?;Doha;Londra;Pechino;Mosca;Confermato;Il Qatar ospita per la prima volta questo evento sportivo, organizzato dalla International Association of Athletics Federations (IAAF).;
141;it;Da quale artista i Paesi Bassi hanno celebrato i 350 anni di morte nel 2019 ?;Rembrandt;Van Dijck;De Jongh;Bosschaert;Expert;Rembrandt è generalmente considerato uno dei più grandi pittori della storia della pittura, in particolare della pittura barocca.;https://it.wikipedia.org/wiki/Rembrandt
142;it;Nel 2019, contro quale malattia il vaccino è diventato obbligatorio in Somalia ?;Morbillo;Rosolia;Varicella;Whooping;Expert;Questa vaccinazione segue un'epidemia che ha ucciso 63 persone, a sua volta causata da una bassa copertura vaccinale nelle Isole Samoa.;https://it.wikipedia.org/wiki/Morbillo
143;it;Quale paese ha assunto la presidenza di turno dell'Unione europea a gennaio 2019 ?;Romania;Finlandia;Croazia;Germania;Expert;La presidenza del Consiglio non è detenuta da un solo presidente, ma è esercitata dal governo dello stato membro.;
144;it;La rottura di quale diga brasiliana ha avuto un impatto significativo sulla biodiversità amazzonica ?;Brumadinho;Arapiraca;Camacari;Sumare;Expert;La rottura della diga di Brumadinho nel Minas Gerais ha ucciso almeno 115 persone e molte sono scomparse, causando un disastro ecologico.;https://it.wikipedia.org/wiki/Disastro_ambientale_di_Brumadinho
145;it;Quale nuovo sito di offerta Maya quasi intatto è stato rivelato al grande pubblico nel 2019 ?;Chichen Itza;Uxmal;Bonampak;Culuba;Expert;Conosciuto da archeologi messicani e popolazioni Maya locali da 50 anni, il sito era precedentemente nascosto in una grotta murata.;
146;it;Quale ciclone ha causato più di trecento morti in Mozambico e Zimbabwe ?;Idai;Gamede;Tracy;Bingiza;Expert;Mentre le morti sono molto probabilmente tra le migliaia in Mozambico, Idai ha distrutto il 90 % di Beira, la seconda città del paese.;https://it.wikipedia.org/wiki/Ciclone_Idai
147;it;Quale deputato italiano è stato eletto presidente del Parlamento europeo nel 2019 ?;David Sassoli;Mario Mauro;Franco Bonanini;Paolo De Castro;Expert;Questo giornalista e politico italiano è stato anche presentatore dell'edizione delle 8 di sera e vicedirettore del TG1 su Rai 1.;https://it.wikipedia.org/wiki/David_Sassoli
148;it;In Messico, quale famiglia è stata massacrata nella Sierra Madre nel 2019 ?;LeBaron;Fernando;Sinaloa;Michoacana;Expert;Se gli aggressori di questo gruppo di donne e bambini sono trafficanti di droga, ciò renderebbe un massacro la guerra alla droga.;
149;it;Quale vulcano è scoppiato il 9 dicembre 2019 in Nuova Zelanda ?;Isola Bianca;Home Reef;Kambalny;Monte Carlisle;Expert;L'isola è formata da due vulcani andesiti nidificati, uno dei quali è un cratere a ferro di cavallo aperto a sud-est.;https://it.wikipedia.org/wiki/Whakaari/White_Island
150;it;In quale città ha festeggiato il suo 100 ° anniversario di stazione radio nel 2019 ?;Montreal;Berlino;Londra;Miami;Expert;Montreal, una città del Canada, è stata la prima città al mondo ad avere una vera stazione radio nel 1919.;https://it.wikipedia.org/wiki/Montreal
151;nl;Tegen welke president is in 2019 een ontslagprocedure gestart ?;Donald Trump;Vladimir Poetin;Emmanuel Macron;Rodrigo Duterte;Newbie;Donald Trump wordt aangeklaagd door het Huis van Afgevaardigden en wordt de derde Amerikaanse president die wordt aangeklaagd.;
152;nl;Welke Luis Fonsi-videoclip heeft zes miljard keer bekeken op YouTube ?;Despacito;Calypso;Respira;Tentación;Newbie;De clip van Despacito van Luis Fonsi was al de eerste video met meer dan 3 miljard, 4 miljard en 5 miljard views.;https://nl.wikipedia.org/wiki/Despacito
153;nl;Wie won in 2019 zijn zesde titel van wereldkampioen in de Formule 1 ?;Lewis Hamilton;Sebastian Vettel;Lando Norris;Pierre Gasly;Newbie;Zesvoudig Formule 1 wereldkampioen in 2008, 2014, 2015, 2017, 2018 en 2019, hij is ook recordhouder voor het aantal poleposities.;https://nl.wikipedia.org/wiki/Lewis_Hamilton
154;nl;Welke paus kondigde in 2019 de opening aan van de geheime archieven van het Vaticaan voor 2020 ?;Frans;Benedictus XVI;John Paul II;Pius XI;Newbie;Jorge Mario Bergoglio, geboren op 17 december 1936 in Buenos Aires, was vóór 13 maart 2013 aartsbisschop van Buenos Aires en kardinaal.;
155;nl;Welke beroemde kathedraal werd verwoest door een brand op 15 april 2019 ?;Onze Lieve Vrouw van Parijs;Onze-Lieve-Vrouw van Bayeux;Onze-Lieve-Vrouw van Verdun;Onze-Lieve-Vrouw van Die;Newbie;Deze grote ramp door de kathedraal verwoestte de pijl en het gehele dak dat het schip, het koor en het transept bedekte.;
156;nl;Wie werd benoemd tot premier van het Verenigd Koninkrijk, als opvolger van Theresa May ?;Boris Johnson;David Cameron;Gordon Brown;Tony Blair;Newbie;De conservatieven behaalden hun grootste meerderheid sinds 1987, waardoor Boris Johnson de voltooiing van Brexit kan aankondigen.;https://nl.wikipedia.org/wiki/Boris_Johnson
157;nl;In welk land vond in augustus 2019 de G7-top plaats ?;Frankrijk;Canada;Italië;Japan;Newbie;De laatste G7-top georganiseerd op Frans grondgebied, vóór die van 2019, dateert uit 2011 onder het voorzitterschap van Nicolas Sarkozy.;
158;nl;Welke Zweedse vrouw hield in 2019 een toespraak bij de VN voor ecologie ?;Greta Thunberg;Simone Giertz;Lisbet Rausing;Hilda Nilsson;Newbie;Na prijzen en onderscheidingen te hebben ontvangen, maakte ze in mei 2019 de cover van Time magazine dat haar de titel van persoonlijkheid van het jaar gaf.;https://nl.wikipedia.org/wiki/Greta_Thunberg
159;nl;In welk land werd de Rugby World Cup 2019 gehouden ?;Japan;Frankrijk;Nieuw Zeeland;Australië;Newbie;Zuid-Afrika wint dit WK door Engeland te verslaan en voor de derde keer wereldkampioen te worden.;
160;nl;Welke ex-president heeft ons verlaten op 26 september 2019, de dag van nationale rouw ?;Jacques Chirac;Nicolas Sarkozy;François Mitterrand;François Hollande;Newbie;Jacques Chirac is links in zijn jeugd betrokken en wordt over het algemeen als een Gaullist beschouwd en rechts van het politieke schaakbord geplaatst.;https://nl.wikipedia.org/wiki/Jacques_Chirac
161;nl;Welke Algerijnse president heeft zijn functie neergelegd in april 2019 ?;Abdelaziz Bouteflika;Chadli Bendjedid;Liamine Zeroual;Ali Kafi;Bevestigd;Na in 2013 het slachtoffer te zijn geweest van een ernstig cerebrovasculair accident, zag Abdelaziz Bouteflika zijn gezondheidstoestand snel verslechteren.;https://nl.wikipedia.org/wiki/Abdelaziz_Bouteflika
162;nl;Welke nieuwe bankbiljetten werden in 2019 in Europa in omloop gebracht ?;100 en 200 euro;50 en 100 euro;200 en 500 euro;20 en 50 euro;Bevestigd;Per 1 januari 2019 waren er 2.804.486.391 bankbiljetten van 100 euro wereldwijd in omloop, voor een totale waarde van euros 280.448.639.100.;
163;nl;Welke Japanse keizer, ingeleid in 1990, trad af op 30 april 2019 ?;Akihito;Naruhito;Showa;Taisho;Bevestigd;De Japanse grondwet van 1947 beperkte de rol van keizer Akihito tot die van een symbool van het Japanse volk en de staat.;
164;nl;In welke stad vond de Eurovisie Songfestival 2019 plaats ?;Tel Aviv;Lissabon;Kiev;Stockholm;Bevestigd;Deze wedstrijd werd gehouden in Tel Aviv, Israël, na de overwinning van Netta in de 2018-editie, met het nummer Toy.;https://nl.wikipedia.org/wiki/Eurovisiesongfestival_2019
165;nl;Welk land heeft de Wereldbeker Basketbal Heren 2019 gewonnen ?;Spanje;Argentinië;Frankrijk;Australië;Bevestigd;De competitie wordt gekenmerkt door de uitschakeling van de Verenigde Staten, titelverdedigers en Frankrijk (eerste nederlaag in dertien jaar).;
166;nl;Wie werd in België op 28 oktober 2019 benoemd tot premier ?;Sophie Wilmes;Erna Solberg;Julie Payette;Brigitte Bierlein;Bevestigd;Sophie Wilmès rijdt tussen 2000 en 2015 in Rhode-Saint-Genesis en wordt in 2014 federaal parlementslid voor Didier Reynders.;
167;nl;In 2019, welk jubileum werd gevierd voor de val van de Berlijnse muur ?;Dertig jaar;Twintig jaar;De tien jaar;Veertig jaar;Bevestigd;Dit werd mogelijk gemaakt door het nieuwe beleid van de USSR ten opzichte van de landen van het Oosten die sinds 1985 door Mikhaïl Gorbatchev zijn vastgesteld.;
168;nl;Hoeveel Franse soldaten stierven in Mali na een helikoptercrash ?;Dertien;Tien;Zestien;Twintig;Bevestigd;Op 2 december zal Frankrijk hun nationale hulde brengen, waarbij de president van de Republiek hen postuum het Legioen van Eer overhandigt.;
169;nl;Welke Franse componist en muzikant heeft ons verlaten op 26 januari 2019 ?;Michel Legrand;Maurice Jarre;Francis Lai;Vladimir Cosma;Bevestigd;Als gevolg van zijn dood namen veel Franstalige kunstenaars een van zijn grootste successen over, Les Moulins de mon coeur.;https://nl.wikipedia.org/wiki/Michel_Legrand
170;nl;In welke stad werden de Wereldkampioenschappen Atletiek 2019 gehouden ?;Doha;Londen;Beijing;Moskou;Bevestigd;Qatar organiseert dit sportevenement voor het eerst, georganiseerd door de International Association of Athletics Federations (IAAF).;
171;nl;Van welke artiest vierde Nederland 350 jaar dood in 2019 ?;Rembrandt;Van Dijck;De Jongh;Bosschaert;Expert;Rembrandt wordt algemeen beschouwd als een van de grootste schilders in de geschiedenis van de schilderkunst, met name de barokke schilderkunst.;https://nl.wikipedia.org/wiki/Rembrandt van Rijn
172;nl;In 2019, tegen welke ziekte werd het vaccin verplicht in Somalië ?;Mazelen;Rubella;Waterpokken;Kink;Expert;Deze vaccinatie volgt op een epidemie waarbij 63 mensen omkwamen, zelf veroorzaakt door een lage vaccinatiegraad op de Samoa-eilanden.;https://nl.wikipedia.org/wiki/Mazelen
173;nl;Welk land nam het roulerend voorzitterschap van de Europese Unie in januari 2019 ?;Roemenië;Finland;Kroatië;Duitsland;Expert;Het voorzitterschap van de Raad wordt niet door een enkele president bekleed, maar wordt uitgeoefend door de regering van de lidstaat.;
174;nl;De breuk van welke Braziliaanse dam had een significante impact op de biodiversiteit in het Amazonegebied ?;Brumadinho;Arapiraca;Camacari;Sumare;Expert;De breuk van de Brumadinho-dam in Minas Gerais doodde minstens 115 mensen en velen verdwenen, wat een ecologische ramp veroorzaakte.;
175;nl;Welke nieuwe, bijna intacte Maya-aanbiedingssite werd in 2019 aan het grote publiek onthuld ?;Chichen Itza;Uxmal;Bonampak;Culuba;Expert;Al 50 jaar bekend bij Mexicaanse archeologen en lokale Mayapopulaties, was de site eerder verborgen in een ommuurde grot.;
176;nl;Welke cycloon veroorzaakte meer dan driehonderd doden in Mozambique en Zimbabwe ?;Idai;Gamede;Tracy;Bingiza;Expert;Terwijl de doden waarschijnlijk in duizenden vallen in Mozambique, verwoestte Idai 90 % van Beira, de tweede stad van het land.;https://nl.wikipedia.org/wiki/Idai
177;nl;Welk Italiaans lid van het Europees Parlement werd in 2019 tot voorzitter van het Europees Parlement gekozen ?;David Sassoli;Mario Mauro;Franco Bonanini;Paolo De Castro;Expert;Deze Italiaanse journalist en politicus was ook presentator van de 8 pm-editie en vice-directeur van TG1 op Rai 1.;https://nl.wikipedia.org/wiki/David_Sassoli
178;nl;In Mexico, welk gezin werd in 2019 afgeslacht in de Sierra Madre ?;LeBaron;Fernando;Sinaloa;Michoacana;Expert;Als de aanvallers van deze groep vrouwen en kinderen drugshandelaren zijn, zou het een bloedbad worden in de drugsoorlog.;
179;nl;Welke vulkaan is op 9 december 2019 in Nieuw-Zeeland uitgebarsten ?;White Island;Home Reef;Kambalny;Mount Carlisle;Expert;Het eiland bestaat uit twee geneste andesitische vulkanen, waarvan er één een hoefijzervormige krater is die open staat in het zuidoosten.;https://nl.wikipedia.org/wiki/White_Island_(Nieuw-Zeeland)
180;nl;Welke stad vierde zijn 100ste verjaardag van radiostation in 2019 ?;Montreal;Berlijn;Londen;Miami;Expert;Montreal, een stad in Canada, was in feite de eerste stad ter wereld met een echt radiostation in 1919.;https://nl.wikipedia.org/wiki/Montreal
