<?xml version="1.0" encoding="UTF-8" standalone="yes" ?>
<quizz fournisseur="OpenQuizzDB : Fournisseur de contenu libre"
       url="http://www.openquizzdb.org"
       rédacteur="Philippe Bresoux"
       thème="Réchauffement climatique"
       difficulté="3">
  <débutant>
    <contenu id="1">
      <question>La combustion de quel produit contribue le plus au réchauffement climatique ?</question>
      <propositions>
        <proposition id="1-1">Le PVC</proposition>
        <proposition id="1-2">Le charbon</proposition>
        <proposition id="1-3">Le carton</proposition>
        <proposition id="1-4">Le bois</proposition>
      </propositions>
      <réponse proposition="1-2">Le charbon</réponse>
      <anecdote>On appelle combustible fossile tous les combustibles riches en carbone issus de la méthanisation d'êtres vivants morts.</anecdote>
    </contenu>
    <contenu id="2">
      <question>Dans une maison, quel est le poste le plus gourmand en électricité ?</question>
      <propositions>
        <proposition id="2-1">Production de froid</proposition>
        <proposition id="2-2">Éclairage</proposition>
        <proposition id="2-3">Sèche-linge</proposition>
        <proposition id="2-4">Tlévision</proposition>
      </propositions>
      <réponse proposition="2-1">Production de froid</réponse>
      <anecdote>1 000 KWh/an (car ces appareils fonctionnent en continu), puis vient l'éclairage (500KWh/an) et le sèche-linge (300KWh/an).</anecdote>
    </contenu>
    <contenu id="3">
      <question>En quelle année s'est terminée la première période d'engagement du protocole de Kyoto ?</question>
      <propositions>
        <proposition id="3-1">2016</proposition>
        <proposition id="3-2">2012</proposition>
        <proposition id="3-3">2004</proposition>
        <proposition id="3-4">2008</proposition>
      </propositions>
      <réponse proposition="3-2">2012</réponse>
      <anecdote>Pour la première fois, 37 pays développés sengagent sur des objectifs contraignants de réduction de leurs émissions de gaz.</anecdote>
    </contenu>
    <contenu id="4">
      <question>Qui sont responsables du réchauffement de l'atmosphère via augmentation de l'effet de serre ?</question>
      <propositions>
        <proposition id="4-1">Les planètes</proposition>
        <proposition id="4-2">Les animaux</proposition>
        <proposition id="4-3">Les hommes</proposition>
        <proposition id="4-4">Les bactéries</proposition>
      </propositions>
      <réponse proposition="4-3">Les hommes</réponse>
      <anecdote>L'augmentation du rejet de dioxyde de carbone dû à la pollution humaine et industrielle favorise fortement l'effet de serre.</anecdote>
    </contenu>
    <contenu id="5">
      <question>Quel est le type de transport de marchandises le plus économe en énergie ?</question>
      <propositions>
        <proposition id="5-1">Ferroviaire</proposition>
        <proposition id="5-2">Routier</proposition>
        <proposition id="5-3">Fluvial</proposition>
        <proposition id="5-4">Aérien</proposition>
      </propositions>
      <réponse proposition="5-3">Fluvial</réponse>
      <anecdote>Le transport fluvial est ecologique par sa moindre consommation d'énergie et ses faibles niveaux d'émissions de polluants et de CO2.</anecdote>
    </contenu>
    <contenu id="6">
      <question>Le pétrole, le gaz et le charbon sont classés parmi quel type d'énergies ?</question>
      <propositions>
        <proposition id="6-1">Propres</proposition>
        <proposition id="6-2">Renouvelables</proposition>
        <proposition id="6-3">Fossiles</proposition>
        <proposition id="6-4">Solaires</proposition>
      </propositions>
      <réponse proposition="6-3">Fossiles</réponse>
      <anecdote>L'océan a absorbé environ 30% des émissions  de dioxyde de carbone dues aux activités humaines.</anecdote>
    </contenu>
    <contenu id="7">
      <question>Quel pays est le plus grand émetteur de gaz à effet de serre ?</question>
      <propositions>
        <proposition id="7-1">LInde</proposition>
        <proposition id="7-2">Les États-Unis</proposition>
        <proposition id="7-3">La Chine</proposition>
        <proposition id="7-4">La Russie</proposition>
      </propositions>
      <réponse proposition="7-3">La Chine</réponse>
      <anecdote>Hormis la vapeur d'eau évacuée en quelques jours, les gaz à effet de serre mettent très longtemps à s'éliminer de l'atmosphère.</anecdote>
    </contenu>
    <contenu id="8">
      <question>Lequel de ces effets n'est pas lié aux changements climatiques ?</question>
      <propositions>
        <proposition id="8-1">Migration animale</proposition>
        <proposition id="8-2">Montée des eaux</proposition>
        <proposition id="8-3">Fonte des glaciers</proposition>
        <proposition id="8-4">Espérance de vie</proposition>
      </propositions>
      <réponse proposition="8-4">Espérance de vie</réponse>
      <anecdote>L'augmentation de l'espérance de vie n'est pas liée aux changements climatiques mais bien à la qualité de vie.</anecdote>
    </contenu>
    <contenu id="9">
      <question>Durant quelle révolution a débuté l'augmentation des émissions de gaz à effet de serre ?</question>
      <propositions>
        <proposition id="9-1">Culturelle</proposition>
        <proposition id="9-2">Industrielle</proposition>
        <proposition id="9-3">Française</proposition>
        <proposition id="9-4">Numérique</proposition>
      </propositions>
      <réponse proposition="9-2">Industrielle</réponse>
      <anecdote>Cette augmentation est principalement liée au développement du secteur industriel et du secteur des transports.</anecdote>
    </contenu>
    <contenu id="10">
      <question>Que signifie la lettre A sur l'étiquette-énergie d'un réfrigérateur ?</question>
      <propositions>
        <proposition id="10-1">Auto-nettoyant</proposition>
        <proposition id="10-2">Économe en énergie</proposition>
        <proposition id="10-3">Le plus froid</proposition>
        <proposition id="10-4">Anti-poussière</proposition>
      </propositions>
      <réponse proposition="10-2">Économe en énergie</réponse>
      <anecdote>L'étiquette-énergie est une fiche destinée au consommateur afin de faciliter le choix entre les différents modèles.</anecdote>
    </contenu>
  </débutant>
  <confirmé>
    <contenu id="11">
      <question>Hormis le CO2, lequel de ces autres gaz est couvert par le protocole de Kyoto ?</question>
      <propositions>
        <proposition id="11-1">Acétylène</proposition>
        <proposition id="11-2">Propane</proposition>
        <proposition id="11-3">Méthane</proposition>
        <proposition id="11-4">Butane</proposition>
      </propositions>
      <réponse proposition="11-3">Méthane</réponse>
      <anecdote>Les autres gaz concernés sont : le méthane (CH4), le protoxyde d'azote (N2O) et les gaz fluorés (HFC, PFC, SF6 et NF3). </anecdote>
    </contenu>
    <contenu id="12">
      <question>Pour quelle part le CO2 contribue-t-il à l'effet de serre causé par les activités humaines ?</question>
      <propositions>
        <proposition id="12-1">80 %</proposition>
        <proposition id="12-2">20 %</proposition>
        <proposition id="12-3">60%</proposition>
        <proposition id="12-4">40 %</proposition>
      </propositions>
      <réponse proposition="12-3">60%</réponse>
      <anecdote>L'augmentation de l'effet de serre est également causé à 6% pour le protoxyde d'azote (N2O) et 20% pour le méthane (CH4).</anecdote>
    </contenu>
    <contenu id="13">
      <question>En France, quelle est la moyenne de CO2 émis en 2007 par habitant et par an ?</question>
      <propositions>
        <proposition id="13-1">2.3 T</proposition>
        <proposition id="13-2">5.8 T</proposition>
        <proposition id="13-3">3.7 T</proposition>
        <proposition id="13-4">4.2 T</proposition>
      </propositions>
      <réponse proposition="13-2">5.8 T</réponse>
      <anecdote>Ce sont les États-Unis qui émettent le plus de CO2 avec une impressionnante moyenne de 19 T de CO2 par habitant et par an. </anecdote>
    </contenu>
    <contenu id="14">
      <question>Par combien les pays industrialisés doivent diviser leurs émissions de gaz à effet de serre d'ici 2050 ?</question>
      <propositions>
        <proposition id="14-1">Par 6</proposition>
        <proposition id="14-2">Par 4</proposition>
        <proposition id="14-3">Par 8</proposition>
        <proposition id="14-4">Par 2</proposition>
      </propositions>
      <réponse proposition="14-2">Par 4</réponse>
      <anecdote>En divisant par 4 leurs émissions, cet effort permettra de contenir l'élévation de la température moyenne de la Terre à 2 degrés.</anecdote>
    </contenu>
    <contenu id="15">
      <question>Combien de CO2 est émis par chaque passager d'un vol aller-retour Paris-New York ?</question>
      <propositions>
        <proposition id="15-1">39 Kg</proposition>
        <proposition id="15-2">257 Kg</proposition>
        <proposition id="15-3">1.2 T</proposition>
        <proposition id="15-4">593 Kg</proposition>
      </propositions>
      <réponse proposition="15-3">1.2 T</réponse>
      <anecdote>Cela équivaut à 1.2 tonnes de gaz carbonique, soit plus d'un quart des émissions moyennes d'un français en une année.</anecdote>
    </contenu>
    <contenu id="16">
      <question>Les 2 principales filières des biocarburants en France sont le biodiesel et le...</question>
      <propositions>
        <proposition id="16-1">Bioéthanol</proposition>
        <proposition id="16-2">Bio gazole</proposition>
        <proposition id="16-3">Bio kérosène</proposition>
        <proposition id="16-4">Super bio</proposition>
      </propositions>
      <réponse proposition="16-1">Bioéthanol</réponse>
      <anecdote>Les biocarburants, d'origine agricole, sont répartis en deux principales filières : bioéthanol (essence) et biodiesel.</anecdote>
    </contenu>
    <contenu id="17">
      <question>Paris a accueilli la COP21, COP étant l'acronyme de Conference Of the...</question>
      <propositions>
        <proposition id="17-1">Problems</proposition>
        <proposition id="17-2">Power</proposition>
        <proposition id="17-3">Populations</proposition>
        <proposition id="17-4">Parties</proposition>
      </propositions>
      <réponse proposition="17-4">Parties</réponse>
      <anecdote>Depuis la conférence de Berlin (COP1) en 1995, elle se réunit chaque année lors d'un sommet mondial, dans une ville différente.</anecdote>
    </contenu>
    <contenu id="18">
      <question>L'objectif de la COP 21 fut de limiter le réchauffement climatique à quoi ?</question>
      <propositions>
        <proposition id="18-1">2°C</proposition>
        <proposition id="18-2">2 Gigawatts</proposition>
        <proposition id="18-3">2%</proposition>
        <proposition id="18-4">2 ans</proposition>
      </propositions>
      <réponse proposition="18-1">2°C</réponse>
      <anecdote>Au vu des engagements pris par les États pour restreindre leurs émissions, cet objectif est presque mission impossible.</anecdote>
    </contenu>
    <contenu id="19">
      <question>Quelle température y aurait-il sur Terre sans l'effet de serre ?</question>
      <propositions>
        <proposition id="19-1">4°C</proposition>
        <proposition id="19-2">47°C</proposition>
        <proposition id="19-3">98°C</proposition>
        <proposition id="19-4">-18°C</proposition>
      </propositions>
      <réponse proposition="19-4">-18°C</réponse>
      <anecdote>L'effet de serre permet d'avoir une température régulée et moyenne agréable sur Terre denviron 15°C.</anecdote>
    </contenu>
    <contenu id="20">
      <question>En France, on utilise sa voiture en moyenne pour quel pourcentage de ses déplacements ?</question>
      <propositions>
        <proposition id="20-1">20 %</proposition>
        <proposition id="20-2">80 %</proposition>
        <proposition id="20-3">40 %</proposition>
        <proposition id="20-4">60 %</proposition>
      </propositions>
      <réponse proposition="20-2">80 %</réponse>
      <anecdote>Dans l'attente d'une réglementation européenne, Paris a lancé un plan visant à réduire les émissions de particules fines.</anecdote>
    </contenu>
  </confirmé>
  <expert>
    <contenu id="21">
      <question>Quelle est la température moyenne à la surface de la Terre ?</question>
      <propositions>
        <proposition id="21-1">25°C</proposition>
        <proposition id="21-2">35°C</proposition>
        <proposition id="21-3">15°C</proposition>
        <proposition id="21-4">5°C</proposition>
      </propositions>
      <réponse proposition="21-3">15°C</réponse>
      <anecdote>Le maintien de cette température est due à l'effet de serre naturel qui retient une partie de la chaleur émise par le soleil.  </anecdote>
    </contenu>
    <contenu id="22">
      <question>Comment appelle-ton un système qui absorbe naturellement les émissions de CO2 ?</question>
      <propositions>
        <proposition id="22-1">Puits de carbone</proposition>
        <proposition id="22-2">Écogénome</proposition>
        <proposition id="22-3">Défoliant</proposition>
        <proposition id="22-4">Biosphère</proposition>
      </propositions>
      <réponse proposition="22-1">Puits de carbone</réponse>
      <anecdote>Les principaux puits de carbone naturels sont aujourd'hui réduits par la déforestation massive et l'acidification des océans.</anecdote>
    </contenu>
    <contenu id="23">
      <question>Quelle est la durée de vie moyenne du protoxyde d'azote (N2O) dans l'atmosphère ?</question>
      <propositions>
        <proposition id="23-1">83 ans</proposition>
        <proposition id="23-2">39 ans</proposition>
        <proposition id="23-3">67 ans</proposition>
        <proposition id="23-4">114 ans</proposition>
      </propositions>
      <réponse proposition="23-4">114 ans</réponse>
      <anecdote>C'est le gaz à effet de serre qui a la plus longue durée de vie, le CO2 ayant quant à lui une durée de vie moyenne de 100 ans.</anecdote>
    </contenu>
    <contenu id="24">
      <question>Laquelle de ces maladies risque de s'étendre si le climat se réchauffe ?</question>
      <propositions>
        <proposition id="24-1">Grippe</proposition>
        <proposition id="24-2">SIDA</proposition>
        <proposition id="24-3">Paludisme</proposition>
        <proposition id="24-4">Tuberculose</proposition>
      </propositions>
      <réponse proposition="24-3">Paludisme</réponse>
      <anecdote>Le paludisme ou la malaria est une maladie infectieuse propagée par la piqûre de certaines espèces de moustiques anophèles.</anecdote>
    </contenu>
    <contenu id="25">
      <question>Comment appelle-t-on les émissions de gaz à effet de serre dues à l'activité humaine ?</question>
      <propositions>
        <proposition id="25-1">Anthropologiques</proposition>
        <proposition id="25-2">Anthropomorphiques</proposition>
        <proposition id="25-3">Anthropiques</proposition>
        <proposition id="25-4">Anthropocènes</proposition>
      </propositions>
      <réponse proposition="25-3">Anthropiques</réponse>
      <anecdote>Certaines causes naturelles aux émissions de gaz à effet de serre sont à distinguer de l'effet de serre additionnel.</anecdote>
    </contenu>
    <contenu id="26">
      <question>Quel groupe intergouvernemental d'experts étudie les changements climatiques ?</question>
      <propositions>
        <proposition id="26-1">GIEC</proposition>
        <proposition id="26-2">GPRS</proposition>
        <proposition id="26-3">CPO</proposition>
        <proposition id="26-4">URB</proposition>
      </propositions>
      <réponse proposition="26-1">GIEC</réponse>
      <anecdote>Créé en 1998 par les Nations-Unies, le GIEC évalue et synthétise l'état des connaissances sur les changements climatiques.</anecdote>
    </contenu>
    <contenu id="27">
      <question>Via quel dispositif de prévention l'UE lutte-t-elle contre le réchauffement climatique ?</question>
      <propositions>
        <proposition id="27-1">BASF</proposition>
        <proposition id="27-2">PECC</proposition>
        <proposition id="27-3">ISDN</proposition>
        <proposition id="27-4">ACDC</proposition>
      </propositions>
      <réponse proposition="27-2">PECC</réponse>
      <anecdote>Le Paquet Énergie Climat adopté en 2008 définit des objectifs à plus long terme que le protocole de Kyoto.</anecdote>
    </contenu>
    <contenu id="28">
      <question>Comment appelle-t-on la fraction d'énergie solaire réfléchie par la Terre vers l'espace ?</question>
      <propositions>
        <proposition id="28-1">Albédo</proposition>
        <proposition id="28-2">Zonation</proposition>
        <proposition id="28-3">Actinisme</proposition>
        <proposition id="28-4">Iris</proposition>
      </propositions>
      <réponse proposition="28-1">Albédo</réponse>
      <anecdote>Via le pouvoir réfléchissant d'une surface, la couleur blanche réfléchit plus le rayonnement lumineux que les couleurs sombres.</anecdote>
    </contenu>
    <contenu id="29">
      <question>Entre 1901 et 2010, de combien de centimètres le niveau de la mer s'est-il élevé ?</question>
      <propositions>
        <proposition id="29-1">25</proposition>
        <proposition id="29-2">19</proposition>
        <proposition id="29-3">37</proposition>
        <proposition id="29-4">8</proposition>
      </propositions>
      <réponse proposition="29-2">19</réponse>
      <anecdote>Dans son dernier rapport, le GIEC prévoit une hausse moyenne du niveau océanique de 26 cm à 98 cm d'ici 2100.</anecdote>
    </contenu>
    <contenu id="30">
      <question>En quelle année est apparu pour la première fois le terme « effet de serre » ?</question>
      <propositions>
        <proposition id="30-1">1824</proposition>
        <proposition id="30-2">1934</proposition>
        <proposition id="30-3">1989</proposition>
        <proposition id="30-4">1956</proposition>
      </propositions>
      <réponse proposition="30-1">1824</réponse>
      <anecdote>Joseph Fourier appela « effet de serre » le phénomène démontré par Horace Bénédicte De Saussure à la fin du XVIIIe siècle.</anecdote>
    </contenu>
  </expert>
</quizz>