<?xml version="1.0" encoding="UTF-8" standalone="yes" ?>
<quizz fournisseur="OpenQuizzDB : Fournisseur de contenu libre"
       url="http://www.openquizzdb.org"
       rédacteur="Philippe Bresoux"
       thème="Faune et flore des champs"
       difficulté="3">
  <débutant>
    <contenu id="1">
      <question>Quelle est la couleur du coquelicot, très abondante dans les terrains fraîchement remués ?</question>
      <propositions>
        <proposition id="1-1">Rouge</proposition>
        <proposition id="1-2">Verte</proposition>
        <proposition id="1-3">Pourpre</proposition>
        <proposition id="1-4">Jaune</proposition>
      </propositions>
      <réponse proposition="1-1">Rouge</réponse>
      <anecdote>Le coquelicot se distingue par la couleur rouge de ses fleurs et par le fait qu'elle forme souvent des tapis colorés visibles de très loin.</anecdote>
    </contenu>
    <contenu id="2">
      <question>Quelle sorte de passereau mange les graines des chardons ?</question>
      <propositions>
        <proposition id="2-1">Rossignol</proposition>
        <proposition id="2-2">Fauvette</proposition>
        <proposition id="2-3">Pinson</proposition>
        <proposition id="2-4">Chardonneret</proposition>
      </propositions>
      <réponse proposition="2-4">Chardonneret</réponse>
      <anecdote>Son bec est conique et pointu, spécialement adapté pour prélever les graines des plantes comme le chardon.</anecdote>
    </contenu>
    <contenu id="3">
      <question>Quelle vitesse maximale peut atteindre un lièvre, petit mammifère proche du lapin ?</question>
      <propositions>
        <proposition id="3-1">50 km/h</proposition>
        <proposition id="3-2">70 km/h</proposition>
        <proposition id="3-3">110 km/h</proposition>
        <proposition id="3-4">90 km/h</proposition>
      </propositions>
      <réponse proposition="3-2">70 km/h</réponse>
      <anecdote>Le lièvre, du haut de ses 60 cm, est avec le lapin des neiges le plus grand lièvre d'Europe.</anecdote>
    </contenu>
    <contenu id="4">
      <question>Quelle partie du corps de la taupe lui permet de s'orienter à reculons sous la terre ?</question>
      <propositions>
        <proposition id="4-1">Sa queue</proposition>
        <proposition id="4-2">Son museau</proposition>
        <proposition id="4-3">Ses pattes</proposition>
        <proposition id="4-4">Sa tête</proposition>
      </propositions>
      <réponse proposition="4-1">Sa queue</réponse>
      <anecdote>Leurs caractéristiques générales sont celles des petits mammifères fouisseurs qui creusent et vivent dans des galeries souterraines.</anecdote>
    </contenu>
    <contenu id="5">
      <question>Comment sont appelées les larves du hanneton qui sont radicivores ?</question>
      <propositions>
        <proposition id="5-1">Chenilles</proposition>
        <proposition id="5-2">Vers blancs</proposition>
        <proposition id="5-3">Coques</proposition>
        <proposition id="5-4">Nymphes</proposition>
      </propositions>
      <réponse proposition="5-2">Vers blancs</réponse>
      <anecdote>Les vers blancs se transforment en nymphes. Au bout de 4 à 6 semaines, un coléoptère sortira du cocon.</anecdote>
    </contenu>
    <contenu id="6">
      <question>De quoi est faite la coquille de l'escargot de Bourgogne ?</question>
      <propositions>
        <proposition id="6-1">Schiste</proposition>
        <proposition id="6-2">Granit</proposition>
        <proposition id="6-3">Calcaire</proposition>
        <proposition id="6-4">Corne</proposition>
      </propositions>
      <réponse proposition="6-3">Calcaire</réponse>
      <anecdote>La coquille en spirale de l'escargot de Bourgogne mesure jusqu'à 10 cm et est composée de calcaire.</anecdote>
    </contenu>
    <contenu id="7">
      <question>Comment s'appelle la femelle du renard, encore fréquemment appelé goupil ?</question>
      <propositions>
        <proposition id="7-1">Renarde</proposition>
        <proposition id="7-2">Renardeaude</proposition>
        <proposition id="7-3">Renardelle</proposition>
        <proposition id="7-4">Renardine</proposition>
      </propositions>
      <réponse proposition="7-1">Renarde</réponse>
      <anecdote>Les caractéristiques générales des renards sont celles des Canidés, avec des nuances pour chaque espèce.</anecdote>
    </contenu>
    <contenu id="8">
      <question>Combien de vertèbres possède un ver de terre, dont plus de 5 000 espèces sont connues ?</question>
      <propositions>
        <proposition id="8-1">432</proposition>
        <proposition id="8-2">Aucune</proposition>
        <proposition id="8-3">178</proposition>
        <proposition id="8-4">32</proposition>
      </propositions>
      <réponse proposition="8-2">Aucune</réponse>
      <anecdote>Un ver de terre est un invertébré et ne possède donc aucune vertèbre.</anecdote>
    </contenu>
    <contenu id="9">
      <question>Parmi ces propositions, laquelle désigne une sorte de « souris des champs » ?</question>
      <propositions>
        <proposition id="9-1">Mulet</proposition>
        <proposition id="9-2">Muscardin</proposition>
        <proposition id="9-3">Musaraigne</proposition>
        <proposition id="9-4">Mulot</proposition>
      </propositions>
      <réponse proposition="9-4">Mulot</réponse>
      <anecdote>Les musaraignes, ressemblant à une souris vues de loin, malgré leur nez pointu, sont aussi parfois qualifiées par erreur de mulots.</anecdote>
    </contenu>
    <contenu id="10">
      <question>Quel partie du corps de la mouche bleue lui permet de manger ?</question>
      <propositions>
        <proposition id="10-1">Les pattes</proposition>
        <proposition id="10-2">Les mâchoires</proposition>
        <proposition id="10-3">Les ailes</proposition>
        <proposition id="10-4">La trompe</proposition>
      </propositions>
      <réponse proposition="10-4">La trompe</réponse>
      <anecdote>Grâce à cette trompe, la mouche bleue peut aspirer pollens et nectars.</anecdote>
    </contenu>
  </débutant>
  <confirmé>
    <contenu id="11">
      <question>Quelle graminée cultivée comme céréale ou comme fourrage ne possède pas de barbe ?</question>
      <propositions>
        <proposition id="11-1">Avoine</proposition>
        <proposition id="11-2">Seigle</proposition>
        <proposition id="11-3">Orge</proposition>
        <proposition id="11-4">Blé</proposition>
      </propositions>
      <réponse proposition="11-1">Avoine</réponse>
      <anecdote>L'avoine est la seule graminée à ne pas posséder de barbe, la barbe la plus longue se trouvant sur l'orge.</anecdote>
    </contenu>
    <contenu id="12">
      <question>Comment le lièvre est-il parfois appelé en raison de sa robe brune ?</question>
      <propositions>
        <proposition id="12-1">Capucin</proposition>
        <proposition id="12-2">Augustin</proposition>
        <proposition id="12-3">Chanoine</proposition>
        <proposition id="12-4">Jacobin</proposition>
      </propositions>
      <réponse proposition="12-1">Capucin</réponse>
      <anecdote>La robe brune du lièvre ressemble à la bure des moines capucins, d'où son nom.</anecdote>
    </contenu>
    <contenu id="13">
      <question>Quelles plantes possédant des fruits à noyau peut-on trouver en lisière des forêts ?</question>
      <propositions>
        <proposition id="13-1">Les cactus</proposition>
        <proposition id="13-2">Le lierre grimpant</proposition>
        <proposition id="13-3">Les nénuphars</proposition>
        <proposition id="13-4">Les prunelles</proposition>
      </propositions>
      <réponse proposition="13-4">Les prunelles</réponse>
      <anecdote>Leurs fruits, très astringents et acides, sont mangés par les oiseaux et les insectes en automne.</anecdote>
    </contenu>
    <contenu id="14">
      <question>Combien de points la coccinelle des légumineuses a-t-elle sur sa carapace ?</question>
      <propositions>
        <proposition id="14-1">24</proposition>
        <proposition id="14-2">44</proposition>
        <proposition id="14-3">14</proposition>
        <proposition id="14-4">34</proposition>
      </propositions>
      <réponse proposition="14-1">24</réponse>
      <anecdote>La coccinelle des légumineuses possède des ailes oranges marquées de 24 points.</anecdote>
    </contenu>
    <contenu id="15">
      <question>Quelle est la particularité du vol du faucon crécerelle ?</question>
      <propositions>
        <proposition id="15-1">Il est en vagues</proposition>
        <proposition id="15-2">Il est vertical</proposition>
        <proposition id="15-3">Il est actif</proposition>
        <proposition id="15-4">Il est stationnaire</proposition>
      </propositions>
      <réponse proposition="15-4">Il est stationnaire</réponse>
      <anecdote>Les ornithologues l'ont appelé ainsi à cause de son cri très aigu et plutôt désagréable.</anecdote>
    </contenu>
    <contenu id="16">
      <question>Entouré de ses poils piquants, quel âge un hérisson peut-il atteindre ?</question>
      <propositions>
        <proposition id="16-1">De 8 à 12 ans</proposition>
        <proposition id="16-2">De 3 à 7 ans</proposition>
        <proposition id="16-3">6 mois</proposition>
        <proposition id="16-4">De 1 à 3 ans</proposition>
      </propositions>
      <réponse proposition="16-2">De 3 à 7 ans</réponse>
      <anecdote>Les épines ont une fonction de protection, mais les manuels antiques imaginaient qu'elles servaient à récolter de la nourriture.</anecdote>
    </contenu>
    <contenu id="17">
      <question>De combien de degrés le faucon crécerelle peut-il tourner la tête ?</question>
      <propositions>
        <proposition id="17-1">120</proposition>
        <proposition id="17-2">270</proposition>
        <proposition id="17-3">180</proposition>
        <proposition id="17-4">320</proposition>
      </propositions>
      <réponse proposition="17-3">180</réponse>
      <anecdote>Le faucon crécerelle peut ainsi surveiller sa zone de chasse sans se déplacer.</anecdote>
    </contenu>
    <contenu id="18">
      <question>Considéré comme insecte ravageur, à quelle hauteur un criquet peut-il sauter ?</question>
      <propositions>
        <proposition id="18-1">70 cm</proposition>
        <proposition id="18-2">130 cm</proposition>
        <proposition id="18-3">210 cm</proposition>
        <proposition id="18-4">12 cm</proposition>
      </propositions>
      <réponse proposition="18-1">70 cm</réponse>
      <anecdote>Par rapport à sa taille, aucun être vivant sur Terre n'est capable de sauter aussi haut.</anecdote>
    </contenu>
    <contenu id="19">
      <question>Comment appelle-t-on un bois de cerf à douze excroissances ?</question>
      <propositions>
        <proposition id="19-1">Un 12 cors</proposition>
        <proposition id="19-2">Un 12 sylve</proposition>
        <proposition id="19-3">Un 12 fourré</proposition>
        <proposition id="19-4">Un 12 breuil</proposition>
      </propositions>
      <réponse proposition="19-1">Un 12 cors</réponse>
      <anecdote>Le cerf perd ses bois en février et les nouveaux bois auront deux excroissances de plus.</anecdote>
    </contenu>
    <contenu id="20">
      <question>Quel animal prétendument disparu depuis presque 100 ans est réapparu en 2009 ?</question>
      <propositions>
        <proposition id="20-1">Le chat sauvage</proposition>
        <proposition id="20-2">Le faisan</proposition>
        <proposition id="20-3">La loutre</proposition>
        <proposition id="20-4">La vipère</proposition>
      </propositions>
      <réponse proposition="20-1">Le chat sauvage</réponse>
      <anecdote>Le chat sauvage a fait son apparition en Allemagne, après avoir disparu depuis 1912.</anecdote>
    </contenu>
  </confirmé>
  <expert>
    <contenu id="21">
      <question>Quel est l'autre nom de la primevère, une des premières fleurs du printemps ?</question>
      <propositions>
        <proposition id="21-1">Moineau</proposition>
        <proposition id="21-2">Coucou</proposition>
        <proposition id="21-3">Merle</proposition>
        <proposition id="21-4">Pivert</proposition>
      </propositions>
      <réponse proposition="21-2">Coucou</réponse>
      <anecdote>Les petites fleurs jaunes de la primevère annoncent le printemps comme le fait le coucou, l'oiseau.</anecdote>
    </contenu>
    <contenu id="22">
      <question>Quand fleurit la camomille sauvage, parfois appelée camomille allemande ?</question>
      <propositions>
        <proposition id="22-1">De juillet à février</proposition>
        <proposition id="22-2">De mai à septembre</proposition>
        <proposition id="22-3">De mai à juillet</proposition>
        <proposition id="22-4">De janvier à avril</proposition>
      </propositions>
      <réponse proposition="22-2">De mai à septembre</réponse>
      <anecdote>Cette plante médicinale, utilisée depuis l'Antiquité gréco-latine, est simplement appelée « camomille » en herboristerie.</anecdote>
    </contenu>
    <contenu id="23">
      <question>Quel mustélidé, essentiellement rencontré en zone de montagne, change de fourrure en hiver ?</question>
      <propositions>
        <proposition id="23-1">Le putois</proposition>
        <proposition id="23-2">Le blaireau</proposition>
        <proposition id="23-3">La loutre</proposition>
        <proposition id="23-4">L'hermine</proposition>
      </propositions>
      <réponse proposition="23-4">L'hermine</réponse>
      <anecdote>Vers la mi-mars l'hermine commence sa mue pour retrouver sa couleur d'été juste avant la saison des amours.</anecdote>
    </contenu>
    <contenu id="24">
      <question>Avec quelle plante peut-on confondre l'ail des ours, jadis associé à la magie blanche ?</question>
      <propositions>
        <proposition id="24-1">Muguet</proposition>
        <proposition id="24-2">Basilic</proposition>
        <proposition id="24-3">Origan</proposition>
        <proposition id="24-4">Primevère</proposition>
      </propositions>
      <réponse proposition="24-1">Muguet</réponse>
      <anecdote>La confusion, assez fréquente, peut être très dangereuse et entraîner la mort.</anecdote>
    </contenu>
    <contenu id="25">
      <question>De quelle manière les musaraignes explorent-elles leur environnement ?</question>
      <propositions>
        <proposition id="25-1">Par écho</proposition>
        <proposition id="25-2">Par infrarouge</proposition>
        <proposition id="25-3">Par télépathie</proposition>
        <proposition id="25-4">Avec leur odorat</proposition>
      </propositions>
      <réponse proposition="25-1">Par écho</réponse>
      <anecdote>La musaraigne lance des cris stridents qui sont renvoyés par des obstacles.</anecdote>
    </contenu>
    <contenu id="26">
      <question>Quelle espèce de corneille nichant en colonies possède un bec clair ?</question>
      <propositions>
        <proposition id="26-1">La corneille mantelée</proposition>
        <proposition id="26-2">La corneille noire</proposition>
        <proposition id="26-3">La pie bavarde</proposition>
        <proposition id="26-4">Le corbeau freux</proposition>
      </propositions>
      <réponse proposition="26-4">Le corbeau freux</réponse>
      <anecdote>Le freux possède une robe tout à fait caractéristique, mais on peut cependant confondre les oisillons avec les corneilles.</anecdote>
    </contenu>
    <contenu id="27">
      <question>Quel est l'autre nom du chevreuil mâle, petit animal agile et très rapide ?</question>
      <propositions>
        <proposition id="27-1">Le daim</proposition>
        <proposition id="27-2">Le brocard</proposition>
        <proposition id="27-3">Le renne</proposition>
        <proposition id="27-4">Le cerf</proposition>
      </propositions>
      <réponse proposition="27-2">Le brocard</réponse>
      <anecdote>Tous les chevreuils appartiennent à la famille des cervidés. Les mâles portent des bois.</anecdote>
    </contenu>
    <contenu id="28">
      <question>Comment les Américains nomment-ils le doryphore de la pomme de terre ?</question>
      <propositions>
        <proposition id="28-1">Big dory</proposition>
        <proposition id="28-2">Azirona bug</proposition>
        <proposition id="28-3">Colorado beetle</proposition>
        <proposition id="28-4">Lady potatoe</proposition>
      </propositions>
      <réponse proposition="28-3">Colorado beetle</réponse>
      <anecdote>Le doryphore de la pomme de terre est originaire de lÉtat du Colorado, aux États-Unis.</anecdote>
    </contenu>
    <contenu id="29">
      <question>Laquelle de ces propositions ne désigne pas un coléoptère ?</question>
      <propositions>
        <proposition id="29-1">Bousier</proposition>
        <proposition id="29-2">Scarabée zèbre</proposition>
        <proposition id="29-3">Cerf-volant</proposition>
        <proposition id="29-4">Scarabée rhinocéros</proposition>
      </propositions>
      <réponse proposition="29-2">Scarabée zèbre</réponse>
      <anecdote>La première paire d'ailes, quelquefois très colorée, appelée élytres, forme la carapace de ces insectes.</anecdote>
    </contenu>
    <contenu id="30">
      <question>Avec son masque noir bordé de blanc, d'où le raton laveur est-il originaire ?</question>
      <propositions>
        <proposition id="30-1">Océanie</proposition>
        <proposition id="30-2">Australie</proposition>
        <proposition id="30-3">Afrique</proposition>
        <proposition id="30-4">Amérique du Nord</proposition>
      </propositions>
      <réponse proposition="30-4">Amérique du Nord</réponse>
      <anecdote>Le raton laveur doit son nom à son habitude, plus ou moins réelle, de tremper ses aliments dans leau avant de les manger.</anecdote>
    </contenu>
  </expert>
</quizz>