1;fr;Quelle substance utilise-t-on souvent pour faire rapidement fondre la neige sur les routes ?;Sel;Sucre;Poivre;Farine;Débutant;En France, les routes sont classées en quatre niveaux de priorité, les routes de niveau 1 étant traitées 24h sur 24 si nécessaire.;https://fr.wikipedia.org/wiki/Neige
2;fr;Quelle jeune artiste a chanté Jour de neige à la télévision en 1988 ?;Elsa;Jakie Quartz;Lio;Patricia Kaas;Débutant;Les producteurs ont accompagné le single de ce titre le plus rythmé de l'album de versions clubs destinées aux discothèques.;https://fr.wikipedia.org/wiki/Jour_de_neige_(chanson)
3;fr;Quel engin hivernal est principalement utilisé pour dégager la neige de nos chaussées ?;Chasse-neige;Niveleuse;Épandeuse;Autoneige;Débutant;Un dispositif de salage peut se trouver à l'arrière ou sur le côté gauche du chasse-neige afin d'éviter la formation de glace.;https://fr.wikipedia.org/wiki/Chasse-neige
4;fr;Comment s'appelle la meilleure amie de Sébastien à la télévision ?;Belle;Sidonie;Prunelle;Aglaé;Débutant;Ce feuilleton écrit et réalisé par Cécile Aubry fut diffusé à partir du 26 septembre 1965 sur la première chaîne de l'ORTF.;https://fr.wikipedia.org/wiki/Belle_et_Sébastien_(série_télévisée)
5;fr;Qui a écrit le roman français La neige en deuil proposé à de nombreux étudiants ?;Henri Troyat;Bernard Clavel;Jean Vautrin;Jean-Paul Sartre;Débutant;Cette fiction (et le film) s'inspire d'un événement réel : l'accident du Malabar Princess sur les flancs du Mont-Blanc en 1950.;https://fr.wikipedia.org/wiki/La_Neige_en_deuil
6;fr;Quel chien d'attelage originaire de Sibérie possède souvent des yeux bleus ?;Husky;Barzoï;Lévrier;Épagneul;Débutant;Le husky de Sibérie, puissant, rapide et endurant, est doté d'une musculature ferme et bien développée sans poids superflu.;https://fr.wikipedia.org/wiki/Husky_de_Sibérie
7;fr;Quel général africain traversa les Alpes avec des éléphants ?;Hannibal;Hasdrubal;Didon;Hannon;Débutant;La plupart des 27 éléphants d'Hannibal moururent en réalité dans la traversée des Alpes ou dans l'humidité des marais étrusques.;https://fr.wikipedia.org/wiki/Hannibal_Barca
8;fr;En Europe, quelle est la première fleur qui pousse généralement à la fin de l'hiver ?;Crocus;Acacia;Dahlia;Ficus;Débutant;Avec sa grande fleur mauve, le Crocus sativus, dont on extrait le safran, a lui besoin de beaucoup de chaleur pour bien fleurir.;https://fr.wikipedia.org/wiki/Crocus
9;fr;Quel équipement est obligatoire pour prendre le départ d'une compétition de descente en ski ?;Casque;Genouillères;Brassard;Lunettes;Débutant;La descente est la plus vieille discipline sportive du ski alpin, aujourd'hui surnommée la discipline reine de sa catégorie.;https://fr.wikipedia.org/wiki/Descente_(ski_alpin)
10;fr;Quelle station Blanche Neige aurait-elle probablement fort apprécié ?;Les Sept Laux;Méaudre;Autrans;Chamrousse;Débutant;Les Sept Laux est un groupe de trois stations de sport d'hiver des Alpes situé à 35 km environ de Grenoble et 50 km de Chambéry.;https://fr.wikipedia.org/wiki/Les_Sept_Laux
11;fr;Quelle est la forme initiale du prisme du cristal de glace ?;Hexagonale;Sphérique;Cubique;Linéaire;Confirmé;Le cristal de glace résulte de la cristallisation progressive de la vapeur d'eau contenue dans l'air sans passer par la phase liquide.;https://fr.wikipedia.org/wiki/Cristal_de_glace
12;fr;Qui a écrit la nouvelle intitulée Les neiges du Kilimandjaro ?;Hemingway;Mauriac;Camus;Steinbeck;Confirmé;La nouvelle publiée en 1936 fut traduite en France par Marcel Duhamel et adaptée au cinéma sous le même titre par Henry King.;https://fr.wikipedia.org/wiki/Les_Neiges_du_Kilimandjaro_(nouvelle)
13;fr;Quel champion italien a remporté le slalom et le slalom géant aux Jeux olympiques de Calgary ?;Alberto Tomba;Max Julien;Markus Wasmeier;Ingemar Stenmark;Confirmé;Tomba est devenu quatre ans plus tard à Albertville le premier skieur alpin à conserver un titre olympique en remportant le géant.;https://fr.wikipedia.org/wiki/Alberto_Tomba
14;fr;À quelle peuplade nordique doit-on entre autre l'invention de la luge ?;Vikings;Celtes;Romains;Écossais;Confirmé;Il semblerait que les Vikings utilisaient déjà à cette époque des luges équipées de deux patins, un peu comme les luges actuelles.;https://fr.wikipedia.org/wiki/Luge_(loisir)
15;fr;Qui a réussi en 1986 la traversée du Pôle Nord en tirant lui-même son traîneau ?;Jean-Louis Étienne;Louis Marot;Guy Bernardin;Henri Joutel;Confirmé;Il s'est dirigé avec le soleil et sa position était suivie par le Centre national d'études spatiales grâce à une balise Argos.;https://fr.wikipedia.org/wiki/Jean-Louis_Étienne
16;fr;Dans quelle discipline Franck Piccard a-t-il remporté une médaille d'or aux Jeux olympiques de Calgary ?;Super Géant;Combiné;Freestyle;Descente;Confirmé;Né en 1964, Franck Piccard fut l'un des quatre membres de l'équipe des top guns formée et entraînée par Serge Guillaume.;https://fr.wikipedia.org/wiki/Franck_Piccard
17;fr;Quelle ville autrichienne traversée par l'Inn est la capitale du Tyrol ?;Innsbruck;Vienne;Graz;Salzbourg;Confirmé;Innsbruck est la cinquième ville d'Autriche du point de vue de la population, après Vienne, Graz, Linz et Salzbourg.;https://fr.wikipedia.org/wiki/Innsbruck
18;fr;Quelle est l'activité économique principale des frontières pyrénéennes et alpines ?;Tourisme;Élevage;Fromage;Charcuterie;Confirmé;Outre les stations de sports d'hiver, on y compte un nombre important de stations thermales, d'hôtelleries et de randonneurs.;https://fr.wikipedia.org/wiki/Pyrénées
19;fr;Que signifie le mot « ski » en norvégien, d'où provient son origine ?;Bûche;Bâton;Botte;Sabot;Confirmé;En norvégien, le mot « ski » signifierait « morceau de bois » car les skis de l'époque étaient taillés dans le bois à coups de hache.;https://fr.wikipedia.org/wiki/Ski
20;fr;Les meules de quel fromage affine-t-on au fort des Rousses, dans le Jura ?;Comté;Brie noir;Emmental;Chaumes;Confirmé;Les caves voûtées du fort des Rousses, à température constante de 8 degrés, renferment plus de 75 000 meules de comté (le Juraflore).;https://fr.wikipedia.org/wiki/Fort_des_Rousses
21;fr;Quelle station a été noyée sous un barrage en 1952 et reconstruite ensuite un peu plus haut ?;Tignes;Val-d'Isère;Les Arcs;Méribel;Expert;Tignes est internationalement réputée pour son domaine skiable, couplé avec celui de Val-d'Isère sous l'appellation Espace Killy.;https://fr.wikipedia.org/wiki/Tignes
22;fr;Quel nom portait la toute première marque de snowboard ?;Winterstick;Burton;Santa Cruz;Plan-B;Expert;En 1965, l'américain Sherman Poppen inventa le Snurfer en fixant deux skis ensemble, dirigés par une corde fixée à l'avant de l'engin.;https://fr.wikipedia.org/wiki/Histoire_du_snowboard
23;fr;Quel écrivain français a publié L'autre versant en 1983 ?;Gay-Lussac;Gauvin;Genevoix;Gauthier;Expert;Bruno Gay-Lussac descend du chimiste Louis Joseph Gay-Lussac et de Louis Hachette, fondateur des éditions du même nom.;https://fr.wikipedia.org/wiki/Bruno_Gay-Lussac
24;fr;Comment appelle-t-on une petite luge en bois avec un seul patin au centre ?;Paret;Bobsleigh;Skeleton;Kitesurf;Expert;Autrefois, ce moyen de déplacement était utilisé par les enfants de la vallée de Manigod (Haute-Savoie, canton de Thônes).;https://fr.wikipedia.org/wiki/Paret
25;fr;Quel photographe de Chamonix est célèbre par sa collection de photos de ski et de montagne ?;Pierre Tairraz;René Tanguy;John Thomas;Marc Trivier;Expert;La vocation du garçon s'inscrit dans une tradition familiale qui accompagne avec les générations l'évolution de la photographie.;https://fr.wikipedia.org/wiki/Chamonix-Mont-Blanc
26;fr;Quel saint catholique est devenu le Saint Patron des skieurs ?;Bernard de Menthon;Avit de Vienne;François de Sales;Maurice d'Agaune;Expert;En raison des miracles obtenus sur la tombe de Bernard de Menthon, Richard, alors évêque de Novare, le canonisera en 1123.;https://fr.wikipedia.org/wiki/Bernard_de_Menthon
27;fr;Quel village de Savoie est aujourd'hui célèbre pour ses diables sculptés dans le bois ?;Bessans;Bonneval;Bramans;Modane;Expert;Aujourd'hui, le diable de Bessans figure sur la flamme postale du village et trône dans la fontaine de la place de la mairie.;https://fr.wikipedia.org/wiki/Bessans
28;fr;Qui a composé la version originale de la chanson populaire Étoile des neiges ?;Franz Winkler;Jakob Dont;Paul Pisk;Marcel Tyberg;Expert;De nombreux interprètes enregistreront ce tube en français à partir de 1950 : Line Renaud, Patrice et Mario, ou encore André Claveau.;https://fr.wikipedia.org/wiki/Étoile_des_neiges
29;fr;En quelle année a-t-on fêté le bicentenaire de l'ascension du Mont-Blanc ?;1986;1966;2006;1946;Expert;Le sommet, objet de fascination dans de nombreuses œuvres culturelles, a depuis plusieurs siècles représenté un objectif.;https://fr.wikipedia.org/wiki/Mont_Blanc
30;fr;Quelle est la plus ancienne fabrique de skis de France des années 1920 ?;Duret;Atomic;Dynastar;Nordica;Expert;Spécialiste du ski et du monoski, Duret propose aujourd'hui des produits artisanaux variés : essence de bois noble, carbone, titanal.;https://fr.wikipedia.org/wiki/Ski_Duret
31;en;What substance is often used to quickly melt snow on roads ?;Salt;Sugar;Pepper;Flour;Beginner;In France, roads are classified into four levels of priority, with level 1 roads being treated 24 hours a day if necessary.;https://en.wikipedia.org/wiki/Snow
32;en;What young artist sang Jour de neige on television in 1988 ?;Elsa;Jakie Quartz;Lio;Patricia Kaas;Beginner;The producers have accompanied the single of this most rhythmic title of the club version album intended for discotheques.;https://en.wikipedia.org/wiki/Jour_de_neige
33;en;What winter gear is mainly used to clear snow from our roadways ?;Snow Plow;Grader;Spreader;Autoneige;Beginner;A salting device may be located at the rear or on the left side of the plow to prevent ice formation.;https://en.wikipedia.org/wiki/Snowplow
34;en;What is the name of Sebastien's best friend on TV ?;Beautiful;Sidonie;Prunelle;Aglaé;Beginner;This series was written and produced by Cécile Aubry and aired on September 26 th, 1965 on the first ORTF channel.;https://en.wikipedia.org/wiki/Belle_and_Sebastian_(French_TV_series)
35;en;Who wrote the French novel La neige en deuil offered to many students ?;Henri Troyat;Bernard Clavel;Jean Vautrin;Jean-Paul Sartre;Beginner;This fiction (and the film) is inspired by a real event: the accident of the Malabar Princess on the flanks of Mont Blanc in 1950.;
36;en;Which dog from Siberia often has blue eyes ?;Husky;Barzoï;February;Spaniel;Beginner;The Siberian Husky, powerful, fast and enduring, has a firm and well developed musculature without unnecessary weight.;https://en.wikipedia.org/wiki/Siberian_Husky
37;en;Which African general crossed the Alps with elephants ?;Hannibal;Hasdrubal;Didon;Hannon;Beginner;Most of Hannibal's 27 elephants actually died in the Alps crossing or in the wetness of the marshlands.;https://en.wikipedia.org/wiki/Hannibal
38;en;In Europe, what is the first flower that usually grows at the end of winter ?;Crocus;Acacia;Dahlia;Ficus;Beginner;With its large purple flower, Crocus sativus, from which saffron is extracted, needs a lot of heat to bloom.;https://en.wikipedia.org/wiki/Crocus
39;en;What equipment is required to take the start of a ski descent competition ?;Helmet;Knee pads;Brassard;Glasses;Beginner;The descent is the oldest sport of alpine skiing, now called the discipline queen of its category.;https://en.wikipedia.org/wiki/Downhill_(ski_competition)
40;en;Which station Snow White would probably have appreciated ?;The Seven Laux;Speaker;Autrans;Chamrousse;Beginner;Les Sept Laux is a group of three alpine ski resorts located about 35 km from Grenoble and 50 km from Chambéry.;https://en.wikipedia.org/wiki/Les_sept_Laux
41;en;What is the initial shape of the ice crystal prism ?;Hexagonale;Spherical;Cubic;Linear;Confirmed;The ice crystal results from the gradual crystallization of the water vapor contained in the air without going through the liquid phase.;https://en.wikipedia.org/wiki/Ice_crystals
42;en;Who wrote the new title Les neiges du Kilimandjaro ?;Hemingway;Mauriac;Camus;Steinbeck;Confirmed;The news published in 1936 was translated in France by Marcel Duhamel and adapted to the film under the same title by Henry King.;https://en.wikipedia.org/wiki/The_Snows_of_Kilimanjaro_(short_story)
43;en;Which Italian champion won the slalom and slalom medal at the Calgary Olympics ?;Alberto Tomba;Max Julien;Markus Wasmeier;Ingemar Stenmark;Confirmed;Tomba became four years later in Albertville the first alpine skier to retain an Olympic title by winning the giant.;https://en.wikipedia.org/wiki/Alberto_Tomba
44;en;What Nordic people owe, among other things, the invention of sledding ?;Vikings;Celts;Romans;Scottish;Confirmed;It seems that the Vikings already used sleds with two skates at that time, much like the current sleds.;https://en.wikipedia.org/wiki/Sledding
45;en;Who in 1986 succeeded the crossing of North Pole by shooting his own sled ?;Jean-Louis Étienne;Louis Marot;Guy Bernardin;Henri Joutel;Confirmed;He headed with the sun and his position was followed by the National Center for Space Studies with an Argos beacon.;https://en.wikipedia.org/wiki/Jean-Louis_Étienne
46;en;In which discipline did Franck Piccard win a gold medal at the Calgary Olympics ?;Super Géant;Combined;Freestyle;Downhill;Confirmed;Born in 1964, Franck Piccard was one of four members of the top guns team trained and coached by Serge Guillaume.;https://en.wikipedia.org/wiki/Franck_Piccard
47;en;Which Austrian city crossed by the Inn is the capital of Tyrol ?;Innsbruck;Vienna;Graz;Salzburg;Confirmed;Innsbruck is the fifth largest city in Austria from the point of view of the population, after Vienna, Graz, Linz and Salzburg.;https://en.wikipedia.org/wiki/Innsbruck
48;en;What is the main economic activity of the Pyrenean and Alpine frontiers ?;Tourism;Lifting;Cheese;Charcuterie;Confirmed;In addition to the winter sports resorts, there are a number of spas, hotels and hikers.;https://en.wikipedia.org/wiki/Pyrenees
49;en;What does the word « ski » mean in Norwegian, where does its origin come from ?;Bûche;Concrete;Boot;Hoof;Confirmed;In Norwegian, the word « ski » would mean « piece of wood » because the skis of the time were cut in the wood with axes.;https://en.wikipedia.org/wiki/Skiing
50;en;What grindstones are you looking for at the fort des Rousses, in the Jura ?;Comté;Black brie;Emmental;Chaumes;Confirmed;The vaulted cellars of the Rousses fort, at a constant temperature of 8 degrees, contain more than 75 000 county wheels (Juraflore).;
51;en;Which station was drowned under a dam in 1952 and then rebuilt a little higher ?;Tignes;Val d'Isère;Les Arcs;Medley;Expert;Tignes is internationally renowned for its ski area, coupled with that of Val-d'Isère under the name Espace Killy.;https://en.wikipedia.org/wiki/Tignes
52;en;What name was the first snowboard brand ?;Winterstick;Burton;Santa Cruz;Plan-B;Expert;In 1965, the American Sherman Poppen invented the Snurfer by fixing two skis together, led by a rope fixed at the front of the craft.;
53;en;Which French writer published The other side in 1983 ?;Gay-Lussac;Gauvin;Genevoix;Gauthier;Expert;Bruno Gay-Lussac comes from the chemist Louis Joseph Gay-Lussac and Louis Hachette, founder of the editions of the same name.;
54;en;What is the name of a small wooden sledge with only one skate in the center ?;Paret;Bobsleigh;Skeleton;Kitesurf;Expert;Formerly, this means of travel was used by the children of the valley of Manigod (Haute-Savoie, canton of Thénes).;
55;en;Which photographer from Chamonix is famous for his collection of ski and mountain photos ?;Pierre Tairraz;René Tanguy;John Thomas;Marc Trivier;Expert;The vocation of the boy is part of a family tradition that accompanies with the generations the evolution of photography.;https://en.wikipedia.org/wiki/Chamonix
56;en;Which Catholic saint has become the patron Saint of skiers ?;Bernard de Menthon;Avit of Vienna;François de Sales;Maurice of Agaune;Expert;Due to the miracles obtained on the tomb of Bernard de Menthon, Richard, then Bishop of Novara, will canonize him in 1123.;https://en.wikipedia.org/wiki/Bernard_of_Menthon
57;en;Which village of Savoy is today famous for its devils carved in the wood ?;Bessans;Bonneval;Bramans;Modane;Expert;Today, the devil of Bessans appears on the village's postal flame and throne in the fountain of the town hall square.;https://en.wikipedia.org/wiki/Bessans
58;en;Who composed the original version of the popular song Étoile des neiges ?;Franz Winkler;Jakob Dont;Paul Pisk;Marcel Tyberg;Expert;Many performers will record this tube in French from 1950: Line Renaud, Patrice and Mario, or André Claveau.;https://en.wikipedia.org/wiki/Forever_and_Ever_(Franz_Winkler_and_Malia_Rosa_song)
59;en;In which year was the bicentennial of the ascent of Mont Blanc celebrated ?;1986;1966;2006;1946;Expert;The summit, the object of fascination in many cultural works, has for several centuries represented a goal.;https://en.wikipedia.org/wiki/Mont_Blanc
60;en;What is the oldest ski factory in France in the 1920s ?;Duret;Atomic;Dynastar;Nordica;Expert;A specialist in skiing and monoskiing, Duret now offers various handcrafted products: noble wood species, carbon, titanal.;
61;de;Welche Substanz wird häufig verwendet, um auf Straßen schnell Schnee zu schmelzen ?;Salz;Zucker;Pfeffer;Mehl;Newbie;In Frankreich werden Straßen in vier Prioritätsstufen eingeteilt, wobei Straßen der Stufe 1 bei Bedarf 24 Stunden am Tag behandelt werden.;https://de.wikipedia.org/wiki/Schnee
62;de;Welcher junge Künstler sang 1988 Jour de neige im Fernsehen ?;Elsa;Jakie Quarz;Lio;Patricia Kaas;Newbie;Die Produzenten haben die Single dieses rhythmischsten Titels des Club-Albums für Diskotheken begleitet.;
63;de;Welche Winterausrüstung wird hauptsächlich verwendet, um Schnee von unseren Straßen zu entfernen ?;Schneepflug;Grader;Spreader;Autoneige;Newbie;Eine Salzvorrichtung kann sich an der Rückseite oder auf der linken Seite des Pfluges befinden, um Eisbildung zu verhindern.;https://de.wikipedia.org/wiki/Schneepflug
64;de;Wie heißt der beste Freund von Sebastien im Fernsehen ?;Schön;Sidonie;Prunelle;Aglaé;Newbie;Diese Serie wurde von Cécile Aubry geschrieben und produziert und am 26.;
65;de;Wer hat den französischen Roman La neige en deuil geschrieben, der vielen Studenten angeboten wurde ?;Henri Troyat;Bernard Clavel;Jean Vautrin;Jean-Paul Sartre;Newbie;Diese Fiktion (und der Film) sind von einem echten Ereignis inspiriert: dem Unfall der Malabar Princess auf den Flanken des Mont Blanc im Jahr 1950.;
66;de;Welcher Hund aus Sibirien hat oft blaue Augen ?;Husky;Barzoï;Februar;Spaniel;Newbie;Der Siberian Husky ist kraftvoll, schnell und ausdauernd und hat eine straffe und gut entwickelte Muskulatur ohne unnötiges Gewicht.;https://de.wikipedia.org/wiki/Siberian_Husky
67;de;Welcher afrikanische General hat die Alpen mit Elefanten überquert ?;Hannibal;Hasdrubal;Didon;Hannon;Newbie;Die meisten der 27 Elefanten von Hannibal starben tatsächlich am Alpenübergang oder in der Nässe des Sumpflandes.;https://de.wikipedia.org/wiki/Hannibal
68;de;Was ist in Europa die erste Blume, die normalerweise am Ende des Winters wächst ?;Krokus;Akazie;Dahlie;Ficus;Newbie;Crocus sativus, aus dem Safran gewonnen wird, benötigt mit seiner großen violetten Blüte viel Wärme zum Blühen.;https://de.wikipedia.org/wiki/Krokusse
69;de;Welche Ausrüstung ist erforderlich, um einen Skiabstiegswettbewerb zu starten ?;Helm;Knieschützer;Brassard;Gläser;Newbie;Die Abfahrt ist die älteste Sportart des alpinen Skisports und wird heute Disziplinkönigin ihrer Kategorie genannt.;https://de.wikipedia.org/wiki/Abfahrt
70;de;Welche Station hätte Schneewittchen wohl geschätzt ?;Die sieben Laux;Sprecher;Autrans;Chamrousse;Newbie;Les Sept Laux ist eine Gruppe von drei alpinen Skigebieten, etwa 35 km von Grenoble und 50 km von Chambéry entfernt.;
71;de;Was ist die ursprüngliche Form des Eiskristallprismas ?;Hexagonale;Sphärisch;Kubisch;Linear;Bestätigt;Der Eiskristall resultiert aus der allmählichen Kristallisation des in der Luft enthaltenen Wasserdampfs, ohne die flüssige Phase zu durchlaufen.;
72;de;Wer hat den neuen Titel Les neiges du Kilimandjaro geschrieben ?;Hemingway;Mauriac;Camus;Steinbeck;Bestätigt;Die 1936 veröffentlichten Nachrichten wurden in Frankreich von Marcel Duhamel übersetzt und unter dem gleichen Titel von Henry King an den Film angepasst.;https://de.wikipedia.org/wiki/Schnee_auf_dem_Kilimandscharo
73;de;Welcher italienische Meister gewann bei den Olympischen Spielen in Calgary die Slalom- und Slalom-Medaille ?;Alberto Tomba;Max Julien;Markus Wasmeier;Ingemar Stenmark;Bestätigt;Tomba wurde vier Jahre später in Albertville der erste alpine Skifahrer, der mit dem Gewinn des Riesen einen olympischen Titel holte.;https://de.wikipedia.org/wiki/Alberto_Tomba
74;de;Welche nordischen Menschen sind unter anderem der Erfindung des Rodels schuldig ?;Wikinger;Kelten;Römer;Schottisch;Bestätigt;Es scheint, als hätten die Wikinger zu dieser Zeit bereits Schlitten mit zwei Schlittschuhen benutzt, ähnlich wie die aktuellen Schlitten.;https://de.wikipedia.org/wiki/Rodeln
75;de;Wem gelang es 1986, den Nordpol zu überqueren, indem er seinen eigenen Schlitten erschoss ?;Jean-Louis Étienne;Louis Marot;Guy Bernardin;Henri Joutel;Bestätigt;Er ging mit der Sonne voran und seine Position wurde vom National Center for Space Studies mit einem Argos-Leuchtfeuer verfolgt.;
76;de;In welcher Disziplin gewann Franck Piccard bei den Olympischen Spielen in Calgary eine Goldmedaille ?;Super Géant;Kombiniert;Freistil;Bergab;Bestätigt;Franck Piccard, Jahrgang 1964, war einer von vier Mitgliedern des von Serge Guillaume trainierten und trainierten Top-Gun-Teams.;https://de.wikipedia.org/wiki/Franck_Piccard
77;de;Welche österreichische Stadt, die der Inn durchquert, ist die Hauptstadt von Tirol ?;Innsbruck;Wien;Graz;Salzburg;Bestätigt;Innsbruck ist die bevölkerungsreichste Stadt Österreichs nach Wien, Graz, Linz und Salzburg.;https://de.wikipedia.org/wiki/Innsbruck
78;de;Was ist die Hauptwirtschaftsaktivität der Pyrenäen und der Alpengrenze ?;Tourismus;Heben;Käse;Charcuterie;Bestätigt;Neben den Wintersportorten gibt es eine Reihe von Spas, Hotels und Wanderern.;https://de.wikipedia.org/wiki/Pyrenäen
79;de;Was bedeutet das Wort « Ski » auf Norwegisch, woher kommt es ?;Bûche;Beton;Boot;Huf;Bestätigt;Das Wort « Ski » würde im Norwegischen « Stück Holz » bedeuten, da die Skier der Zeit mit Äxten in das Holz geschnitten wurden.;https://de.wikipedia.org/wiki/Skifahren
80;de;Welche Schleifsteine ? ?suchen Sie im Fort des Rousses im Jura ?;Comté;Schwarzer Brie;Emmental;Chaumes;Bestätigt;Die gewölbten Keller der Festung von Rousses enthalten bei einer konstanten Temperatur von 8 Grad mehr als 75.;
81;de;Welche Station wurde 1952 unter einem Damm ertränkt und dann etwas höher wieder aufgebaut ?;Tignes;Val d'Isère;Les Arcs;Medley;Expert;Tignes ist international bekannt für sein Skigebiet, verbunden mit dem von Val-d'Isère unter dem Namen Espace Killy.;https://de.wikipedia.org/wiki/Tignes
82;de;Welcher Name war die erste Snowboardmarke ?;Winterstick;Burton;Santa Cruz;Plan-B;Expert;1965 erfand der Amerikaner Sherman Poppen den Snurfer, indem er zwei Skier zusammenfügte, die von einem an der Vorderseite des Schiffes befestigten Seil geführt wurden.;
83;de;Welcher französische Schriftsteller veröffentlichte 1983 Die andere Seite ?;Gay-Lussac;Gauvin;Genevoix;Gauthier;Expert;Bruno Gay-Lussac stammt von den Chemikern Louis Joseph Gay-Lussac und Louis Hachette, Gründer der gleichnamigen Editionen.;
84;de;Wie heißt ein kleiner Holzschlitten mit nur einem Skate in der Mitte ?;Paret;Bobfahren;Skelett;Kitesurf;Expert;Früher wurde dieses Reisemittel von den Kindern des Manigod-Tals (Haute-Savoie, Kanton Thénes) genutzt.;
85;de;Welcher Fotograf aus Chamonix ist berühmt für seine Sammlung von Ski- und Bergfotos ?;Pierre Tairraz;René Tanguy;John Thomas;Marc Trivier;Expert;Die Berufung des Jungen ist Teil einer Familientradition, die die Generationsentwicklung der Fotografie begleitet.;https://de.wikipedia.org/wiki/Chamonix-Mont-Blanc
86;de;Welcher katholische Heilige wurde zum Schutzpatron der Skifahrer ?;Bernard de Menthon;Avit von Wien;François de Sales;Maurice von Agaune;Expert;Aufgrund der Wunder am Grab von Bernard de Menthon wird Richard, der damalige Bischof von Novara, ihn im Jahre 1123 heiligen.;https://de.wikipedia.org/wiki/Bernhard_von_Menthon
87;de;Welches Dorf von Savoyen ist heute für seine im Holz geschnitzten Teufel berühmt ?;Bessans;Bonneval;Bramans;Modane;Expert;Heute taucht der Teufel von Bessans auf der Postflamme des Dorfes auf und thront im Brunnen des Rathausplatzes.;https://de.wikipedia.org/wiki/Bessans
88;de;Wer hat die Originalversion des beliebten Songs Étoile des neiges komponiert ?;Franz Winkler;Jakob Dont;Paul Pisk;Marcel Tyberg;Expert;Viele Künstler werden diese Tube ab 1950 auf Französisch aufnehmen: Line Renaud, Patrice und Mario oder André Claveau.;
89;de;In welchem Jahr wurde das 200-jährige Bestehen des Mont Blanc gefeiert ?;1986;1966;2006;1946;Expert;Der Gipfel, der in vielen kulturellen Werken fasziniert ist, ist seit mehreren Jahrhunderten ein Ziel.;https://de.wikipedia.org/wiki/Mont_Blanc
90;de;Was ist die älteste Skifabrik Frankreichs in den 1920er Jahren ?;Duret;Atomic;Dynastar;Nordica;Expert;Als Spezialist für Skifahren und Monoski bietet Duret jetzt verschiedene handgefertigte Produkte an: Edelholzarten, Kohlenstoff, Titanal.;
91;es;¿Qué sustancia se usa a menudo para derretir rápidamente la nieve en las carreteras ?;Sal;Azucar;Pimiento;Harina;Novato;En Francia, las carreteras se clasifican en cuatro niveles de prioridad, y las carreteras de nivel 1 se tratan las 24 horas del día, si es necesario.;https://es.wikipedia.org/wiki/Nieve
92;es;¿Qué joven artista cantó Jour de neige en la televisión en 1988 ?;Elsa;Jakie cuarzo;Lio;Patricia Kaas;Novato;Los productores han acompañado el single de este título más rítmico del álbum de la versión del club destinado a las discotecas.;
93;es;¿Qué equipo de invierno se usa principalmente para limpiar la nieve de nuestras carreteras ?;Arado de nieve;Graduador;Esparcidor;Autoneige;Novato;Un dispositivo de salado puede estar ubicado en la parte posterior o en el lado izquierdo del arado para evitar la formación de hielo.;https://es.wikipedia.org/wiki/Quitanieves
94;es;¿Cuál es el nombre del mejor amigo de Sebastien en la televisión ?;Hermosa;Sidonie;Prunelle;Aglaé;Novato;Esta serie fue escrita y producida por Cécile Aubry y emitida el 26 de septiembre de 1965 en el primer canal de ORTF.;
95;es;¿Quién escribió la novela francesa La neige en deuil ofrecida a muchos estudiantes ?;Henri Troyat;Bernard Clavel;Jean vautrin;Jean-Paul Sartre;Novato;Esta ficción (y la película) está inspirada en un evento real: el accidente de la Princesa Malabar en los flancos del Mont Blanc en 1950.;
96;es;¿Qué perro de Siberia a menudo tiene ojos azules ?;Husky;Barzoí;Febrero;Spaniel;Novato;El Husky siberiano, poderoso, rápido y duradero, tiene una musculatura firme y bien desarrollada sin peso innecesario.;https://es.wikipedia.org/wiki/Husky_siberiano
97;es;¿Qué general africano cruzó los Alpes con elefantes ?;Hannibal;Hasdrubal;Didon;Hannon;Novato;La mayoría de los 27 elefantes de Aníbal murieron en el cruce de los Alpes o en la humedad de las marismas.;https://es.wikipedia.org/wiki/Aníbal
98;es;En Europa, ¿cuál es la primera flor que suele crecer al final del invierno ?;Crocus;Acacia;Dalia;Ficus;Novato;Con su gran flor púrpura, Crocus sativus, de la cual se extrae el azafrán, necesita mucho calor para florecer.;https://es.wikipedia.org/wiki/Crocus
99;es;¿Qué equipo se requiere para iniciar una competición de descenso de esquí ?;Casco;Rodilleras;Brassard;Gafas;Novato;El descenso es el deporte más antiguo de esquí alpino, ahora llamado la reina de la disciplina de su categoría.;https://es.wikipedia.org/wiki/Descenso_(esquí)
100;es;¿Qué estación blanca como la nieve probablemente habría apreciado ?;Los siete Laux;Ponente;Autrans;Chamrousse;Novato;Les Sept Laux es un grupo de tres estaciones de esquí alpino ubicadas a unos 35 km de Grenoble y 50 km de Chambéry.;https://es.wikipedia.org/wiki/Les_Sept_Laux
101;es;¿Cuál es la forma inicial del prisma de cristal de hielo ?;Hexagonal;Esférica;Cubic;Lineal;Confirmado;El cristal de hielo es el resultado de la cristalización gradual del vapor de agua contenido en el aire sin pasar por la fase líquida.;https://es.wikipedia.org/wiki/Cristales_de_hielo
102;es;¿Quién escribió el nuevo título Les neiges du Kilimandjaro ?;Hemingway;Mauriac;Camus;Steinbeck;Confirmado;La noticia publicada en 1936 fue traducida en Francia por Marcel Duhamel y adaptada a la película bajo el mismo título por Henry King.;
103;es;¿Qué campeón italiano ganó la medalla de slalom y slalom en los Juegos Olímpicos de Calgary ?;Alberto Tomba;Max Julien;Markus Wasmeier;Ingemar Stenmark;Confirmado;Tomba se convirtió cuatro años después en Albertville, el primer esquiador alpino en retener un título olímpico al ganar al gigante.;https://es.wikipedia.org/wiki/Alberto_Tomba
104;es;¿Qué deben los pueblos nórdicos, entre otras cosas, la invención del trineo ?;Vikingos;Celtas;Romanos;Escocés;Confirmado;Parece que los vikingos ya usaban trineos con dos patines en ese momento, al igual que los trineos actuales.;
105;es;¿Quién en 1986 logró el cruce del Polo Norte disparando su propio trineo ?;Jean-Louis Étienne;Louis Marot;Guy Bernardin;Henri Joutel;Confirmado;Se dirigió con el sol y su posición fue seguida por el Centro Nacional de Estudios Espaciales con un faro de Argos.;https://es.wikipedia.org/wiki/to
106;es;¿En qué disciplina ganó Franck Piccard una medalla de oro en los Juegos Olímpicos de Calgary ?;Super Géant;Combinados;Estilo libre;Cuesta abajo;Confirmado;Nacido en 1964, Franck Piccard fue uno de los cuatro miembros del equipo top guns entrenado y entrenado por Serge Guillaume.;https://es.wikipedia.org/wiki/Franck_Piccard
107;es;¿Qué ciudad austriaca atravesada por la posada es la capital del Tirol ?;Innsbruck;Viena;Graz;Salzburgo;Confirmado;Innsbruck es la quinta ciudad más grande de Austria desde el punto de vista de la población, después de Viena, Graz, Linz y Salzburgo.;https://es.wikipedia.org/wiki/Innsbruck
108;es;¿Cuál es la principal actividad económica de las fronteras de los Pirineos y los Alpes ?;Turismo;Levantamiento;Queso;Charcutería;Confirmado;Además de las estaciones de deportes de invierno, hay una serie de balnearios, hoteles y excursionistas.;https://es.wikipedia.org/wiki/Pirineos
109;es;¿Qué significa la palabra « esquí » en noruego, de dónde proviene su origen ?;Bûche;Hormigón;Bota;Pezuña;Confirmado;En noruego, la palabra « esquí » significaría « pedazo de madera » porque los esquís de la época se cortaron en la madera con hachas.;https://es.wikipedia.org/wiki/Esquí
110;es;¿Qué muelas estás buscando en el Fort des Rousses, en el Jura ?;Comté;Brie negro;Emmental;Chaumes;Confirmado;Las bodegas abovedadas del fuerte de Rousses, a una temperatura constante de 8 grados, contienen más de 75 000 ruedas de condado (Juraflore).;
111;es;¿Qué estación se ahogó bajo una represa en 1952 y luego se reconstruyó un poco más arriba ?;Tignes;Val d'Isère;Les Arcs;Medley;Experto;Tignes es internacionalmente conocida por su área de esquí, junto con la de Val-d'Isère, bajo el nombre de Espace Killy.;https://es.wikipedia.org/wiki/Tignes
112;es;¿Cómo se llamaba la primera marca de snowboard ?;Winterstick;Burton;Santa cruz;Plan-b;Experto;En 1965, el estadounidense Sherman Poppen inventó el Snurfer fijando dos esquís juntos, dirigidos por una cuerda fija en la parte delantera de la embarcación.;
113;es;¿Qué escritor francés publicó El otro lado en 1983 ?;Gay-lussac;Gauvin;Genevoix;Gauthier;Experto;Bruno Gay-Lussac proviene del químico Louis Joseph Gay-Lussac y Louis Hachette, fundador de las ediciones del mismo nombre.;
114;es;¿Cuál es el nombre de un pequeño trineo de madera con un solo patín en el centro ?;Paret;Bobsleigh;Esqueleto;Kitesurf;Experto;Anteriormente, este medio de viaje era utilizado por los niños del valle de Manigod (Haute-Savoie, cantón de Thénes).;
115;es;¿Qué fotógrafo de Chamonix es famoso por su colección de fotos de esquí y montaña ?;Pierre Tairraz;René Tanguy;John Thomas;Marc Trivier;Experto;La vocación del niño es parte de una tradición familiar que acompaña a las generaciones la evolución de la fotografía.;https://es.wikipedia.org/wiki/Chamonix-Mont-Blanc
116;es;¿Qué santo católico se ha convertido en el santo patrono de los esquiadores ?;Bernard de Menthon;Avit de Viena;François de Sales;Mauricio de agaune;Experto;Debido a los milagros obtenidos en la tumba de Bernard de Menthon, Richard, entonces obispo de Novara, lo canonizará en 1123.;https://es.wikipedia.org/wiki/Bernardo_de_Menthon
117;es;¿Qué pueblo de Saboya es hoy famoso por sus demonios tallados en el bosque ?;Bessans;Bonneval;Bramans;Modane;Experto;Hoy en día, el diablo de Bessans aparece en la llama postal y el trono del pueblo en la fuente de la plaza del ayuntamiento.;https://es.wikipedia.org/wiki/Bessans
118;es;¿Quién compuso la versión original de la canción popular Étoile des neiges ?;Franz Winkler;Jakob Dont;Paul pisk;Marcel Tyberg;Experto;Muchos artistas grabarán este tubo en francés a partir de 1950: Line Renaud, Patrice y Mario o André Claveau.;
119;es;¿En qué año se celebró el bicentenario de la ascensión del Mont Blanc ?;1986;1966;2006;1946;Experto;La cumbre, objeto de fascinación en muchas obras culturales, ha representado durante varios siglos un objetivo.;https://es.wikipedia.org/wiki/Mont_Blanc
120;es;¿Cuál es la fábrica más antigua Francea de esquís © es el año 1920 ?;Duret;atómica;Dynastar;Nordica;Experto;Especialista en esquí y monoski, Duret ofrece hoy en día varios productos artesanales: madera noble, carbono, titanio.;
121;it;Quale sostanza viene spesso utilizzata per sciogliere rapidamente la neve sulle strade ?;Sale;Zucchero;Pepe;Farina;Newbie;In Francia, le strade sono classificate in quattro livelli di priorità, mentre le strade di livello 1 sono trattate 24 ore al giorno, se necessario.;https://it.wikipedia.org/wiki/Neve
122;it;Quale giovane artista ha cantato Jour de neige in televisione nel 1988 ?;Elsa;Jakie Quartz;Lio;Patricia Kaas;Newbie;I produttori hanno accompagnato il singolo di questo titolo più ritmato dell'album in versione club destinato alle discoteche.;
123;it;Quali attrezzi invernali vengono utilizzati principalmente per rimuovere la neve dalle nostre strade ?;Aratro della neve;Grader;Spreader;Autoneige;Newbie;Un dispositivo di salatura può essere posizionato nella parte posteriore o sul lato sinistro dell'aratro per impedire la formazione di ghiaccio.;https://it.wikipedia.org/wiki/Spazzaneve
124;it;Qual è il nome del migliore amico di Sebastien in TV ?;Bello;Sidonie;Prunelle;Aglaé;Newbie;Questa serie fu scritta e prodotta da Cécile Aubry e andò in onda il 26 settembre 1965 sul primo canale ORTF.;
125;it;Chi ha scritto il romanzo francese La neige en deuil offerto a molti studenti ?;Henri Troyat;Bernard Clavel;Jean Vautrin;Jean-Paul Sartre;Newbie;Questa finzione (e il film) è ispirata a un vero evento: l'incidente della Principessa Malabar sui fianchi del Monte Bianco nel 1950.;
126;it;Quale cane della Siberia ha spesso gli occhi azzurri ?;Husky;Barzoï;Febbraio;Spaniel;Newbie;Il Siberian Husky, potente, veloce e resistente, ha una muscolatura soda e ben sviluppata senza peso inutile.;https://it.wikipedia.org/wiki/Siberian_husky
127;it;Quale generale africano ha attraversato le Alpi con elefanti ?;Hannibal;Asdrubale;Didon;Hannon;Newbie;La maggior parte dei 27 elefanti di Annibale sono effettivamente morti nelle transenne delle Alpi o nell'umidità delle paludi.;https://it.wikipedia.org/wiki/Annibale
128;it;In Europa, qual è il primo fiore che di solito cresce alla fine dell'inverno ?;Croco;Acacia;Dahlia;Ficus;Newbie;Con il suo grande fiore viola, il Crocus sativus, da cui viene estratto lo zafferano, ha bisogno di molto calore per fiorire.;https://it.wikipedia.org/wiki/Crocus
129;it;Quale attrezzatura è necessaria per iniziare una gara di discesa con gli sci ?;Casco;Ginocchiere;Brassard;Occhiali;Newbie;La discesa è lo sport più antico dello sci alpino, ora chiamato la disciplina regina della sua categoria.;https://it.wikipedia.org/wiki/Discesa_libera
130;it;Quale stazione Snow White avrebbe probabilmente apprezzato ?;The Seven Laux;Altoparlante;Autrans;Chamrousse;Newbie;Les Sept Laux è un gruppo di tre stazioni sciistiche alpine situate a circa 35 km da Grenoble ea 50 km da Chambéry.;
131;it;Qual è la forma iniziale del prisma di cristallo di ghiaccio ?;Esagonale;Sferico;Cubico;Lineare;Confermato;Il cristallo di ghiaccio risulta dalla cristallizzazione graduale del vapore acqueo contenuto nell'aria senza passare attraverso la fase liquida.;https://it.wikipedia.org/wiki/Cristalli_di_ghiaccio
132;it;Chi ha scritto il nuovo titolo Les neiges du Kilimandjaro ?;Hemingway;Mauriac;Camus;Steinbeck;Confermato;La notizia pubblicata nel 1936 fu tradotta in Francia da Marcel Duhamel e adattata al film sotto lo stesso titolo di Henry King.;
133;it;Quale campione italiano ha vinto la medaglia di slalom e slalom alle Olimpiadi di Calgary ?;Alberto Tomba;Max Julien;Markus Wasmeier;Ingemar Stenmark;Confermato;Tomba è diventato quattro anni dopo ad Albertville il primo sciatore alpino a mantenere un titolo olimpico vincendo il gigante.;https://it.wikipedia.org/wiki/Alberto_Tomba
134;it;Quale popolo nordico deve, tra le altre cose, l'invenzione della slitta ?;Vichinghi;Celti;Romani;Scozzese;Confermato;Sembra che i vichinghi avessero già usato le slitte con due pattini in quel momento, proprio come le slitte attuali.;
135;it;Chi nel 1986 riuscì ad attraversare il Polo Nord sparando alla sua stessa slitta ?;Jean-Louis Étienne;Louis Marot;Guy Bernardin;Henri Joutel;Confermato;Si diresse con il sole e la sua posizione fu seguita dal Centro nazionale per gli studi spaziali con un faro di Argos.;
136;it;In quale disciplina Franck Piccard ha vinto una medaglia d'oro alle Olimpiadi di Calgary ?;Super Géant;Combinato;Stile libero;In discesa;Confermato;Nato nel 1964, Franck Piccard è stato uno dei quattro membri della squadra dei migliori cannoni addestrati e allenati da Serge Guillaume.;https://it.wikipedia.org/wiki/Franck_Piccard
137;it;Quale città austriaca attraversata dalla locanda è la capitale del Tirolo ?;Innsbruck;Vienna;Graz;Salisburgo;Confermato;Innsbruck è la quinta città più grande in Austria dal punto di vista della popolazione, dopo Vienna, Graz, Linz e Salisburgo.;https://it.wikipedia.org/wiki/Innsbruck
138;it;Qual è la principale attività economica delle frontiere dei Pirenei e delle Alpi ?;Turismo;Sollevamento;Formaggio;Salumeria;Confermato;Oltre alle stazioni di sport invernali, ci sono un certo numero di centri benessere, hotel ed escursionisti.;https://it.wikipedia.org/wiki/Pirenei
139;it;Cosa significa « sci » in norvegese, da dove viene la sua origine ?;Bûche;Calcestruzzo;Boot;Zoccolo;Confermato;In norvegese, la parola « sci » significherebbe « pezzo di legno » perché gli sci del tempo venivano tagliati nel legno con le asce.;https://it.wikipedia.org/wiki/Sci
140;it;Quali macine stai cercando al fort des Rousses, nel Giura ?;Comté;Brie nero;Emmental;Chaumes;Confermato;Le cantine a volta del forte Rousses, a una temperatura costante di 8 gradi, contengono più di 75 000 ruote di contea (Juraflore).;
141;it;Quale stazione fu annegata sotto una diga nel 1952 e poi ricostruita un po 'più in alto ?;Tignes;Val d'Isère;Les Arcs;Medley;Expert;Tignes è rinomata a livello internazionale per la sua area sciistica, abbinata a quella di Val-d'Isère sotto il nome Espace Killy.;https://it.wikipedia.org/wiki/Tignes
142;it;Quale nome era il primo marchio di snowboard ?;Winterstick;Burton;Santa Cruz;Plan-B;Expert;Nel 1965, l'americano Sherman Poppen inventò lo Snurfer fissando due sci insieme, guidati da una corda fissata nella parte anteriore del velivolo.;
143;it;Quale scrittore francese pubblicò The other side nel 1983 ?;Gay-Lussac;Gauvin;Genevoix;Gauthier;Expert;Bruno Gay-Lussac viene dal chimico Louis Joseph Gay-Lussac e Louis Hachette, fondatore delle edizioni con lo stesso nome.;
144;it;Come si chiama una piccola slitta di legno con un solo pattino al centro ?;Paret;Bob;Scheletro;Kitesurf;Expert;Precedentemente, questo mezzo di viaggio era usato dai bambini della valle di Manigod (Alta Savoia, nel canton Thénes).;
145;it;Quale fotografo di Chamonix è famoso per la sua collezione di sciate e foto di montagna ?;Pierre Tairraz;René Tanguy;John Thomas;Marc Trivier;Expert;La vocazione del ragazzo è parte di una tradizione familiare che accompagna con le generazioni l'evoluzione della fotografia.;https://it.wikipedia.org/wiki/Chamonix-Mont-Blanc
146;it;Quale santo cattolico è diventato il santo patrono degli sciatori ?;Bernard de Menthon;Avit di Vienna;François de Sales;Maurizio di Agaune;Expert;A causa dei miracoli ottenuti sulla tomba di Bernard de Menthon, Riccardo, allora vescovo di Novara, lo canonizzerà nel 1123.;https://it.wikipedia.org/wiki/Bernardo_di_Mentone
147;it;Quale villaggio di Savoia è oggi famoso per i suoi diavoli scolpiti nel bosco ?;Bessans;Bonneval;Bramans;Modano;Expert;Oggi, il diavolo di Bessans appare sulla fiamma postale e sul trono del villaggio nella fontana della piazza del municipio.;https://it.wikipedia.org/wiki/Bessans
148;it;Chi ha composto la versione originale della popolare canzone Étoile des neiges ?;Franz Winkler;Jakob Dont;Paul Pisk;Marcel Tyberg;Expert;Molti artisti registreranno questo tubo in francese dal 1950: Line Renaud, Patrice e Mario, o André Claveau.;
149;it;In quale anno è stato celebrato il bicentenario della salita del Monte Bianco ?;1986;1966;2006;1946;Expert;Il vertice, oggetto di fascino in molte opere culturali, ha rappresentato per molti secoli un obiettivo.;https://it.wikipedia.org/wiki/Monte_Bianco
150;it;Qual è la più antica fabbrica di sci in Francia negli anni '20 ?;Duret;Atomico;Dynastar;Nordica;Expert;Specialista in sci e monosci, Duret offre ora diversi prodotti artigianali: specie legnose nobili, carbonio, titanal.;
151;nl;Welke stof wordt vaak gebruikt om sneeuw snel op wegen te smelten ?;Zout;Suiker;Pepper;Meel;Newbie;In Frankrijk worden wegen ingedeeld in vier prioriteitsniveaus, waarbij niveau 1-wegen indien nodig 24 uur per dag worden behandeld.;https://nl.wikipedia.org/wiki/Sneeuw
152;nl;Welke jonge artiest zong in 1988 Jour de neige op televisie ?;Elsa;Jakie Quartz;Lio;Patricia Kaas;Newbie;De producers vergezelden de single van deze meest ritmische titel van het clubversiealbum bedoeld voor discotheken.;
153;nl;Welke winteruitrusting wordt hoofdzakelijk gebruikt om sneeuw van onze wegen te verwijderen ?;Sneeuwploeg;Grader;Strooier;Autoneige;Newbie;Er kan zich aan de achterzijde of aan de linkerkant van de ploeg een zout bevinden om ijsvorming te voorkomen.;https://nl.wikipedia.org/wiki/Sneeuwploeg
154;nl;Wat is de naam van Sébastien's beste vriend op tv ?;Mooi;Sidonie;Prunelle;Aglaé;Newbie;Deze serie is geschreven en geproduceerd door Cécile Aubry en uitgezonden op 26 september 1965 op het eerste ORTF-kanaal.;
155;nl;Wie schreef de Franse roman La neige en deuil aangeboden aan veel studenten ?;Henri Troyat;Bernard Clavel;Jean Vautrin;Jean-Paul Sartre;Newbie;Deze fictie (en de film) is geïnspireerd op een echte gebeurtenis: het ongeluk van de Malabar-prinses op de flanken van de Mont Blanc in 1950.;
156;nl;Welke hond uit Siberië heeft vaak blauwe ogen ?;Husky;Barzoï;Februari;Spaniel;Newbie;De Siberische Husky, krachtig, snel en duurzaam, heeft een stevige en goed ontwikkelde spiermassa zonder onnodig gewicht.;https://nl.wikipedia.org/wiki/Siberische_husky
157;nl;Welke Afrikaanse generaal doorkruiste de Alpen met olifanten ?;Hannibal;Hasdrubal;Didon;Hannon;Newbie;De meeste van de 27 olifanten van Hannibal stierven zelfs in de Alpen of in de nattigheid van de moerassen.;https://nl.wikipedia.org/wiki/Hannibal_Barkas
158;nl;Wat is in Europa de eerste bloem die gewoonlijk aan het einde van de winter groeit ?;Crocus;Acacia;Dahlia;Ficus;Newbie;Met zijn grote paarse bloem heeft Crocus sativus, waarvan saffraan wordt gewonnen, veel warmte nodig om te bloeien.;https://nl.wikipedia.org/wiki/Krokus
159;nl;Welke uitrusting is vereist om de start te nemen van een ski-afdalingscompetitie ?;Helm;Kniebeschermers;Brassard;Glazen;Newbie;De afdaling is de oudste sport van alpineskiën, nu de discipline koningin van zijn categorie.;https://nl.wikipedia.org/wiki/Afdaling
160;nl;Welk station Snow White zou waarschijnlijk hebben gewaardeerd ?;The Seven Laux;Luidspreker;Autrans;Chamrousse;Newbie;Les Sept Laux is een groep van drie alpine ski-resorts op ongeveer 35 km van Grenoble en op 50 km van Chambéry.;
161;nl;Wat is de beginvorm van het ijskristalprisma ?;Hexagonale;Bolvormig;Cubic;Lineair;Bevestigd;Het ijskristal is het resultaat van de geleidelijke kristallisatie van de waterdamp in de lucht zonder door de vloeibare fase te gaan.;https://nl.wikipedia.org/wiki/IJskristal
162;nl;Wie schreef de nieuwe titel Les neiges du Kilimandjaro ?;Hemingway;Mauriac;Camus;Steinbeck;Bevestigd;Het nieuws dat in 1936 werd gepubliceerd, werd in Frankrijk vertaald door Marcel Duhamel en aangepast aan de film onder dezelfde titel van Henry King.;https://nl.wikipedia.org/wiki/The_Snows_of_Kilimanjaro_(kort_verhaal)
163;nl;Welke Italiaanse kampioen won de slalom en slalom medaille op de Olympische Spelen in Calgary ?;Alberto Tomba;Max Julien;Markus Wasmeier;Ingemar Stenmark;Bevestigd;Tomba werd vier jaar later in Albertville de eerste alpine skiër die een Olympische titel behield door de reus te winnen.;https://nl.wikipedia.org/wiki/Alberto_Tomba
164;nl;Welke Scandinaviërs zijn onder meer de uitvinding van het rodelen te danken ?;Vikings;Kelten;Romeinen;Schots;Bevestigd;Het lijkt erop dat de Vikingen in die tijd al sleeën met twee schaatsen gebruikten, net als de huidige sleden.;
165;nl;Wie slaagde er in 1986 in de Noordpool over te steken door zijn eigen slee te schieten ?;Jean-Louis Étienne;Louis Marot;Guy Bernardin;Henri Joutel;Bevestigd;Hij kopte met de zon en zijn positie werd gevolgd door het National Center for Space Studies met een Argos-baken.;
166;nl;In welke discipline won Franck Piccard een gouden medaille op de Olympische Spelen in Calgary ?;Super Géant;Gecombineerd;Freestyle;Downhill;Bevestigd;Franck Piccard werd geboren in 1964 en was een van de vier leden van het team van topwapens, getraind en gecoacht door Serge Guillaume.;https://nl.wikipedia.org/wiki/Franck_Piccard
167;nl;Welke Oostenrijkse stad doorkruist door de Inn is de hoofdstad van Tirol ?;Innsbruck;Wenen;Graz;Salzburg;Bevestigd;Innsbruck is de vijfde grootste stad van Oostenrijk vanuit het oogpunt van de bevolking, na Wenen, Graz, Linz en Salzburg.;https://nl.wikipedia.org/wiki/Innsbruck
168;nl;Wat is de belangrijkste economische activiteit van de Pyrenese en Alpengrenzen ?;Toerisme;Hijsen;Kaas;Charcuterie;Bevestigd;Naast de wintersportplaatsen zijn er een aantal spa's, hotels en wandelaars.;https://nl.wikipedia.org/wiki/Pyreneeën
169;nl;Wat betekent het woord « ski » in het Noors, waar komt het vandaan ?;Bûche;Beton;Boot;Hoof;Bevestigd;In het Noors betekent het woord « ski » « stuk hout », omdat de ski's van die tijd in het hout met bijlen werden gesneden.;https://nl.wikipedia.org/wiki/Skiën
170;nl;De wielen van de kaas verfijnt wat zijn we naar Fort des Rousses, in de Jura ?;Comté;Zwarte brie;Emmental;Chaumes;Bevestigd;De gewelfde kelders van het fort van Rousses bevatten bij een constante temperatuur van 8 graden meer dan 75.000 molenstenen (de Juraflore).;
171;nl;Welk station is in 1952 onder een dam verdronken en vervolgens een beetje hoger herbouwd ?;Tignes;Val d'Isère;Les Arcs;Medley;Expert;Tignes is internationaal bekend om zijn skigebied, gekoppeld aan dat van Val-d'Isère onder de naam Espace Killy.;https://nl.wikipedia.org/wiki/Tignes
172;nl;Welke naam was het eerste snowboardmerk ?;Winterstick;Burton;Santa Cruz;Plan-B;Expert;In 1965 vond de Amerikaanse Sherman Poppen de Snurfer uit door twee ski's aan elkaar te bevestigen, geleid door een touw aan de voorkant van het vaartuig.;
173;nl;Welke Franse schrijver publiceerde De andere kant in 1983 ?;Gay-Lussac;Gauvin;Genevoix;Gauthier;Expert;Bruno Gay-Lussac is afkomstig van de chemicus Louis Joseph Gay-Lussac en Louis Hachette, oprichter van de edities met dezelfde naam.;
174;nl;Wat is de naam van een kleine houten slee met slechts één schaats in het midden ?;Paret;Bobslee;Skelet;Kitesurf;Expert;Vroeger werd deze manier van reizen gebruikt door de kinderen van de vallei van Manigod (Haute-Savoie, kanton Thénes).;
175;nl;Welke fotograaf uit Chamonix staat bekend om zijn verzameling ski- en bergfoto's ?;Pierre Tairraz;René Tanguy;John Thomas;Marc Trivier;Expert;De roeping van de jongen maakt deel uit van een familietraditie die samengaat met generaties de evolutie van fotografie.;https://nl.wikipedia.org/wiki/Chamonix
176;nl;Welke katholieke heilige is de beschermheilige van de skiërs geworden ?;Bernard de Menthon;Avit of Vienna;François de Sales;Maurice van Agaune;Expert;Vanwege de wonderen die zijn verkregen op het graf van Bernard de Menthon, zal Richard, bisschop van Novara, hem in 1123 heiligen.;
177;nl;Welk dorp Savooiekool is tegenwoordig beroemd om zijn duivels uitgehouwen in het bos ?;Bessans;Bonneval;Bramans;Modane;Expert;Vandaag verschijnt de duivel van Bessans op de postvlam en troon van het dorp in de fontein van het stadhuisplein.;https://nl.wikipedia.org/wiki/Bessans
178;nl;Wie heeft de originele versie van het populaire nummer Étoile des neiges gecomponeerd ?;Franz Winkler;Jakob Dont;Paul Pisk;Marcel Tyberg;Expert;Veel artiesten zullen deze tube vanaf 1950 in het Frans opnemen: Line Renaud, Patrice en Mario, of André Claveau.;https://nl.wikipedia.org/wiki/Étoile_des_neiges
179;nl;In welk jaar werd de tweehonderdste verjaardag van de beklimming van de Mont Blanc gevierd ?;1986;1966;2006;1946;Expert;De top, het onderwerp van fascinatie in vele culturele werken, vertegenwoordigt al verschillende eeuwen een doel.;https://nl.wikipedia.org/wiki/Mont_Blanc
180;nl;Wat is de oudste ski-fabriek in Frankrijk in de jaren 1920 ?;Duret;Atomic;Dynastar;Nordica;Expert;Als specialist in skiën en monoski biedt Duret nu verschillende handgemaakte producten: edele houtsoorten, koolstof, titanal.;
