<?xml version="1.0" encoding="UTF-8" standalone="yes" ?>
<quizz fournisseur="OpenQuizzDB : Fournisseur de contenu libre"
       url="http://www.openquizzdb.org"
       rédacteur="Philippe Bresoux"
       thème="Animaux et habitats"
       difficulté="2">
  <débutant>
    <contenu id="1">
      <question>Quel animal vertébré retrouve-t-on la plupart du temps dans un aquarium communautaire ?</question>
      <propositions>
        <proposition id="1-1">Une fourmi</proposition>
        <proposition id="1-2">Un lapin</proposition>
        <proposition id="1-3">Un oiseau</proposition>
        <proposition id="1-4">Un poisson</proposition>
      </propositions>
      <réponse proposition="1-4">Un poisson</réponse>
      <anecdote>Un aquarium est une reproduction de l'habitat naturel de l'espèce ou des espèces qui habite(ent) dans cet aquarium.</anecdote>
    </contenu>
    <contenu id="2">
      <question>Où irez-vous pour acheter le chien dans vous avez toujours rêvé ?</question>
      <propositions>
        <proposition id="2-1">Au clapier</proposition>
        <proposition id="2-2">Au chenil</proposition>
        <proposition id="2-3">Au nichoir</proposition>
        <proposition id="2-4">Au zoo</proposition>
      </propositions>
      <réponse proposition="2-2">Au chenil</réponse>
      <anecdote>Un chenil est un établissement destiné à l'élevage ou à la pension de chiens ou bien, dans un château, le bâtiment qui abrite la meute.</anecdote>
    </contenu>
    <contenu id="3">
      <question>Quelle  bâtisse est destinée au logement des ânes, chevaux et autres mulets ?</question>
      <propositions>
        <proposition id="3-1">Une arène</proposition>
        <proposition id="3-2">Un hippodrome</proposition>
        <proposition id="3-3">Un ranch</proposition>
        <proposition id="3-4">Une écurie</proposition>
      </propositions>
      <réponse proposition="3-4">Une écurie</réponse>
      <anecdote>Les différents éléments qui composent l'écurie doivent satisfaire aux conditions d'hygiène nécessaires au maintien en intérieur d'équidés.</anecdote>
    </contenu>
    <contenu id="4">
      <question>Quel habitat a pour but de protéger la ou les reines chez les fourmis ?</question>
      <propositions>
        <proposition id="4-1">Une ruche</proposition>
        <proposition id="4-2">Un insectarium</proposition>
        <proposition id="4-3">Un colombier</proposition>
        <proposition id="4-4">Une fourmilière</proposition>
      </propositions>
      <réponse proposition="4-4">Une fourmilière</réponse>
      <anecdote>La fourmilière est généralement un endroit que les fourmis ont construit par excavation ou par construction de dômes.</anecdote>
    </contenu>
    <contenu id="5">
      <question>Quel circuit, généralement de forme ovale, est aujourd'hui dévolu au sport hippique ?</question>
      <propositions>
        <proposition id="5-1">Un hippodrome</proposition>
        <proposition id="5-2">Un cynodrome</proposition>
        <proposition id="5-3">Un delphinarium</proposition>
        <proposition id="5-4">Un vivarium</proposition>
      </propositions>
      <réponse proposition="5-1">Un hippodrome</réponse>
      <anecdote>D'origine antique, disposant de gradins ou de tribunes, les hippodromes étaient alors dévolus aux courses de chars.</anecdote>
    </contenu>
    <contenu id="6">
      <question>Quel endroit renferme généralement une collection d'insectes vivants ou morts ?</question>
      <propositions>
        <proposition id="6-1">Un insectarium</proposition>
        <proposition id="6-2">Un vivarium</proposition>
        <proposition id="6-3">Un cynodrome</proposition>
        <proposition id="6-4">Un delphinarium</proposition>
      </propositions>
      <réponse proposition="6-1">Un insectarium</réponse>
      <anecdote>Un insectarium n'est pas forcément accessible au grand public s'il est implanté dans l'enceinte d'une université ou d'un laboratoire.</anecdote>
    </contenu>
    <contenu id="7">
      <question>Quel abri situé à l'extérieur des maisons est spécifiquement fabriqué pour les chiens ?</question>
      <propositions>
        <proposition id="7-1">La bauge</proposition>
        <proposition id="7-2">La niche</proposition>
        <proposition id="7-3">La garenne</proposition>
        <proposition id="7-4">Le clapier</proposition>
      </propositions>
      <réponse proposition="7-2">La niche</réponse>
      <anecdote>Charles M. Schulz, le dessinateur des 'Peanuts', représente souvent le chien Snoopy allongé sur le toit de sa niche.</anecdote>
    </contenu>
    <contenu id="8">
      <question>Quel bâtiment est conçu et adapté pour l'élevage intensif des porcs ?</question>
      <propositions>
        <proposition id="8-1">Une volière</proposition>
        <proposition id="8-2">Une écloserie</proposition>
        <proposition id="8-3">Une porcherie</proposition>
        <proposition id="8-4">Une bauge</proposition>
      </propositions>
      <réponse proposition="8-3">Une porcherie</réponse>
      <anecdote>Les premières porcheries datent probablement de l'antiquité et semblaient être des enclos avec un abri simple.</anecdote>
    </contenu>
    <contenu id="9">
      <question>Dans quel bâtiment, généralement de taille modeste, élève-t-on de la volaille ?</question>
      <propositions>
        <proposition id="9-1">Un toril</proposition>
        <proposition id="9-2">Un poulailler</proposition>
        <proposition id="9-3">Un manège</proposition>
        <proposition id="9-4">Un clapier</proposition>
      </propositions>
      <réponse proposition="9-2">Un poulailler</réponse>
      <anecdote>Les volailles aiment vivre à l'extérieur mais le poulailler procure un abri contre la neige, les prédateurs et pour la nuit.</anecdote>
    </contenu>
    <contenu id="10">
      <question>Dans quelle structure artificielle presque fermée est-il possible de récolter du miel ?</question>
      <propositions>
        <proposition id="10-1">Une écloserie</proposition>
        <proposition id="10-2">Un nichoir</proposition>
        <proposition id="10-3">Une ruche</proposition>
        <proposition id="10-4">Un clapier</proposition>
      </propositions>
      <réponse proposition="10-3">Une ruche</réponse>
      <anecdote>L'intérieur de la ruche est composé de rayons formés par des cellules hexagonales de cire d'abeille.</anecdote>
    </contenu>
  </débutant>
  <confirmé>
    <contenu id="11">
      <question>Dans quel aquarium artificiel pouvez-vous voir jouer des dauphins ?</question>
      <propositions>
        <proposition id="11-1">Un vivarium</proposition>
        <proposition id="11-2">Une magnanerie</proposition>
        <proposition id="11-3">Un delphinarium</proposition>
        <proposition id="11-4">Un insectarium</proposition>
      </propositions>
      <réponse proposition="11-3">Un delphinarium</réponse>
      <anecdote>Les delphinariums sont des structures ouvertes au public, souvent intégrées dans des parcs d'attraction ou des parcs zoologiques.</anecdote>
    </contenu>
    <contenu id="12">
      <question>Quel abri artificiel construit ou aménagé par l'homme est aussi appelé « cabane à oiseaux » ?</question>
      <propositions>
        <proposition id="12-1">Un poulailler</proposition>
        <proposition id="12-2">Une frayère</proposition>
        <proposition id="12-3">Une garenne</proposition>
        <proposition id="12-4">Un nichoir</proposition>
      </propositions>
      <réponse proposition="12-4">Un nichoir</réponse>
      <anecdote>La construction et l'aménagement de nichoirs n'offrent qu'une maigre compensation face à la disparition des sites naturels.</anecdote>
    </contenu>
    <contenu id="13">
      <question>Où pratique-t-on l'élevage extensif de bétail dans le Sud des États-Unis ?</question>
      <propositions>
        <proposition id="13-1">Dans un hippodrome</proposition>
        <proposition id="13-2">Dans un manège</proposition>
        <proposition id="13-3">Dans un ranch</proposition>
        <proposition id="13-4">Dans un vivarium</proposition>
      </propositions>
      <réponse proposition="13-3">Dans un ranch</réponse>
      <anecdote>Les ranchs peuvent être de toute taille, certains disposent de terres arables, irriguées ou non, produisant des récoltes fourragères.</anecdote>
    </contenu>
    <contenu id="14">
      <question>Dans quel espace sont réunies de nombreuses espèces animales vivantes ?</question>
      <propositions>
        <proposition id="14-1">Une fourmilière</proposition>
        <proposition id="14-2">Un chenil</proposition>
        <proposition id="14-3">Un zoo</proposition>
        <proposition id="14-4">Une garenne</proposition>
      </propositions>
      <réponse proposition="14-3">Un zoo</réponse>
      <anecdote>On recense plus de 2 000 zoos dans le monde, attirant un ensemble de près de 350 millions de visiteurs par an.</anecdote>
    </contenu>
    <contenu id="15">
      <question>Quel animal se déplace parfois sauvagement dans une arène ?</question>
      <propositions>
        <proposition id="15-1">Un taureau</proposition>
        <proposition id="15-2">Un buf</proposition>
        <proposition id="15-3">Un zèbre</proposition>
        <proposition id="15-4">Un âne</proposition>
      </propositions>
      <réponse proposition="15-1">Un taureau</réponse>
      <anecdote>Cet édifice dans leur architecture actuelle dite « arène espagnole » est né en Espagne à la fin du XVIIIe siècle.</anecdote>
    </contenu>
    <contenu id="16">
      <question>Dans quoi sont généralement réunis les lapins au fond des jardins ?</question>
      <propositions>
        <proposition id="16-1">Un nichoir</proposition>
        <proposition id="16-2">Un clapier</proposition>
        <proposition id="16-3">Une volière</proposition>
        <proposition id="16-4">Une écloserie</proposition>
      </propositions>
      <réponse proposition="16-2">Un clapier</réponse>
      <anecdote>Le clapier comporte habituellement plusieurs cases souvent dotées de portes grillagées, chaque case étant affectée à un lapin.</anecdote>
    </contenu>
    <contenu id="17">
      <question>En aquaculture, quelle installation est destinée à produire des larves ou des alevins ?</question>
      <propositions>
        <proposition id="17-1">Un toril</proposition>
        <proposition id="17-2">Une frayère</proposition>
        <proposition id="17-3">Une bauge</proposition>
        <proposition id="17-4">Une écloserie</proposition>
      </propositions>
      <réponse proposition="17-4">Une écloserie</réponse>
      <anecdote>Une écloserie permet de vendre a des ostréiculteurs des naissains d'huîtres appropriés à leurs besoins.</anecdote>
    </contenu>
    <contenu id="18">
      <question>Quel endroit couvert, au sol meuble et souple, permet de travailler les chevaux ?</question>
      <propositions>
        <proposition id="18-1">Le manège</proposition>
        <proposition id="18-2">La bauge</proposition>
        <proposition id="18-3">Le ranch</proposition>
        <proposition id="18-4">Le toril</proposition>
      </propositions>
      <réponse proposition="18-1">Le manège</réponse>
      <anecdote>Idéalement, un manège est couvert et fermé pour permettre de travailler quel que soit le temps.</anecdote>
    </contenu>
    <contenu id="19">
      <question>À l'époque féodale, quel édifice était destiné à loger et à élever des pigeons ?</question>
      <propositions>
        <proposition id="19-1">Le manège</proposition>
        <proposition id="19-2">Le cynodrome</proposition>
        <proposition id="19-3">La porcherie</proposition>
        <proposition id="19-4">Le colombier</proposition>
      </propositions>
      <réponse proposition="19-4">Le colombier</réponse>
      <anecdote>Le colombier désigne encore les édifices de la Renaissance et du début des Temps modernes.</anecdote>
    </contenu>
    <contenu id="20">
      <question>Quelle cage de grande taille est destinée à contenir des oiseaux ?</question>
      <propositions>
        <proposition id="20-1">Une volière</proposition>
        <proposition id="20-2">Une bauge</proposition>
        <proposition id="20-3">Une écloserie</proposition>
        <proposition id="20-4">Un colombier</proposition>
      </propositions>
      <réponse proposition="20-1">Une volière</réponse>
      <anecdote>La cage est très souvent reprise comme symbole ou comme métaphore pour désigner l'emprisonnement.</anecdote>
    </contenu>
  </confirmé>
  <expert>
    <contenu id="21">
      <question>Quel animal aux longues oreilles peut donner du lait dans une asinerie ?</question>
      <propositions>
        <proposition id="21-1">Une ânesse</proposition>
        <proposition id="21-2">Une chèvre</proposition>
        <proposition id="21-3">Une brebis</proposition>
        <proposition id="21-4">Une vache</proposition>
      </propositions>
      <réponse proposition="21-1">Une ânesse</réponse>
      <anecdote>Très vite, l'âne est aussi devenu l'animal de transport terrestre privilégié en raison de ses larges qualités.</anecdote>
    </contenu>
    <contenu id="22">
      <question>Dans quel espace boisé ou herbeux vivent les lapins sauvages ?</question>
      <propositions>
        <proposition id="22-1">La garenne</proposition>
        <proposition id="22-2">Le manège</proposition>
        <proposition id="22-3">La bauge</proposition>
        <proposition id="22-4">Le clapier</proposition>
      </propositions>
      <réponse proposition="22-1">La garenne</réponse>
      <anecdote>À l'origine, la garenne est un espace réservé à certaines espèces de gibier et où les animaux peuvent trouver pâture.</anecdote>
    </contenu>
    <contenu id="23">
      <question>Quel établissement ouvert au public est spécialisé dans la présentation d'espèces animales marines ?</question>
      <propositions>
        <proposition id="23-1">Un zoo</proposition>
        <proposition id="23-2">Une écloserie</proposition>
        <proposition id="23-3">Un oceanarium</proposition>
        <proposition id="23-4">Un vivarium</proposition>
      </propositions>
      <réponse proposition="23-3">Un oceanarium</réponse>
      <anecdote>Le premier oceanarium connu fut établi à St Augustine en Floride, en 1938, sous le nom des 'Marine Studios'.</anecdote>
    </contenu>
    <contenu id="24">
      <question>Dans quelle cage vitrée élève-t-on le plus souvent des reptiles et des amphibiens ?</question>
      <propositions>
        <proposition id="24-1">Une écloserie</proposition>
        <proposition id="24-2">Une magnanerie</proposition>
        <proposition id="24-3">Un oceanarium</proposition>
        <proposition id="24-4">Un vivarium</proposition>
      </propositions>
      <réponse proposition="24-4">Un vivarium</réponse>
      <anecdote>Les conditions climatiques telles que la ventilation, la lumière, la température et l'humidité y sont ajustées artificiellement.</anecdote>
    </contenu>
    <contenu id="25">
      <question>Dans quel système de construction monolithique en terre crue empilée dorment les sangliers ?</question>
      <propositions>
        <proposition id="25-1">La porcherie</proposition>
        <proposition id="25-2">Le manège</proposition>
        <proposition id="25-3">La garenne</proposition>
        <proposition id="25-4">La bauge</proposition>
      </propositions>
      <réponse proposition="25-4">La bauge</réponse>
      <anecdote>La terre est dans un état plastique, généralement mélangée à des fibres végétales ou animales.</anecdote>
    </contenu>
    <contenu id="26">
      <question>La bouverie est un lieu rassemblant quels animaux imposants ?</question>
      <propositions>
        <proposition id="26-1">Les oies</proposition>
        <proposition id="26-2">Les bufs</proposition>
        <proposition id="26-3">Les moutons</proposition>
        <proposition id="26-4">Les chèvres</proposition>
      </propositions>
      <réponse proposition="26-2">Les bufs</réponse>
      <anecdote>Un buf est un bovin domestique mâle ayant subi une castration dans le cadre de son élevage.</anecdote>
    </contenu>
    <contenu id="27">
      <question>Quel circuit est dévolu aux courses de lévriers dont le coursing fait partie ?</question>
      <propositions>
        <proposition id="27-1">Un hippodrome</proposition>
        <proposition id="27-2">Un vivarium</proposition>
        <proposition id="27-3">Une arène</proposition>
        <proposition id="27-4">Un cynodrome</proposition>
      </propositions>
      <réponse proposition="27-4">Un cynodrome</réponse>
      <anecdote>L'open coursing est la forme la plus sportive et ces courses sont très suivies car dotées de nombreux prix.</anecdote>
    </contenu>
    <contenu id="28">
      <question>Dans quel lieu se reproduisent poissons et batraciens, et par extension les mollusques ?</question>
      <propositions>
        <proposition id="28-1">Une frayère</proposition>
        <proposition id="28-2">Un vivarium</proposition>
        <proposition id="28-3">Une garenne</proposition>
        <proposition id="28-4">Une magnanerie</proposition>
      </propositions>
      <réponse proposition="28-1">Une frayère</réponse>
      <anecdote>C'est donc souvent aussi l'endroit où les femelles déposent leurs ufs afin que les mâles les recouvrent de semence.</anecdote>
    </contenu>
    <contenu id="29">
      <question>Dans quel lieu d'exploitation pratique-t-on l'élevage du ver à soie ?</question>
      <propositions>
        <proposition id="29-1">Une frayère</proposition>
        <proposition id="29-2">Une magnanerie</proposition>
        <proposition id="29-3">Un vivarium</proposition>
        <proposition id="29-4">Une écloserie</proposition>
      </propositions>
      <réponse proposition="29-2">Une magnanerie</réponse>
      <anecdote>Les femmes employées dans une magnanerie sont appelées magnanarelles ou magnarelles.</anecdote>
    </contenu>
    <contenu id="30">
      <question>Dans quel lieu de l'arène tient-on les taureaux enfermés avant le combat ?</question>
      <propositions>
        <proposition id="30-1">La niche</proposition>
        <proposition id="30-2">La frayère</proposition>
        <proposition id="30-3">Le nichoir</proposition>
        <proposition id="30-4">Le toril</proposition>
      </propositions>
      <réponse proposition="30-4">Le toril</réponse>
      <anecdote>Le toril comme les chiqueros diffèrent du corral qui est un ensemble de cours communiquant entre elles par des portes.</anecdote>
    </contenu>
  </expert>
</quizz>