<?xml version="1.0" encoding="UTF-8" standalone="yes" ?>
<quizz fournisseur="OpenQuizzDB : Fournisseur de contenu libre"
       url="http://www.openquizzdb.org"
       rédacteur="Philippe Bresoux"
       thème="Les cheveux"
       difficulté="2">
  <débutant>
    <contenu id="1">
      <question>Chez qui faut-il se rendre pour se faire couper les cheveux ?</question>
      <propositions>
        <proposition id="1-1">Un toiletteur</proposition>
        <proposition id="1-2">Un barbier</proposition>
        <proposition id="1-3">Un liftier</proposition>
        <proposition id="1-4">Un coiffeur</proposition>
      </propositions>
      <réponse proposition="1-4">Un coiffeur</réponse>
      <anecdote>Le coiffeur travaille dans un salon de coiffure ou intervient à domicile afin de couper et entretenir les cheveux de ses clients.</anecdote>
    </contenu>
    <contenu id="2">
      <question>Comment se présentent naturellement les cheveux des africains ?</question>
      <propositions>
        <proposition id="2-1">Lisses</proposition>
        <proposition id="2-2">Frisés</proposition>
        <proposition id="2-3">Crépus</proposition>
        <proposition id="2-4">Fourchus</proposition>
      </propositions>
      <réponse proposition="2-3">Crépus</réponse>
      <anecdote>Un follicule elliptique et pas du tout perpendiculaire à la surface (comme couché sous la peau) produira un cheveu crépu.</anecdote>
    </contenu>
    <contenu id="3">
      <question>Quel insecte parasite de l'homme peut-on retrouver dans nos cheveux ?</question>
      <propositions>
        <proposition id="3-1">La punaise</proposition>
        <proposition id="3-2">La teigne</proposition>
        <proposition id="3-3">La mite</proposition>
        <proposition id="3-4">Le pou</proposition>
      </propositions>
      <réponse proposition="3-4">Le pou</réponse>
      <anecdote>Pour les zoologistes, les quelque 500 espèces décrites d'anoploures sont aussi collectivement des « poux », dans un sens plus large.</anecdote>
    </contenu>
    <contenu id="4">
      <question>Lequel de ces termes n'est généralement pas associé aux cheveux ?</question>
      <propositions>
        <proposition id="4-1">Crêpés</proposition>
        <proposition id="4-2">Ridés</proposition>
        <proposition id="4-3">Tressés</proposition>
        <proposition id="4-4">Bouclés</proposition>
      </propositions>
      <réponse proposition="4-2">Ridés</réponse>
      <anecdote>Selon certains scientifiques, les différents types de chevelures résulteraient d'une adaptation aux climats régionaux.</anecdote>
    </contenu>
    <contenu id="5">
      <question>Quelle coiffure de faux cheveux peut être portée sur la tête ?</question>
      <propositions>
        <proposition id="5-1">Une toque</proposition>
        <proposition id="5-2">Une perruque</proposition>
        <proposition id="5-3">Une mitre</proposition>
        <proposition id="5-4">Une calotte</proposition>
      </propositions>
      <réponse proposition="5-2">Une perruque</réponse>
      <anecdote>Une « perruque à fenêtre » est une perruque où sont aménagées des ouvertures pour laisser passer les vrais cheveux.</anecdote>
    </contenu>
    <contenu id="6">
      <question>En combien de parties peut-on « couper les cheveux » dans une célèbre expression ?</question>
      <propositions>
        <proposition id="6-1">En six</proposition>
        <proposition id="6-2">En deux</proposition>
        <proposition id="6-3">En huit</proposition>
        <proposition id="6-4">En quatre</proposition>
      </propositions>
      <réponse proposition="6-4">En quatre</réponse>
      <anecdote>Parmi les expressions liées aux cheveux, on parle de « couper un cheveu en quatre » lorsque l'on a le souci du détail.</anecdote>
    </contenu>
    <contenu id="7">
      <question>Lorsque vous vous faites du soucis, vous risquez de vous faire des cheveux...</question>
      <propositions>
        <proposition id="7-1">Jaunes</proposition>
        <proposition id="7-2">Rouges</proposition>
        <proposition id="7-3">Verts</proposition>
        <proposition id="7-4">Blancs</proposition>
      </propositions>
      <réponse proposition="7-4">Blancs</réponse>
      <anecdote>La toute première coupe de cheveux était chez certaines ethnies l'occasion de fêtes et rituels complexes.</anecdote>
    </contenu>
    <contenu id="8">
      <question>Quel élément décoratif est généralement utilisé sur les sapins de Noël ?</question>
      <propositions>
        <proposition id="8-1">Cheveux de lions</proposition>
        <proposition id="8-2">Cheveux d'anges</proposition>
        <proposition id="8-3">Cheveux de rennes</proposition>
        <proposition id="8-4">Cheveux d'ânes</proposition>
      </propositions>
      <réponse proposition="8-2">Cheveux d'anges</réponse>
      <anecdote>La crèche de Noël, souvent associée, n'est pas un accessoire du sapin, elle est simplement concomitante.</anecdote>
    </contenu>
    <contenu id="9">
      <question>Comment appelle-t-on l'art d'arranger les cheveux, éventuellement de modifier leur aspect extérieur ?</question>
      <propositions>
        <proposition id="9-1">Le nail art</proposition>
        <proposition id="9-2">La manucure</proposition>
        <proposition id="9-3">Le peeling</proposition>
        <proposition id="9-4">La coiffure</proposition>
      </propositions>
      <réponse proposition="9-4">La coiffure</réponse>
      <anecdote>Un rapide descriptif des coiffures permet de cerner leur richesse ainsi que leur fonction sociale.</anecdote>
    </contenu>
    <contenu id="10">
      <question>Quelle était la coupe de cheveux des premiers rockers ?</question>
      <propositions>
        <proposition id="10-1">La banane</proposition>
        <proposition id="10-2">La pomme</proposition>
        <proposition id="10-3">La poire</proposition>
        <proposition id="10-4">La pêche</proposition>
      </propositions>
      <réponse proposition="10-1">La banane</réponse>
      <anecdote>Une mèche gardée longue sur le dessus de la tête, roulée et maintenue par de la gomina, dessine une protubérance cylindrique.</anecdote>
    </contenu>
  </débutant>
  <confirmé>
    <contenu id="11">
      <question>Comment appelle-t-on la partie non visible et vivante du cheveu ?</question>
      <propositions>
        <proposition id="11-1">La racine</proposition>
        <proposition id="11-2">La tige</proposition>
        <proposition id="11-3">Le follicule</proposition>
        <proposition id="11-4">La pointe</proposition>
      </propositions>
      <réponse proposition="11-1">La racine</réponse>
      <anecdote>Chez la femme, la durée du cycle de croissance est de quatre à sept ans, contre deux à quatre chez l'homme.</anecdote>
    </contenu>
    <contenu id="12">
      <question>De quelle protéine synthétisée nos cheveux sont-ils composés ?</question>
      <propositions>
        <proposition id="12-1">Collagène</proposition>
        <proposition id="12-2">Kératine</proposition>
        <proposition id="12-3">Spongine</proposition>
        <proposition id="12-4">Plakine</proposition>
      </propositions>
      <réponse proposition="12-2">Kératine</réponse>
      <anecdote>Le cheveu est composé à 95% de cette kératine qui le protège contre les UV, l'eau de mer et d'autres facteurs agressifs.</anecdote>
    </contenu>
    <contenu id="13">
      <question>Quelles parcelles de la couche cornée du cuir chevelu sont généralement blanches ?</question>
      <propositions>
        <proposition id="13-1">Les pellicules</proposition>
        <proposition id="13-2">Les urticaires</proposition>
        <proposition id="13-3">Les urticaires</proposition>
        <proposition id="13-4">Le prurit</proposition>
      </propositions>
      <réponse proposition="13-1">Les pellicules</réponse>
      <anecdote>Les pellicules sont des squames de peau, et plus précisément des cellules superficielles du cuir chevelu ayant desquamé.</anecdote>
    </contenu>
    <contenu id="14">
      <question>Combien de cheveux environ pouvons-nous avoir au maximum sur la tête ?</question>
      <propositions>
        <proposition id="14-1">150 000</proposition>
        <proposition id="14-2">120 000</proposition>
        <proposition id="14-3">60 000</proposition>
        <proposition id="14-4">90 000</proposition>
      </propositions>
      <réponse proposition="14-1">150 000</réponse>
      <anecdote>Les chevelures claires comptent bien souvent plus de cheveux que les chevelures noires ou rousses</anecdote>
    </contenu>
    <contenu id="15">
      <question>Laquelle de ces chevelures compte généralement plus de cheveux que les autres ?</question>
      <propositions>
        <proposition id="15-1">Noire</proposition>
        <proposition id="15-2">Brune</proposition>
        <proposition id="15-3">Rousse</proposition>
        <proposition id="15-4">Claire</proposition>
      </propositions>
      <réponse proposition="15-4">Claire</réponse>
      <anecdote>Selon une théorie pas encore fermement établie, au moins deux paires de gènes contrôleraient la couleur de cheveux humains.</anecdote>
    </contenu>
    <contenu id="16">
      <question>Combien un individu perd-il de cheveux par jour en moyenne ?</question>
      <propositions>
        <proposition id="16-1">200</proposition>
        <proposition id="16-2">150</proposition>
        <proposition id="16-3">100</proposition>
        <proposition id="16-4">50</proposition>
      </propositions>
      <réponse proposition="16-4">50</réponse>
      <anecdote>Les cheveux ne poussent pas continuellement mais selon un rythme cyclique et périodique qui peut varier selon l'individu.</anecdote>
    </contenu>
    <contenu id="17">
      <question>Quelle partie du cheveu est considérée comme biologiquement morte ?</question>
      <propositions>
        <proposition id="17-1">La pointe</proposition>
        <proposition id="17-2">La tige</proposition>
        <proposition id="17-3">La racine</proposition>
        <proposition id="17-4">Le follicule</proposition>
      </propositions>
      <réponse proposition="17-2">La tige</réponse>
      <anecdote>Un cheveu ne tombe que 2 à 3 mois après la mort de la cellule qui le produit (spontanée ou pathologique).</anecdote>
    </contenu>
    <contenu id="18">
      <question>Les cheveux qui tombent repoussent environ combien de fois dans une vie ?</question>
      <propositions>
        <proposition id="18-1">45</proposition>
        <proposition id="18-2">15</proposition>
        <proposition id="18-3">25</proposition>
        <proposition id="18-4">35</proposition>
      </propositions>
      <réponse proposition="18-3">25</réponse>
      <anecdote>Lorsqu'un nombre supérieur à 125 cheveux par jour est perdu (au lieu de 5 à 100 en moyenne), il y a un problème.</anecdote>
    </contenu>
    <contenu id="19">
      <question>Complétez cette expression liée aux cheveux : « Comme un cheveu sur... »</question>
      <propositions>
        <proposition id="19-1">La soupe</proposition>
        <proposition id="19-2">La paille</proposition>
        <proposition id="19-3">La neige</proposition>
        <proposition id="19-4">La boue</proposition>
      </propositions>
      <réponse proposition="19-1">La soupe</réponse>
      <anecdote>Si la soupe désigne de la nourriture, le « cheveu qui arrive dessus » ne connote pas ici quelque chose de sale, mais plutôt d'inopportun.</anecdote>
    </contenu>
    <contenu id="20">
      <question>Où avez-vous un cheveu si vous zozotez et rencontrez donc une gêne ?</question>
      <propositions>
        <proposition id="20-1">Dans la main</proposition>
        <proposition id="20-2">Sur le front</proposition>
        <proposition id="20-3">Sous les pieds</proposition>
        <proposition id="20-4">Sur la langue</proposition>
      </propositions>
      <réponse proposition="20-4">Sur la langue</réponse>
      <anecdote>Désignant un trouble de l'articulation, l'époque précise de l'apparition de cette expression est inconnue.</anecdote>
    </contenu>
  </confirmé>
  <expert>
    <contenu id="21">
      <question>Par combien de cycles différents la croissance du cheveu s'effectue-t-elle ?</question>
      <propositions>
        <proposition id="21-1">3</proposition>
        <proposition id="21-2">2</proposition>
        <proposition id="21-3">5</proposition>
        <proposition id="21-4">4</proposition>
      </propositions>
      <réponse proposition="21-4">4</réponse>
      <anecdote>Les premiers cycles commencent dès le cinquième mois et demi de la vie ftale et se poursuivent toute la vie.</anecdote>
    </contenu>
    <contenu id="22">
      <question>Quel personnage biblique cachait sa force sous la longueur de ses cheveux ?</question>
      <propositions>
        <proposition id="22-1">Eli</proposition>
        <proposition id="22-2">Samson</proposition>
        <proposition id="22-3">Thola</proposition>
        <proposition id="22-4">Samgar</proposition>
      </propositions>
      <réponse proposition="22-2">Samson</réponse>
      <anecdote>Selon le récit biblique, Samson doit sa force cachée sous la longueur de ses cheveux à la promesse de Dieu faite à sa mère.</anecdote>
    </contenu>
    <contenu id="23">
      <question>Quelle pratique guerrière consiste à arracher le cuir chevelu de son adversaire ?</question>
      <propositions>
        <proposition id="23-1">La dissection</proposition>
        <proposition id="23-2">Le canthus</proposition>
        <proposition id="23-3">La vivisection</proposition>
        <proposition id="23-4">Le scalp</proposition>
      </propositions>
      <réponse proposition="23-4">Le scalp</réponse>
      <anecdote>Le scalp est ainsi souvent conservé comme trophée de guerre pour témoigner du nombre d'adversaires vaincus.</anecdote>
    </contenu>
    <contenu id="24">
      <question>Comment appelle-t-on une longue mèche de cheveux située au milieu de la nuque ?</question>
      <propositions>
        <proposition id="24-1">Queue de castor</proposition>
        <proposition id="24-2">Queue de charrue</proposition>
        <proposition id="24-3">Queue de rat</proposition>
        <proposition id="24-4">Queue de serpent</proposition>
      </propositions>
      <réponse proposition="24-3">Queue de rat</réponse>
      <anecdote>Les queues de rat portées par les femmes sont souvent fines et longues et commencent au niveau de la nuque.</anecdote>
    </contenu>
    <contenu id="25">
      <question>Quelle est la partie la plus longue du cycle pilaire, durant de deux à cinq ans ?</question>
      <propositions>
        <proposition id="25-1">Catagène</proposition>
        <proposition id="25-2">Anxiogène</proposition>
        <proposition id="25-3">Anagène</proposition>
        <proposition id="25-4">Télogène</proposition>
      </propositions>
      <réponse proposition="25-3">Anagène</réponse>
      <anecdote>Les phases de croissance (phase anagène), de régression (phase catagène) et de repos (phase télogène) se succèdent.</anecdote>
    </contenu>
    <contenu id="26">
      <question>Durant quelle phase de repos le cheveu cesse-t-il dévoluer ?</question>
      <propositions>
        <proposition id="26-1">Anagène</proposition>
        <proposition id="26-2">Patogène</proposition>
        <proposition id="26-3">Télogène</proposition>
        <proposition id="26-4">Catagène</proposition>
      </propositions>
      <réponse proposition="26-4">Catagène</réponse>
      <anecdote>La phase catagène dure environ trois semaines, ce qui est considérablement peu par rapport à la phase précédente.</anecdote>
    </contenu>
    <contenu id="27">
      <question>En dermatologie, quel terme désigne l'accélération de la chute des cheveux ou des poils ?</question>
      <propositions>
        <proposition id="27-1">Hirsutisme</proposition>
        <proposition id="27-2">Monilethrix</proposition>
        <proposition id="27-3">Piébaldisme</proposition>
        <proposition id="27-4">Alopécie</proposition>
      </propositions>
      <réponse proposition="27-4">Alopécie</réponse>
      <anecdote>De l'Antiquité à nos jours, les hommes ont recouru à divers subterfuges pour camoufler leur crâne dégarni.</anecdote>
    </contenu>
    <contenu id="28">
      <question>Quelle est la longueur moyenne de nos cheveux mis bout à bout en une vie ?</question>
      <propositions>
        <proposition id="28-1">600 km</proposition>
        <proposition id="28-2">800 km</proposition>
        <proposition id="28-3">400 km</proposition>
        <proposition id="28-4">1 000 km</proposition>
      </propositions>
      <réponse proposition="28-4">1 000 km</réponse>
      <anecdote>La vitesse de croissance des cheveux varie selon l'âge et les saisons mais également avec une composante héréditaire.</anecdote>
    </contenu>
    <contenu id="29">
      <question>Quel terme relate le blanchissement des cheveux qui survient au cours de l'existence ?</question>
      <propositions>
        <proposition id="29-1">Ostéopénie</proposition>
        <proposition id="29-2">Canitie</proposition>
        <proposition id="29-3">Gériatrie</proposition>
        <proposition id="29-4">Sarcopénie</proposition>
      </propositions>
      <réponse proposition="29-2">Canitie</réponse>
      <anecdote>Il existe des canities totales ou partielles précoces, pouvant survenir dès ladolescence, et des canities dorigine pathologique.</anecdote>
    </contenu>
    <contenu id="30">
      <question>Quelles roches volcaniques sont issues d'une gouttelette de lave très fluide ?</question>
      <propositions>
        <proposition id="30-1">Cheveux de Pélé</proposition>
        <proposition id="30-2">Cheveux de Sider</proposition>
        <proposition id="30-3">Cheveux de Limu</proposition>
        <proposition id="30-4">Cheveux de Ponce</proposition>
      </propositions>
      <réponse proposition="30-1">Cheveux de Pélé</réponse>
      <anecdote>Ce type d'obsidienne tire son nom de Pélé, la déesse hawaïenne du feu et des volcans.</anecdote>
    </contenu>
  </expert>
</quizz>